S no:,Brand,Laminate code,Colour,Laminate thickness,Laminate Price,Laminate Photo,Comments
1,Century,5836 SL,Vintage Stone,2,2175,https://drive.google.com/file/d/1s1H4EDGpNd7Zl29EuIE5hYYfzzJSnSQi/view?usp=drive_link,Premium
2,Century,3284 SU,Smoke Green,2,,https://drive.google.com/file/d/1qYAZiL8BdoEyt0o2Ugz6v-0hd7HLa1R6/view?usp=drive_link,
3,Century,3238 SU,Silica Grey,2,,https://drive.google.com/file/d/1n3ERM_LV5Bng9SJYcOF9yn4GYDrxQAIi/view?usp=drive_link,
4,Century,5848 SL,Saturno Marble,2,2175,https://drive.google.com/file/d/15NOtMsC5QTJR3WSqcl1Prk9J5hM03nkT/view?usp=drive_link,Premium
5,Century,3852 SL,Sagrada Marble,2,2175,https://drive.google.com/file/d/11t4skVGxuKf0TSupYFYdhmNlu3cYBUMT/view?usp=drive_link,
6,Century,5837 SL,Rustic Stone,2,2175,https://drive.google.com/file/d/1Xm-dksjHFpuwlg_HsJ5YXwwQRl0C3xT9/view?usp=drive_link,
7,Century,5846 SL,Royal Marble,2,2175,https://drive.google.com/file/d/1A2u3szLwNlA9osFU7nRyVTNEFPN4I271/view?usp=drive_link,
8,Century,152 SU,Rose Pink,2,,https://drive.google.com/file/d/1CDS22Y7foOXNVpLnrOfx_fofZWdHZXNf/view?usp=drive_link,
9,Century,153 SU,Punch,2,,https://drive.google.com/file/d/1eDPE-gZeVbAyHoGzhpqje7ASsA3Y2zST/view?usp=drive_link,
10,Century,276 SU,Pista Green,2,,https://drive.google.com/file/d/1t1hlL9dIXvoQYCExiiINt40PTL0CZwYg/view?usp=drive_link,
11,Century,255 SU,Phiroja Blue,2,,https://drive.google.com/file/d/1optX4KrOoRPMiMNCEHwNHHP2CepN4ES4/view?usp=drive_link,
12,Century,131 SU,Pebble Ivory,2,,https://drive.google.com/file/d/1WNvUIE0ZVbf87bBis7K62Lfpji5NKGxe/view?usp=drive_link,
13,Century,5891 SL,Onyx,2,2175,https://drive.google.com/file/d/1pBhOBRZ_fyXIivCrmCicx47bYmvBOv68/view?usp=drive_link,
14,Century,5845 SL,Moonlight Marble,2,2175,https://drive.google.com/file/d/1AqAV3opmW1fuwcHRraXPyOjT0NaL6gMa/view?usp=drive_link,
15,Century,263 SU,Misty Lavender,2,,https://drive.google.com/file/d/1WgxnS8DnHanzaXdN7WqIL741dp_l9CzN/view?usp=drive_link,
16,Century,269 SU,Lupine,2,,https://drive.google.com/file/d/1NhyOMVGLQQZgm5tOaHmT50kQcA_6Dqm6/view?usp=drive_link,
17,Century,161 SU,Light Beige,2,,https://drive.google.com/file/d/18Zy0N3UtJO0gwbyRqOUi50gZt7889glH/view?usp=drive_link,
18,Century,5881 SL,Khabi Tiles,2,2175,https://drive.google.com/file/d/1QLizRxHHfY11lrHqbGt0MKOiweJ9lT2F/view?usp=drive_link,
19,Century,3853 SL,Gothic Marble,2,2175,https://drive.google.com/file/d/1RW3dY3Vno3ahv6NfAiot6akCMLu8J79q/view?usp=drive_link,
20,Century,224 SU,Gothic Grey,2,,https://drive.google.com/file/d/1ZWmTC5S4ClKmQHedjLbIjzsoRo9I1uGn/view?usp=drive_link,
21,Century,3246 SU,Flint,2,,https://drive.google.com/file/d/1lnxbD_1-wXBpEZ0MGFXemMODbqYeq6fz/view?usp=drive_link,
22,Century,288 SU,Dream Green,2,,https://drive.google.com/file/d/1RWdNDy5-Q4n7oJcOYcTSsxgrlWEM18nO/view?usp=drive_link,
23,Century,168 SU,Brazilian Sand,2,,https://drive.google.com/file/d/1_BEsiE7m7y7RzJ5LaX4To8BXezCu21Ph/view?usp=drive_link,
24,Century,3836 SL,Bark Stone,2,2175,https://drive.google.com/file/d/1fSlj7Xt3pl2Ln5vFuckuLPvtWUaOgwpv/view?usp=drive_link,
25,Century,3245 SU,Arctic Blue,2,,https://drive.google.com/file/d/1jB_XCDo0sxLzkp5fEkLvVR9XW-Kx6nnl/view?usp=drive_link,
26,Century,146 SU,Almond Pink,2,,https://drive.google.com/file/d/1fUoUz2nGJNlou2Zgqm4u3eZvaGswg1lw/view?usp=drive_link,
27,Century,228 SU,Allu Grey,2,,https://drive.google.com/file/d/1PCTbMrTxS2hGUovLAS4R96aaX-t2sYwx/view?usp=drive_link,
28,Century,127 SU,Almond Ivory,2,,https://drive.google.com/file/d/1xdEXXxWSejOPRFGeXMTFs7Bcb7U5nNT9/view?usp=drive_link,
29,Century,266 SU,Antique Violet,2,,https://drive.google.com/file/d/1V_pc6zfE5RBzKzFZ3F0qzpvgxn6weAUh/view?usp=drive_link,
30,Century,163 SU,Beige,2,,https://drive.google.com/file/d/1hQQ3d_mCMZOE12HRggf_uXdxW3izqzjS/view?usp=drive_link,
31,Century,293 SU,Black,2,,https://drive.google.com/file/d/1FYmAQZJgfSi1TR_RWLgSkc3uBT_NElaI/view?usp=drive_link,
32,Century,194 GL,Blood Red,2,,https://drive.google.com/file/d/12VtS885obIjWxgEnRSwR5R36knlulhGH/view?usp=drive_link,
33,Century,245 SU,Blue,2,,https://drive.google.com/file/d/1-7UXdrEfcoXdnfrq5wQMvwPKPwc_4Y5b/view?usp=drive_link,
34,Century,3241 SU,Blue Blush,2,,https://drive.google.com/file/d/1iewGjJqnUvJOXoRtJEFJK4WxC8I8tcOh/view?usp=drive_link,
35,Century,234 SU,Bluish Grey,2,,https://drive.google.com/file/d/1KgPD8obW-VhHs6yUuu6yR3TlYeBoLa6A/view?usp=drive_link,
36,Century,178 SU,Camel,2,,https://drive.google.com/file/d/1JPGQZ13dcn5th3hlT7ccy6qbSZuNNfWG/view?usp=drive_link,
37,Century,157 SU,Ceramic,2,,https://drive.google.com/file/d/16KRiMje4cI4Q--clIhWfmpfudtUgnCPL/view?usp=drive_link,
38,Century,174 SU,Chocolate,2,,https://drive.google.com/file/d/1kuDWfowht9sIuInFpTfcCeZJDpAs0qWq/view?usp=drive_link,
39,Century,217 SU,Classic Orange,2,,https://drive.google.com/file/d/1Sa5zbuRvSmzuP2lh3nhrdFbFAOR_yqpL/view?usp=drive_link,
40,Century,3142 SU,Classy Wine,2,,https://drive.google.com/file/d/1KIXJ9RaQCeNkG79Und0JeDWyJKfHMqut/view?usp=drive_link,
41,Century,3233 SU,Concrete Grey,2,,https://drive.google.com/file/d/1DHXylO_IDC6gC8-Y7Kc0nSiuS9d6S4R5/view?usp=drive_link,
42,Century,90196 SU,Coral,2,,https://drive.google.com/file/d/1di8BB9flx8PyJsElQqe5v6RisdHmKxkz/view?usp=drive_link,
43,Century,265 SU,Darkish Purple,2,,https://drive.google.com/file/d/1LMMwbG7UPFDNHPUmDqgSoTPhRFkPabdx/view?usp=drive_link,
44,Century,259 SU,Dawn Blue,2,,https://drive.google.com/file/d/1NuDxZr904TnQC1hkAamKUkd_l-zcRcGj/view?usp=drive_link,
45,Century,177 SU,Deep Bronze,2,,https://drive.google.com/file/d/1Yt4yJR0KPAKHREHg-RU3OwVEnnFncKMe/view?usp=drive_link,
46,Century,274 SU,Desert Green,2,,https://drive.google.com/file/d/1ZIawQsZmmIw2UOAPyTq7_FVSbWsPHByJ/view?usp=drive_link,
47,Century,109 SU,Designer White,2,,https://drive.google.com/file/d/1SQRjwuLRyiHBVJz5bePx_CA34p1P_BIH/view?usp=drive_link,
48,Century,159 SU,Dusk Purple,2,,https://drive.google.com/file/d/1aGaNRAOsAExiTjMnFAj8YI7sd8S8JFuM/view?usp=drive_link,
49,Century,3285 SU,Emerald Green,2,,https://drive.google.com/file/d/19GwwhWySR9PRzhoK05lHnD6PDb7bs1Ae/view?usp=drive_link,
50,Century,209 SU,Equinox Yellow,2,,https://drive.google.com/file/d/1CSTfbkFZ1cE7NwPjl0P3roJw5Dbb7Jg8/view?usp=drive_link,
51,Century,208 SU,Glaze Yellow,2,,https://drive.google.com/file/d/1QsDsw9n5EiY90Y-aunVSnXICcQkN7Xm3/view?usp=drive_link,
52,Century,238 SU,Graphite Grey,2,,https://drive.google.com/file/d/1lh0XVu2nc6HxSFQm-R0xqitKv9p3-WqS/view?usp=drive_link,
53,Century,231 SU,Grey,2,,https://drive.google.com/file/d/1oitzI0_FC5XYiZ9Ukw5uKJoMvWviZdxG/view?usp=drive_link,
54,Century,287 SU,Hawaiian Green,2,,https://drive.google.com/file/d/1qHVza9H0-rdWtFvG7Du17I2I65CPzExr/view?usp=drive_link,
55,Century,90155 SU,Hot Pink,2,,https://drive.google.com/file/d/1u5hyULBty_G1Z60b0my6kNusacktgMg_/view?usp=drive_link,
56,Century,121 SU,Ivory,2,,https://drive.google.com/file/d/19-x7TlW72DP6hTEfCxaa7YgXsd5ix-5k/view?usp=drive_link,
57,Century,261 SU,Lavender,2,,https://drive.google.com/file/d/1HRBkZDTCBn5WdfHKnXDIMbc9sD5gOv6V/view?usp=drive_link,
58,Century,171 SU,Light Brown,2,,https://drive.google.com/file/d/1doh-NBz2AzC6Wnk6KDve19BUhlJWZNuG/view?usp=drive_link,
59,Century,221 SU,Light Grey,2,,https://drive.google.com/file/d/1QoFdwlEQsYL_nCqiyd1xqqcre7gNBqpp/view?usp=drive_link,
60,Century,212 SU,Light Orange,2,,https://drive.google.com/file/d/12tjwna6AzolEOcl5P15Y33U5aj399lsp/view?usp=drive_link,
61,Century,275 SU,Lime Green,2,,https://drive.google.com/file/d/1QZzB94ROt2ipvBH18NrRiW4OY3Df73Vm/view?usp=drive_link,
62,Century,172 SU,Maddy Mushroom,2,,https://drive.google.com/file/d/1VpIzXGlt-S5dDGN5vOkvY4o5r29VOP3o/view?usp=drive_link,
63,Century,227 SU,Moon Grey,2,,https://drive.google.com/file/d/1xNd3fNxKZ4Vt5Sk0KByHP8QPBFEYwRGN/view?usp=drive_link,
64,Century,3171 SU,Mudpie,2,,https://drive.google.com/file/d/1qGEOr-1vl5GJv7Q9MSHo7XgeKIDKzmfB/view?usp=drive_link,
65,Century,125 SU,Mysore Ivory,2,,https://drive.google.com/file/d/1TfxIWoZIMXlq5jqadQYmesz9k5q9Sxie/view?usp=drive_link,
66,Century,249 SU,Navy Blue,2,,https://drive.google.com/file/d/1IfqE66L9vkbGIi5hPBrDfLApQcLObf9h/view?usp=drive_link,
67,Century,108 SU,Off White,2,,https://drive.google.com/file/d/1vDMsuWWfBDjQsY5j-ck8Hp8plmewr61R/view?usp=drive_link,
68,Century,3271 SU,Olive Green,2,,https://drive.google.com/file/d/1cf6-jJupQZqRvZtpG73hns4YCYvhUxXp/view?usp=drive_link,
69,Century,3244 SU,Pastel Blue,2,,https://drive.google.com/file/d/1zqvYca8zrMSvXcXeiFBp12Sdzt1c6OSz/view?usp=drive_link,
70,Century,151 SU,Peach Pink,2,,https://drive.google.com/file/d/1rB8Ck8THq-8HT-XdcbnmwgukmEnFcY_O/view?usp=drive_link,
71,Century,267 SU,Purple,2,,https://drive.google.com/file/d/1LB5wCQH3CLNRYmWQsuPfWfCkZqya9bU8/view?usp=drive_link,
72,Century,247 SU,Royal Blue,2,,https://drive.google.com/file/d/1Ry-McRLlp-e_Y0yicQCsRRCmVHvpmAXO/view?usp=drive_link,
73,Century,241 SU,Satin Blue,2,,https://drive.google.com/file/d/1tTDOyHNBHjfPPj3FO7wfsz-C4uaKa-vz/view?usp=drive_link,
74,Century,3282 SU,Seafoam Green,2,,https://drive.google.com/file/d/1fiTWQvp6X-1WQ35BeG9x6t76zH21VyzG/view?usp=drive_link,
75,Century,3252 SU,Shore Blue,2,,https://drive.google.com/file/d/19R1z84lYshYAKMaLKfEN5xb3qhcinC2m/view?usp=drive_link,
76,Century,225 SU,Silver Grey,2,,https://drive.google.com/file/d/1NKyXbVOUba-Eh9vQjcHKCVb4faDDK_n_/view?usp=drive_link,
77,Century,243 SU,Sky Blue,2,,https://drive.google.com/file/d/1pcOcuKQhXDe5Uxe05c3d9uzD0BYx3wEJ/view?usp=drive_link,
78,Century,236 SU,Slate Grey,2,,https://drive.google.com/file/d/1ASjnbgu3UkEv8r3GDdyB5x7GkDAzMDN2/view?usp=drive_link,
79,Century,107 SU,Snow White,2,,https://drive.google.com/file/d/1Gsm1ncUX--z04y3AnnwkYIfh9hTJTpOS/view?usp=drive_link,
80,Century,281 SU,Steel Green Chalk Board,2,1280,https://drive.google.com/file/d/1deXo530nfGRPEWIv6hgZsqk-XKe_c5Rl/view?usp=drive_link,
81,Century,206 SU,Sun Bloom,2,,https://drive.google.com/file/d/1xcchs2HhXyX9JsB4IAuLMRO-RVv47SwD/view?usp=drive_link,
82,Century,257 SU,Swiss Blue,2,,https://drive.google.com/file/d/1BFofCVzpmu2iQRQAJqDDbjgLkB9DKVKn/view?usp=drive_link,
83,Century,158 SU,Taupe,2,,https://drive.google.com/file/d/1HaQESKsCOvAiNEfuPyBd0mZ1zUfD23qY/view?usp=drive_link,
84,Century,3272 SU,Teal,2,,https://drive.google.com/file/d/1HaQESKsCOvAiNEfuPyBd0mZ1zUfD23qY/view?usp=drive_link,
85,Century,254 SU,Thistle Blue,2,,https://drive.google.com/file/d/1iAB2wp9V6S2Hd1LxgDb52Zy_Iam5QMy2/view?usp=drive_link,
86,Century,3281 SU,Traffic Green,2,,https://drive.google.com/file/d/1I3axwd00l_GZl8rGl_lGKTIGLnfEtcGj/view?usp=drive_link,
87,Century,164 SU,Twilight Beige,2,,https://drive.google.com/file/d/18lQ5yDLbm3pv4L_XQXxmLHKI1xn-bxgo/view?usp=drive_link,
88,Century,181 SU,Vintage Burgundy,2,,https://drive.google.com/file/d/1ltnYgkAZSifr9LnhkImVySdmOFBXs8ZM/view?usp=drive_link,
89,Century,226 SU,Warm Grey,2,,https://drive.google.com/file/d/1WERQUUdj2LTG9j4K_0Y-0cMoaY0JxR3I/view?usp=drive_link,
90,Century,101 SU,White,2,,https://drive.google.com/file/d/1lW1KkKsVyL7FTbZaBrejx9ShfBhLjEpU/view?usp=drive_link,
91,Century,101 MG,White,2,,https://drive.google.com/file/d/1YGrVAC0higTVMUvNvR2AcXZeTxmgRe4_/view?usp=drive_link,
92,Century,101 MT,White,2,3165,https://drive.google.com/file/d/1SpbsN7YRa0wSqU4_ccmlP-ybmLVyYJuX/view?usp=drive_link,
93,Century,108 MT,Off White,2,3165,https://drive.google.com/file/d/1okG_Un3ibCz18g0QyIyXpFpeivK4SlZ7/view?usp=drive_link,
94,Century,111 GL,Frosty White,2,3165,https://drive.google.com/file/d/1jFkSKBzd7DoxS40V-Cpez_NyCrjeOMdd/view?usp=drive_link,
95,Century,111 MT,Frosty White,2,3165,https://drive.google.com/file/d/19hb_5g9haMRxY0u9pqbYb6AZ89PApuiV/view?usp=drive_link,
96,Century,111 SU,Frosty White,2,,https://drive.google.com/file/d/1uWTgs_UFWAYwmLcDGbFuEZ3tqng_VDa8/view?usp=drive_link,
97,Century,3962 LU,Almon Mahogany,2,2488,https://drive.google.com/file/d/1XMMzlVSESBkocVaIrraffLzoyaa-_3p-/view?usp=drive_link,
98,Century,127 LU,Almond Ivory,2,2388,https://drive.google.com/file/d/1XxWGmp0sMts_6n7MjoEBtqMk_IcP8QkW/view?usp=drive_link,
99,Century,266 AFP,Antique Violet,2,5100,https://drive.google.com/file/d/1oU-gagQU994uOPq7OoZzbHjD4b74ZFdl/view?usp=drive_link,
100,Century,3245 AFP,Arctic Blue,2,5100,https://drive.google.com/file/d/1mqovTBPXgBOse15jEfA1SQ7ZFSZJOSuy/view?usp=drive_link,
101,Century,3245 LV,Arctic Blue,2,2365,https://drive.google.com/file/d/1BpPQoLt1FMbp7hHsOTicMiyXjQT_CqB6/view?usp=drive_link,
102,Century,3245 RA,Arctic Blue,2,2175,https://drive.google.com/file/d/19Rl3fkauKEns77POXN049ZTXNItYHGd0/view?usp=drive_link,
103,Century,3245 SO,Arctic Blue,2,2175,https://drive.google.com/file/d/1mmYFMGfGzOxxEorJU_X3ng0bfjmZfWPW/view?usp=drive_link,
104,Century,3836 SL,Bark Stone,2,2175,https://drive.google.com/file/d/1VuZ-BXjMhLw9AWCQDDkKICJ2auRsccJh/view?usp=drive_link,
105,Century,163 SO,Beige,2,2175,https://drive.google.com/file/d/1svGHJvQYxJoTuwo01US3SwQ6uxm6Iz0L/view?usp=drive_link,
106,Century,293 AFP,Black,2,5100,https://drive.google.com/file/d/1VSjh8rKI637c4bZU5W33S7GpTx3piyke/view?usp=drive_link,
107,Century,293 GC,Black,2,2365,https://drive.google.com/file/d/1vKXYRsjN6WmGgaX25kIfepv3oubA27Hy/view?usp=drive_link,
108,Century,293 LV,Black,2,2365,https://drive.google.com/file/d/1Sj-QDYKZT-pD8gD1Yry5_LLZlNZnI2-c/view?usp=drive_link,
109,Century,293 RA,Black,2,2175,https://drive.google.com/file/d/1RUgkXBVR9VbzqnNNN6ilrkscJPmyP3FE/view?usp=drive_link,
110,Century,293 SO,Black,2,2175,https://drive.google.com/file/d/1HoXCv2W1vZNjYaFl1knYhzc6vvEPZe1k/view?usp=drive_link,
111,Century,168 AFP,Brazilian Sand,2,5100,https://drive.google.com/file/d/1HgMnEW4qzoPhA2GhVNtnF-U5wmFQQ_DJ/view?usp=drive_link,
112,Century,168 GC,Brazilian Sand,2,2365, https://drive.google.com/file/d/1Fi2CzDTEW4fIhlp9P88_y8h_RVP6sHPH/view?usp=drive_link,
113,Century,168 LV,Brazilian Sand,2,2365,https://drive.google.com/file/d/1sA_gkZYHUW9OvMRx4eQuC9iA-FDBs5cn/view?usp=drive_link,
114,Century,168 RA,Brazilian Sand,2,2175,https://drive.google.com/file/d/1AWkEKY6NI1S3y1CesiH_hPI00m_of0mm/view?usp=drive_link,
115,Century,4941 LU,Cairo Triangle,2,2488,https://drive.google.com/file/d/1AmrO_cwZkMkl0h5BPnrzb_IiJWiEI5k0/view?usp=drive_link,
116,Century,4389 LU,Cezamme'S Oak,2,2388,https://drive.google.com/file/d/1ueEnVJ61ThQg-s8Ro80FOuqDqRcUhsh4/view?usp=drive_link,
117,Century,704 LU,Chene,2,2388,https://drive.google.com/file/d/1zYVydzUqkisofHd2mJSqC0JCE1AoVg-L/view?usp=drive_link,
118,Century,2591 NP,Chikhali Ash,2,2570,https://drive.google.com/file/d/1v0Bdsg5SHbvXRLxX0nB2MoFDjTqQ14q3/view?usp=drive_link,
119,Century,2386 NP,Chikhali Oak,2,2570,https://drive.google.com/file/d/1vrtknMDKtvPWwC4eFLZyN0aGxhu_AP7E/view?usp=drive_link,
120,Century,2416 NP,Chikhali Walnut,2,2570,https://drive.google.com/file/d/1mcxV4HrQSyi90iIUb-Hfs9x50b-4Gt7M/view?usp=drive_link,
121,Century,3142 GC,Classy Wine,2,2365,https://drive.google.com/file/d/1Rj-bi1xJDn2c98hWEd1SrsydBApfDZyD/view?usp=drive_link,
122,Century,3142 LU,Classy Wine,2,2388,https://drive.google.com/file/d/1RfCYxMxW0XluPvLrwBKiomQl5bKM21Sl/view?usp=drive_link,
123,Century,3142 RA,Classy Wine,2,2175,https://drive.google.com/file/d/11EEMxiIPlwC5s3mW0ZIjRWqanj6YNG0-/view?usp=drive_link,
124,Century,3965 LU,Copper Eiche,2,2488,https://drive.google.com/file/d/1l8yjhLZTBcKHVhJUWa9bLSGpxAIePe-h/view?usp=drive_link,
125,Century,3928 LU,Copper Glacier,2,2488,https://drive.google.com/file/d/1HIJvh_u4orPk55NBRazjU9hPkoKrrOtj/view?usp=drive_link,
126,Century,5933 LU,Copper Metawood,2,2488,https://drive.google.com/file/d/14jXuNgRTrVkJHJNhlTmDhNPnA4iNUtbx/view?usp=drive_link,
127,Century,689 LU,Cordia Zericote,2,2388,https://drive.google.com/file/d/1KddYZTgvNjgtUWM5OUFu_LHWng5v3sXj/view?usp=drive_link,
128,Century,3964 LU,Cream Eiche,2,2488,https://drive.google.com/file/d/1fJ1H1Po2Oosiqu8esVzth87EEWD_sRQg/view?usp=drive_link,
129,Century,3285 GC,Emerald Green,2,2365,https://drive.google.com/file/d/12eEu-xyN6hRj-0iuUGIb8J2d0EHluFo9/view?usp=drive_link,
130,Century,3921 LU,Esperanto,2,2488,https://drive.google.com/file/d/1AqcAQgwv3sPo_E-dQ0GtZ7ZCD82KS3kZ/view?usp=drive_link,
131,Century,3246 AFP,Flint,2,5100,https://drive.google.com/file/d/1zUPuj03qApcNTdVRHLq-rPUJHQDT36ej/view?usp=drive_link,
132,Century,3246 LV,Flint,2,2365,https://drive.google.com/file/d/14ZcSO3707toKtGRCa3XmloD4w4GPA0i_/view?usp=drive_link,
133,Century,3246 RA,Flint,2,2175,https://drive.google.com/file/d/1Gkprw2mnOGqz7zTpfBfAnSu5kbTTQLv0/view?usp=drive_link,
134,Century,111 AFP,Frosty White,2,5100,https://drive.google.com/file/d/1aSsI3tkOhZevsTR5S99EqvIIfRcQTlJh/view?usp=drive_link,
135,Century,111 GC,Frosty White,2,2365,https://drive.google.com/file/d/10OBYUROQ2H-57e5kudv4GSqxt6KW3Ab3/view?usp=drive_link,
136,Century,111 LV,Frosty White,2,2365,https://drive.google.com/file/d/1poWDhjLyQJZIm5k-5BCq5StxbeqLh_8A/view?usp=drive_link,
137,Century,111 SO,Frosty White,2,2175,https://drive.google.com/file/d/1HSg0Zr5RJhivZrODaqe6GgIly7uvq0Ld/view?usp=drive_link,
138,Century,4942 LU,Giza Triangle,2,2488,https://drive.google.com/file/d/1K1-2ELT0gg8ionyUo9ldY0EDKSKDbnaE/view?usp=drive_link,
139,Century,3919 LU,Golden Glacier,2,2488,https://drive.google.com/file/d/1iaPLXZKlfT9-Ct0wLss8S2u-55WAAE5_/view?usp=drive_link,
140,Century,224 AFP,Gothic Grey,2,5100,https://drive.google.com/file/d/1o6qpk1bREGInTg4Olm9Jlg9vlDtIvRSP/view?usp=drive_link,
141,Century,224 SO,Gothic Grey,2,2175,https://drive.google.com/file/d/14vrML_VpDTJrP44bHaV_iOZQrmrZEopA/view?usp=drive_link,
142,Century,3853 LV,Gothic Marble,2,2365,https://drive.google.com/file/d/13_VN5PdowPiB22Uyd_AqoVhWhbtLV25C/view?usp=drive_link,
143,Century,3853 SL,Gothic Marble,2,2175,https://drive.google.com/file/d/1MvBjfisKA1fKbd_4wbHxSf4pjvDsMx5x/view?usp=drive_link,
144,Century,3929 LU,Green Glacier,2,2488,https://drive.google.com/file/d/1GI74F3Dg5sT5-ON_4HQmsuvsZwMFH3JI/view?usp=drive_link,
145,Century,3966 LU,Grey Eiche,2,2488,https://drive.google.com/file/d/1smN0MG6uC6BgBg9fQ0J9kd1K8K-d9Uka/view?usp=drive_link,
146,Century,94846 LV,Harley Reyra,2,2365,https://drive.google.com/file/d/1xBw8IL9YmthBPEUykoVMNjrESNgyiSm-/view?usp=drive_link,
147,Century,4517 LV,Indiana Hickory,2,2365,https://drive.google.com/file/d/1cVZnVWp6Kr646nHGRkyfsiJGTzHaud_z/view?usp=drive_link,
148,Century,2592 NP,Iseda Ash,2,2570,https://drive.google.com/file/d/1nXl7cmjAXNGNEpC6n7Xoep-lL7vHPYyi/view?usp=drive_link,
149,Century,2388 NP,Iseda Oak,2,2570,https://drive.google.com/file/d/1xUYbFphJFmsCojLMbamPedbwhSeqGIgc/view?usp=drive_link,
150,Century,4516 LV,Jackson Hickory,2,2365,https://drive.google.com/file/d/1PQq7ad59pesI1lr1J8yt5nRMYHcxoUt2/view?usp=drive_link,
151,Century,5881 SL,Khabi Tiles ,2,2175,https://drive.google.com/file/d/1nHR08gg1qYq7-2VJFo-N6fHbCrUedQVt/view?usp=drive_link,
152,Century,161 RA,Light Beige,2,2175,https://drive.google.com/file/d/1yB3jLBgmHAdxc-GbbnQkMSJUtoGEOs6z/view?usp=drive_link,
153,Century,171 AFP,Light Brown,2,5100,https://drive.google.com/file/d/1it6clnQSIyEWyeFkanak3_-8stNCrUT8/view?usp=drive_link,
154,Century,4943 LU,Luxor Triangle,2,2488,https://drive.google.com/file/d/1fTx4UGXYMxjQ6queHWWyyKFZGmQEg1PZ/view?usp=drive_link,
155,Century,172 SO,Maddy Mushroom,2,2175,https://drive.google.com/file/d/1EArAXI-Z4k6GZpotxAL0zkDsDT-xJPj8/view?usp=drive_link,
156,Century,3963 LU,Mayapis Mahogany,2,2488,https://drive.google.com/file/d/1l6QHnIESuuBXE7AKbL_BypZD7_q_PG_7/view?usp=drive_link,
157,Century,5845 LU,Moonlight Marble,2,2388,https://drive.google.com/file/d/1gE1JjS9J79LDMnVpDnrlevpEoVBJg-an/view?usp=drive_link,
158,Century,3171 GC,Mudpie,2,2365,https://drive.google.com/file/d/1T4uw47uQPCIxjX70MTh2k6pG3j3fKRrd/view?usp=drive_link,
159,Century,2594 NP,Narava Ash,2,2570,https://drive.google.com/file/d/1T7INqmf8Es26UYYTkvKd-X_BySNez3Dl/view?usp=drive_link,
160,Century,788 LU,Natural Olive,2,2388,https://drive.google.com/file/d/19Pojuq6wylIDiO5cgFm0WW1IWm7Oj2pB/view?usp=drive_link,
161,Century,2593 NP,Nature Ash,2,2570,https://drive.google.com/file/d/1R9WJBaDwYTaGwehGdj64wqOwAoBJ5m8C/view?usp=drive_link,
162,Century,2417 NP,Nature Walnut,2,2570,https://drive.google.com/file/d/1no0YTTPHfU2_YLBr9zwAUIXhnl1IYiE6/view?usp=drive_link,
163,Century,464 LU,Nyana Teak ,2,2388,https://drive.google.com/file/d/1GFHJ9S04hNLaoPq92qUFZrWET-NBBPay/view?usp=drive_link,
164,Century,5891 LU,Onyx,2,2388,https://drive.google.com/file/d/1u182okzxq8zuCm_TLRHYecFNI9vF_9rs/view?usp=drive_link,
165,Century,4911 LU,Pearl Glacier,2,2488,https://drive.google.com/file/d/1TXV0-4bNiNFM4Z9TAlwKu0FlR4jwx0cQ/view?usp=drive_link,
166,Century,5931 LU,Pearl Wood,2,2488,https://drive.google.com/file/d/1WHZnlp_0n2de6SsHijzRJMyhcyPWONUc/view?usp=drive_link,
167,Century,131 GC,Pebble Ivory,2,2365,https://drive.google.com/file/d/1bU7pbG672qyxh7kf6xGpr3AKGAMOj3zJ/view?usp=drive_link,
168,Century,2595 NP,Piroda Ash,2,2570,https://drive.google.com/file/d/1zSFJ6PyySNJ8iVhbVtgR-NAnaZOOePQv/view?usp=drive_link,
169,Century,153 AFP,Punch,2,5100,https://drive.google.com/file/d/12yK5MQv96BThxEndVh9eIgjX-VF6iyuD/view?usp=drive_link,
170,Century,153 RA,Punch,2,2175,https://drive.google.com/file/d/1mLP2fnHsrGXA4KkS6aBxnu8CoYyomTUL/view?usp=drive_link,
171,Century,153 SO,Punch,2,2175,https://drive.google.com/file/d/1L19v3I3gXMSjaY_rbhQE7RdgmyrwpToN/view?usp=drive_link,
172,Century,462 LU,Recycled Teak,2,2388,https://drive.google.com/file/d/1thcVa73BJZe86fU2gYCc4YW1aSb8yO3r/view?usp=drive_link,
173,Century,152 AFP,Rose Pink,2,5100,https://drive.google.com/file/d/187YMvd8no4C2aYuTtqXLsMwUqgmAJ-nO/view?usp=drive_link,
174,Century,152 LV,Rose Pink,2,2365,https://drive.google.com/file/d/1_k1-tPCvZPKNbVsEbBRFUdmkgGrMgnYO/view?usp=drive_link,
175,Century,5837 SL,Rustic Stone,2,2175,https://drive.google.com/file/d/1QL4Pi1w010AucalNfDKFVTKkMeHegtMz/view?usp=drive_link,
176,Century,3852 LV,Sagrada Marble,2,2365,https://drive.google.com/file/d/1ETuCu_Rst31FnSiInJDtKhuhH6ajP2E2/view?usp=drive_link,
177,Century,3852 SL,Sagrada Marble,2,2175,https://drive.google.com/file/d/12dKfh34QLhws2fbBX1pmLgvfmDIyfyP3/view?usp=drive_link,
178,Century,4912 LU,Sand Glacier,2,2488,https://drive.google.com/file/d/1uyxXGBHjsEdYD3pGVZoEUn2jn851HfJp/view?usp=drive_link,
179,Century,541 LU,Sapeli,2,2388,https://drive.google.com/file/d/1IoogXjSKDsUu3zjyabXYp5UMkxmmxz61/view?usp=drive_link,
180,Century,5848 SL,Saturno Marble,2,2175,https://drive.google.com/file/d/1paImOF01oFB8naQ5NvTo5pFZDuxAxROo/view?usp=drive_link,
181,Century,3282 AFP,Seafoam Green,2,5100,https://drive.google.com/file/d/1Rm2-1uTNS8rYj3dIoCO3hF0-Vne3WdIU/view?usp=drive_link,
182,Century,4913 LU,Shell Glacier,2,2488,https://drive.google.com/file/d/1vVeJqzXLAE7KK7gUchiaUDkIyXbQQkpB/view?usp=drive_link,
183,Century,3961 LU,Shorea Mahogany,2,2488,https://drive.google.com/file/d/16kB5qi25qYAOaMA6YklRwWtM6IE1NSIk/view?usp=drive_link,
184,Century,3961 SO,Shorea Mahogany,2,2175,https://drive.google.com/file/d/1tfvrF0mWyOAbrNQ4j2XX-JAyCS8ZTmqJ/view?usp=drive_link,
185,Century,3854 LV,Sierra Marble,2,2365,https://drive.google.com/file/d/1UoD9yzvgLibC3E2RuH7sdDGwxXjQD5_2/view?usp=drive_link,
186,Century,3238 GC,Silica Grey,2,2365,https://drive.google.com/file/d/1R2utWMHXd4lUkyM9Qb7h9PkXp5NiVv_Q/view?usp=drive_link,
187,Century,3238 RA,Silica Grey,2,2175,https://drive.google.com/file/d/1la5YHNnLay3OzN7V3-bo080IDWKIQ5bu/view?usp=drive_link,
188,Century,3918 LU,Silver Glacier,2,2488,https://drive.google.com/file/d/1eZOnEPDhrtZ-lfMIWa9Us0XGIzLUvQg7/view?usp=drive_link,
189,Century,5932 LU,Silver Metawood,2,2488,https://drive.google.com/file/d/1wktN16l7_ceeQScT-zjQfZBHJyQ1_CAv/view?usp=drive_link,
190,Century,3284 GC,Smoke Green,2,2365,https://drive.google.com/file/d/1ChuTVn7dQNMmONxffIbM8DZyn5dnd9Au/view?usp=drive_link,
191,Century,3917 LU,Snow Glacier,2,2488,https://drive.google.com/file/d/1KtRGlVQJ4qiBqnyEXD-yGf5G1o7hW9Vu/view?usp=drive_link,
192,Century,639 LU,Sukupira Prado ,2,2388,https://drive.google.com/file/d/1hq0BjtSkxgeXfePBn1la2RaUQeb2sd7z/view?usp=drive_link,
193,Century,3922 LU,Sunrise Glacier,2,2488,https://drive.google.com/file/d/1uUw5OLCf5ZOXD5cHSkW9y1Sk2MtBV_Dj/view?usp=drive_link,
194,Century,158 AFP,Taupe,2,5100,https://drive.google.com/file/d/12Xs6E-yWQKECeFEq9zE_GZCPw9Ktc2jw/view?usp=drive_link,
195,Century,158 RA,Taupe,2,2175,https://drive.google.com/file/d/1lX7PCz5zprADauVMPApkIPTyEaeA46XT/view?usp=drive_link,
196,Century,774 LU,Thar Desert,2,2388,https://drive.google.com/file/d/1UCd0ISwXGC5z7YllvVyjwQ7fo7xY1P7j/view?usp=drive_link,
197,Century,5836 SL,Vintage Stone,2,2175,https://drive.google.com/file/d/1-7wt48KkL_FyJK746lz-OKhs_BqOuwoK/view?usp=drive_link,
198,Century,3846 SO,White Marble,2,2175,https://drive.google.com/file/d/1CuNEoMkuqYAn_rDDIMZb8Oa8TckUllQ0/view?usp=drive_link,
199,Century,787 LU,Zebra Wood ,2,2388,https://drive.google.com/file/d/1GW5IJEt-VQVxvHdVhMNtQuVUkWjG5Y9i/view?usp=drive_link,
200,Century,706 SU,Acacia,2,1280,https://drive.google.com/file/d/1vsKuKm_uuXGOIex_NDFSooygbF1SYwZ1/view?usp=drive_link,
201,Century,4531 SU,Aloven Pine,2,1280,https://drive.google.com/file/d/1VexvSDtSuBLaK_smHWQeP1qwzE1KC3DV/view?usp=drive_link,
202,Century,94671 NH,Ameris Oak,2,1930,https://drive.google.com/file/d/1l3eeKrQ1ZjVz__wxreIcMa5UtyWiLD8-/view?usp=drive_link,
203,Century,4857 TS,Ancient Weave,2,1930,https://drive.google.com/file/d/1l6yu_NBDiv-eLJIkEi7IGCRi47lPAjOD/view?usp=drive_link,
204,Century,4405 SU,Andean Walnut,2,,https://drive.google.com/file/d/1_DKPBSWZJWQHNd1Msh6lR1bzfE1m-1vE/view?usp=drive_link,
205,Century,3362 SU,Anegre,2,,https://drive.google.com/file/d/1lJdqLWTvgpXpX9sIoK8FXZoRpkjV450V/view?usp=drive_link,
206,Century,1533 MI,Antique Corolla,2,2810,https://drive.google.com/file/d/1_F1Ayz7PrB9dVLpO4uHNZWRcfixRIHtN/view?usp=drive_link,
207,Century,3742 SU,Applewood Dark,2,,https://drive.google.com/file/d/10xSOOyXPzPe5Slc8Z6IiI8nS1DdAazyk/view?usp=drive_link,
208,Century,3742 VO,Applewood Dark,2,2365,https://drive.google.com/file/d/18ABMEUmq6c72Ok-yzbb750UFfluliOUi/view?usp=drive_link,
209,Century,3741 SU,Applewood Light,2,,https://drive.google.com/file/d/1eLD3F59zz8fuBOc4rHWevkXXBozTZjje/view?usp=drive_link,
210,Century,3741 VO,Applewood Light,2,2365,https://drive.google.com/file/d/1xjd3sNPVo8xCso1y69RYaiAJZR9aCuVs/view?usp=drive_link,
211,Century,90695 SU,Arabian Recon Pine,2,,https://drive.google.com/file/d/1rXorD7V4YgsJw6JcnfCNpFlVa7PB499X/view?usp=drive_link,
212,Century,4406 SU,Arizona Walnut,2,,https://drive.google.com/file/d/19FCytoTMLNMqrjLUcvKM2nj4ciHnZXLY/view?usp=drive_link,
213,Century,4658 SU,Bahia Oak,2,,https://drive.google.com/file/d/1kp1xESNwzqxcNMZS7S3rzP9PdW5lnxAj/view?usp=drive_link,
214,Century,608 SU,Baltic Ash,2,,https://drive.google.com/file/d/129jm96_ED-IqeKDj94XqpzZ-LpX2CeBe/view?usp=drive_link,
215,Century,3486 SU,Barbegal Pine,2,,https://drive.google.com/file/d/1oQ_vpYG7IokdRuzMJWZKgRwZOHBo4633/view?usp=drive_link,
216,Century,3592 CR,Bavarian Ash Beige,2,,https://drive.google.com/file/d/1b32Nmzkwex_tE4ONLelT5Kd0FR2Eep2_/view?usp=drive_link,
217,Century,3592 SU,Bavarian Ash Beige,2,,https://drive.google.com/file/d/1TROoh5PxOxCK4yLD5YQJLs559IKp5sfq/view?usp=drive_link,
218,Century,3594 SU,Bavarian Ash Grey,2,,https://drive.google.com/file/d/1HiCdtWtbebt9O1HCoqNB5i50GVQ4fzbs/view?usp=drive_link,
219,Century,3591 SU,Bavarian Ash Neutral,2,,https://drive.google.com/file/d/1u7Q3zrlj7zyOssQ-HD44JT3K4SKlY2ca/view?usp=drive_link,
220,Century,311 SU,Bavarian Beech,2,,https://drive.google.com/file/d/16XkRVGoX8al51X0BCUWVUmw3m4RL15B1/view?usp=drive_link,
221,Century,3899 LN,Beige Weave,2,2175,https://drive.google.com/file/d/1-zoyOnVgkcEpzA0zVam8V63vnxYSajzY/view?usp=drive_link,
222,Century,163 UL,Beige,2,2175,https://drive.google.com/file/d/1OjwujrC4qvMs7PkxRBPa19UsxgVY6ZHg/view?usp=drive_link,
223,Century,555 SU,Belgian Cedar,2,,https://drive.google.com/file/d/1nBqdqAMcO3HeRCdLW3KWOYelA23s148M/view?usp=drive_link,
224,Century,93415 NH,Berger Walnut,2,1930,https://drive.google.com/file/d/1nzUvXhB9JNGypoUwgTPvs-NdhOPQVb3S/view?usp=drive_link,
225,Century,93415 SI,Berger Walnut,2,1965,https://drive.google.com/file/d/1IVzjR5VX6-p7z_P-laMK1KzRbQghCVPs/view?usp=drive_link,
226,Century,93415 SU,Berger Walnut,2,,https://drive.google.com/file/d/1qsE94Ic-B6DBl4B5ZpI9kQLCIGJl0ptU/view?usp=drive_link,
227,Century,729 SU,Betula Wood,2,,https://drive.google.com/file/d/1qV40wrU5QXwY6AYc-fwNPIjj3uvW81ZE/view?usp=drive_link,
228,Century,3895 HG,Black Marble,2,1980,https://drive.google.com/file/d/1FXIy8cPgfAZ7m7Aaqz0QQ0rkLxluOg5o/view?usp=drive_link,
229,Century,3895 SI,Black Marble,2,1865,https://drive.google.com/file/d/1E7QSbxSHF1EDGdSYRjkUzplp5-vLYb7a/view?usp=drive_link,
230,Century,293 UL,Black,2,2175,https://drive.google.com/file/d/1iTvbm6b0gYn_dT3B4MONdYWgPoGFXl0p/view?usp=drive_link,
231,Century,5838 HG,Blossom Terrazzo,2,1980,https://drive.google.com/file/d/1GymAqIHkMnv-vbkVhkeJyfTad3CFXykx/view?usp=drive_link,
232,Century,3241 HG,Blue Blush,2,1980,https://drive.google.com/file/d/1PetUXKmuTrCSdQKwPRcwL2q7OXudOnXj/view?usp=drive_link,
233,Century,234 HG,Bluish Grey,2,1980,https://drive.google.com/file/d/1S7XNeZmRQDy5toT605jsnANSA94ZKeyf/view?usp=drive_link,
234,Century,303 SU,Bodensee Beech,2,,https://drive.google.com/file/d/1ZQ2yTcBq3JozAYH3vuDXxwl5lxX0m42B/view?usp=drive_link,
235,Century,4519 KM,Bolivian Walnut,2,1930,https://drive.google.com/file/d/1VfRc6OOmg_tq_urKyhJAHvJCyGDUVZYX/view?usp=drive_link,
236,Century,4519 SU,Bolivian Walnut,2,,https://drive.google.com/file/d/1YeDjnzlG-oTUBLBR8hxZYMdPxAQNNTOQ/view?usp=drive_link,
237,Century,609 EO,Boras Ash,2,,https://drive.google.com/file/d/1IqyMoABveTJ8eMKA-uuknNglUEz8o7L6/view?usp=drive_link,
238,Century,609 SU,Boras Ash,2,,https://drive.google.com/file/d/1AhHBx7N7d8OvmuVXLLW4kVuKnVWyAhjc/view?usp=drive_link,
239,Century,607 SU,Bornholm Ash,2,,https://drive.google.com/file/d/18KkROVr1UFc260Bf4WAcU7-vY0h_PuTv/view?usp=drive_link,
240,Century,5391 PK,Brazilian Wood,2,2175,https://drive.google.com/file/d/1l28de969UiKudCCSB1TxEBJNra3UYZXz/view?usp=drive_link,
241,Century,5391 SU,Brazilian Wood,2,,https://drive.google.com/file/d/1j65EqH7JSZTG7KEf2ZL4cqdmmCYMtPqM/view?usp=drive_link,
242,Century,4395 SU,Brink Oak,2,,https://drive.google.com/file/d/1OZmBzvvWcIGDRJbGDRXBc4O5qLraHBs_/view?usp=drive_link,
243,Century,3688 SI,Brio Zericote,2,1865,https://drive.google.com/file/d/171hq9tNllUyxdexKOJ5EpquAbtViGaLp/view?usp=drive_link,
244,Century,904 HG,Brush Metal,2,2080,https://drive.google.com/file/d/1QWpsvciESSP32q9uivrrA0Y5572cPt6N/view?usp=drive_link,
245,Century,5741 SU,Buena Chestnut,2,,https://drive.google.com/file/d/15jI3P6cZlpRaA0YbpxOYmLBIdTMASdLr/view?usp=drive_link,
246,Century,4683 SU,Bunratty Oak,2,,https://drive.google.com/file/d/1FR3BF_246gWl2YcH3yRGIxwlNa1qoRZx/view?usp=drive_link,
247,Century,4941 SI,Cairo Triangle,2,1965,https://drive.google.com/file/d/1yY2fnIrGScSuoCZ5MpNDRPMUfKD1Qlhe/view?usp=drive_link,
248,Century,4427 VO,Cairo Walnut,2,2365,https://drive.google.com/file/d/1p8t74_a3-ZOw7a-iS7F67_bKtTnout0k/view?usp=drive_link,
249,Century,1540 MI,Calacatta Art,2,,https://drive.google.com/file/d/11-poFI44tkJ2xo_zLJbz_Nn4qukGVPzK/view?usp=drive_link,
250,Century,3485 SU,Carmargue Pine,2,,https://drive.google.com/file/d/1nuXUjnkTdpWuqB7D3_P2AYTDURxLsQMr/view?usp=drive_link,
251,Century,157 HG,Ceramic,2,1980,https://drive.google.com/file/d/1YrCSMfYgrtzlML1G7ejeD69oRKB-en-h/view?usp=drive_link,
252,Century,704 SU,Chene,2,,https://drive.google.com/file/d/1Rn3jG9pLlUQv0UJWOyXL4OgSCfSrgQJK/view?usp=drive_link,
253,Century,321 SU,Cherry Beech,2,,https://drive.google.com/file/d/1DY7vAFwOE3V9MbCpWGiIE0WOqT39JcNk/view?usp=drive_link,
254,Century,3665 SU,Chestnut Oak,2,,https://drive.google.com/file/d/1t_maMduyL9H-1vB-qNDxtlUNrm3bGiSy/view?usp=drive_link,
255,Century,4876 SU,Chevron,2,,https://drive.google.com/file/d/14TfZ7ltpHHgDQ58608a-UWDfpTBdZoBe/view?usp=drive_link,
256,Century,421 KM,Classic Walnut,2,1930,https://drive.google.com/file/d/1G9fe1lwzXOdP33tR9TPBw5dihProaM5s/view?usp=drive_link,
257,Century,421 SU,Classic Walnut,2,,https://drive.google.com/file/d/1_6LwPJ-3oIvKJUUUW27SacskWrpy5XHX/view?usp=drive_link,
258,Century,446 SU,Colet Teak,2,,https://drive.google.com/file/d/1wGeMlRGuMei9ZtzNFh0mh-8KKzHfjaBa/view?usp=drive_link,
259,Century,489 SU,Colorado Pine,2,,https://drive.google.com/file/d/1TjGC-PTo0ONV8zSum1STuuCwNdsUPgTB/view?usp=drive_link,
260,Century,656 EO,Columbia Walnut,2,2365,https://drive.google.com/file/d/16vviYM8F8qPX9t5p4qBjo_h4lvYehGAG/view?usp=drive_link,
261,Century,656 SU,Columbia Walnut,2,,https://drive.google.com/file/d/11030t-6SlG2OnQPZEVDl9WlYC8JkHESM/view?usp=drive_link,
262,Century,3233 HG,Concrete Grey,2,1980,https://drive.google.com/file/d/1IMvOPLiZfrR4T0dXcMHkSMZObkoOrgCZ/view?usp=drive_link,
263,Century,3965 SI,Copper Eiche,2,1965,https://drive.google.com/file/d/1C-pe9k-ap8opDe_dcNBz7F4KJII2WGaz/view?usp=drive_link,
264,Century,3928 AL,Copper Glacier,2,2175,https://drive.google.com/file/d/1-iGlVWhD04QCcMbmNE-RYvbuMq4izvpY/view?usp=drive_link,
265,Century,963 IP,Copper Shimmer,2,1930,https://drive.google.com/file/d/1__uiW2PhXmAi3b_djOOfc31g-WiNtH5X/view?usp=drive_link,
266,Century,963 LO,Copper Shimmer,2,2175,https://drive.google.com/file/d/1jtKdj48nL-jkktRK1IeblLHpeWtnq0Zl/view?usp=drive_link,
267,Century,963 SU,Copper Shimmer,2,,https://drive.google.com/file/d/17nMdd9ELaN_PnOt-qykX_Mp1LEQ2398W/view?usp=drive_link,
268,Century,963 TS,Copper Shimmer,2,1930,https://drive.google.com/file/d/11zVaVbvl7BsHsm7sWbZZr4sM7ysaPyiu/view?usp=drive_link,
269,Century,689 NH,Cordia Zericote,2,1930,https://drive.google.com/file/d/1YEEwmeyacLoPKlHFSjb1MTiuk2wEGQ7r/view?usp=drive_link,
270,Century,689 SU,Cordia Zericote,2,,https://drive.google.com/file/d/1bvkZDgiA8GZnbhDPDPEQ5OPTjlkJEzkf/view?usp=drive_link,
271,Century,3957 SU,Coria Walnut,2,,https://drive.google.com/file/d/12cNODdTPxbRpYSYa-y9TiRKERpNPm1WV/view?usp=drive_link,
272,Century,3964 SI,Cream Eiche,2,1965,https://drive.google.com/file/d/1L6pMCq8JFrhNbAfiv2XEv7g50URV15Ye/view?usp=drive_link,
273,Century,961 IP,Cream Shimmer,2,1930,https://drive.google.com/file/d/1z0_8iEkNqX20J3ekmg379hcY1yiTppcp/view?usp=drive_link,
274,Century,961 LO,Cream Shimmer,2,2175,https://drive.google.com/file/d/1RDIM8dzNGc94WDcJ8YNp113Hn-UcKysN/view?usp=drive_link,
275,Century,961 SU,Cream Shimmer,2,,https://drive.google.com/file/d/1u4XGp2TQ4ShSvi7KOXSQFfSxzOG1xPCj/view?usp=drive_link,
276,Century,961 TS,Cream Shimmer,2,1930,https://drive.google.com/file/d/1nf_doDAyYE0rY16jNDhULQkTUETIolI9/view?usp=drive_link,
277,Century,3418 HG,Deco Walnut Dark Brown,2,1980,https://drive.google.com/file/d/1Dxvcas08XtDzi5zI1YC87e56ZmObjHRy/view?usp=drive_link,
278,Century,3418 SU,Deco Walnut Dark Brown,2,,https://drive.google.com/file/d/1-rQSLxV19dVZeWLwurOheizjIDEFLlAp/view?usp=drive_link,
279,Century,3418 VO,Deco Walnut Dark Brown,2,2365,https://drive.google.com/file/d/1UZp84fIlOjCObMOGuOh-fFRf_IF3H4yP/view?usp=drive_link,
280,Century,3419 SU ,Deco Walnut Light Brown,2,,https://drive.google.com/file/d/1rmD6H95l4_tXuEguxVyNkAQXXsJDS_5G/view?usp=drive_link,
281,Century,3419 VO,Deco Walnut Light Brown,2,2365,https://drive.google.com/file/d/1pj7-4JilJaUW0cIAI28R14HDyeDcHi3_/view?usp=drive_link,
282,Century,4524 SU,Derby Walnut,2,,https://drive.google.com/file/d/1tTiTKOybN6Hd5UMJ7K5PMOuhX6n-l7No/view?usp=drive_link,
283,Century,4659 HG,Diamana Oak,2,1980,https://drive.google.com/file/d/1fs9mReM-BHGkFp87FtHInmUBO8mAdBZZ/view?usp=drive_link,
284,Century,4525 SU,Dover Walnut,2,,https://drive.google.com/file/d/1DdOjaRdgR1Ju9u5ljzCbXvtGD3la8iiW/view?usp=drive_link,
285,Century,3737 SU,Dutch Herringbone,2,,https://drive.google.com/file/d/1vRQP070UTqqViZ_DaiInDpED3MHDea62/view?usp=drive_link,
286,Century,3663 SU,Eastem Oak,2,,https://drive.google.com/file/d/12gGHbQ-9jIEduiBPCWaFvmwOAc6gN1QG/view?usp=drive_link,
287,Century,4856 LN,Elite Weave,2,2175,https://drive.google.com/file/d/1hurbx7p0fHzntJQnjVzIUgWFmOWNCMhs/view?usp=drive_link,
288,Century,4856 TS,Elite Weave,2,1930,https://drive.google.com/file/d/19S-qibG_0FOv58IyZqBAYICYBrU3biY8/view?usp=drive_link,
289,Century,1553 MI,Emphatic Tapestry,2,2810,https://drive.google.com/file/d/1B2B0Jgg_SrmkCDX-UUUikLyemhoQK-H6/view?usp=drive_link,
290,Century,4392 SU,Encanto Brownish Oak,2,,https://drive.google.com/file/d/16MLUZx2eahzsmxvMWkGhd2hNNno4TLPq/view?usp=drive_link,
291,Century,4393 SU,Encanto Creamish Oak,2,,https://drive.google.com/file/d/1U4LSvb4JqkK6lMJ4X3BzU36Egoi48MGP/view?usp=drive_link,
292,Century,424 HG,Ermanno Walnut,2,1980,https://drive.google.com/file/d/11673ISHkO_CCHFMiBuS9h7IQRmnRkE00/view?usp=drive_link,
293,Century,424 N,Ermanno Walnut,2,1930,https://drive.google.com/file/d/18dv5gbRbjYSgd1eMGWiQILaiELqKnRBi/view?usp=drive_link,
294,Century,424 PK,Ermanno Walnut,2,2175,https://drive.google.com/file/d/1S3cIL0ybPO6SWq0NfRFUht_qqgQY3mI1/view?usp=drive_link,
295,Century,424 SU ,Ermanno Walnut,2,,https://drive.google.com/file/d/1HcJyGQyy2ZvSiUBFjg7HwRZ62E7f6TDs/view?usp=drive_link,
296,Century,4502 SU,Eugele Walnut,2,, https://drive.google.com/file/d/13L9YCWrERLIRyUvkJf_6GkSnScOlOGV8/view?usp=drive_link,
297,Century,1534 MI,Exotic Corolla,2,2810,https://drive.google.com/file/d/1C1IuOXvx87xl6uJWixCmwD6yMOUkrrR4/view?usp=drive_link,
298,Century,687 SU,Fairy Wood,2,,https://drive.google.com/file/d/1579bl2Q5exww0-ciMkxqp5vzXPWp0w_D/view?usp=drive_link,
299,Century,951 SU,Figured Walnut,2,,https://drive.google.com/file/d/1QhwXPO6iUAXbr5Jb-QlXmrhj-sPwUF1Q/view?usp=drive_link,
300,Century,3676 SU,Flake Oak,2,,https://drive.google.com/file/d/1xVR556Hugs0ny_nWJSak9pti8Vq-OPEa/view?usp=drive_link,
301,Century,3677 SU,Flocon Oak,2,,https://drive.google.com/file/d/1zBWw9B00IRZlUWiX8U4g-UBDKTd-s822/view?usp=drive_link,
302,Century,1549 MI,Florid Canvas,2,2810,https://drive.google.com/file/d/1Wcbr934tP8r92PWrhVkKAVximH4livQO/view?usp=drive_link,
303,Century,111 AL,Frosty White,2,2175,https://drive.google.com/file/d/1JAQ6bFhGXp2jLNpLDb_nd4EF6GD-F4H6/view?usp=drive_link,
304,Century,111 HG,Frosty White,2,1980,https://drive.google.com/file/d/1uzOKGJeEgiweAx4hmZ4SmRpZp6h9eJ9J/view?usp=drive_link,
305,Century,111 LO,Frosty White,2,2175,https://drive.google.com/file/d/1Bd0r80b6KI5vFNeRjKg42b22664Zk90a/view?usp=drive_link,
306,Century,111 N,Frosty White,2,1930,https://drive.google.com/file/d/1vrqaZm_Ie_ar4OJIXeXGDsdLteWh40tY/view?usp=drive_link,
307,Century,111 PK,Frosty White,2,2175,https://drive.google.com/file/d/1BmHLm_9rxh0xSr--CNbJ7cKPwdOopYnT/view?usp=drive_link,
308,Century,111 TS,Frosty White,2,1930,https://drive.google.com/file/d/19eCmZFofbBYAwTj7boGg0p3Tao1zNKcM/view?usp=drive_link,
309,Century,111 UL,Frosty White,2,2175,https://drive.google.com/file/d/1KL0W_EuU8-t-7RPQ7ajzrXdhczp4YrvB/view?usp=drive_link,
310,Century,111 VO,Frosty White,2,2365,https://drive.google.com/file/d/17r1026CqdQYydW6yfRa_u38rr08dc-sL/view?usp=drive_link,
311,Century,111 WK,Frosty White,2,1930,https://drive.google.com/file/d/1PRdWzr31yDzKdWCLNn3tenxZphLwisIZ/view?usp=drive_link,
312,Century,4501 SI,Gauguin Walnut,2,1865,https://drive.google.com/file/d/1E5Wmdskco25ZR-xOqDEUwnPPWy7M-gMG/view?usp=drive_link,
313,Century,4501 SU,Gauguin Walnut,2,,https://drive.google.com/file/d/1AXiN58z8-2l5SNXzofqcGxcj27ARSGNz/view?usp=drive_link,
314,Century,1546 MI ,Gentle Lei,2,2810,https://drive.google.com/file/d/1Bpa5GeeMjA5cz_sCxgjJvvFnrmq8E-xp/view?usp=drive_link,
315,Century,4942 SI,Giza Triangle,2,1965,https://drive.google.com/file/d/1YspKxuQqNfisrp5qpxCI9xCrBzI8usI_/view?usp=drive_link,
316,Century,5835 HG,Glazed Terrazzo ,2,1980,https://drive.google.com/file/d/14mZXIoN6bm9wfA_V063wF5syce2RuS_h/view?usp=drive_link,
317,Century,927 IP,Golden Butte,2,1930,https://drive.google.com/file/d/1lTMDK3oBA_inWwYNbOzZbEvbNg_5fHAV/view?usp=drive_link,
318,Century,927 SU,Golden Butte,2,,https://drive.google.com/file/d/1VTRB5gl8jHNWXHnoMKUZ6ft6A3KT3QAL/view?usp=drive_link,
319,Century,962 LO,Golden Shimmer,2,2175,https://drive.google.com/file/d/13ITn3wBujgzKrwRj3HANZb2rZ2Hu7Sx1/view?usp=drive_link,
320,Century,962 SU,Golden Shimmer,2,,https://drive.google.com/file/d/1tQj1v5UBo25KPAIUbKK7Td-_ZCU0ZVNo/view?usp=drive_link,
321,Century,962 TS,Golden Shimmer,2,1930,https://drive.google.com/file/d/1Adc1jrHTsuxaVv4qf87SIzInxsDnMxrS/view?usp=drive_link,
322,Century,224 UL,Gothic Grey,2,2175,https://drive.google.com/file/d/1b-pd7cWQnnAcM5pCNB9xON7U1kU-S0Gd/view?usp=drive_link,
323,Century,3853 HG,Gothic Marble,2,1980,https://drive.google.com/file/d/1TCI1SBpcYvQ4MAwSo4jeoTo_7McodHs6/view?usp=drive_link,
324,Century,3853 SI,Gothic Marble,2,1865,https://drive.google.com/file/d/1KBurYN3mL-SjazXuvyW7H8Cv0KeI4shb/view?usp=drive_link,
325,Century,1560 MI,Grace Insignia,2,2810,https://drive.google.com/file/d/1eOZmdk0CFY-UjqD0DuyngFsmG1_cYMLv/view?usp=drive_link,
326,Century,4789 SU,Granada Olive,2,,https://drive.google.com/file/d/1TnjkEdes84WrplYU_b0iqGKOCQNd5Jdp/view?usp=drive_link,
327,Century,3929 AL,Green Glacier,2,2175,https://drive.google.com/file/d/1kfh1LR3w9YRmmWDKmOOdkyfTI2aBp_Cn/view?usp=drive_link,
328,Century,3925 HG,Grey Caspio,2,2080,https://drive.google.com/file/d/1FMVJWE-bhOCDkhqZH6xvtyy_yhN7DaBF/view?usp=drive_link,
329,Century,3966 SI,Grey Eiche,2,1965,https://drive.google.com/file/d/1AU4ojxEzP-ZWC3bE9N4vJYJa8vygQsOW/view?usp=drive_link,
330,Century,964 LO,Grey Shimmer,2,2175,https://drive.google.com/file/d/131z6X46gkrgonIMqlSJmNgdKhDoVMt44/view?usp=drive_link,
331,Century,964 SU,Grey Shimmer,2,,https://drive.google.com/file/d/1sxMe8dd1Y_sIPFJO3TquuzGfDxPNhlMS/view?usp=drive_link,
332,Century,964 TS,Grey Shimmer,2,1930,https://drive.google.com/file/d/1AIqD8JfW2sjX_uGipyolbUwM_Te1zhIy/view?usp=drive_link,
333,Century,4532 SU,Grieg Pine,2,,https://drive.google.com/file/d/1AgyedXJuXnomDjuqJ3oZBUDRRHw8QSYJ/view?usp=drive_link,
334,Century,94846 SI,Harley Reyra,2,1965,https://drive.google.com/file/d/1R8eIaenaiWNCRsyNZbWlymZZCDoxEgEZ/view?usp=drive_link,
335,Century,738 SU,Hastings Sandalwood,2,,https://drive.google.com/file/d/1UVMibpYcPQTpka3OnLmeAF2QNE2NkQGt/view?usp=drive_link,
336,Century,429 SU,Heritage Walnut,2,,https://drive.google.com/file/d/1Inog6avyBwSRGuacNmGqRJ-f-gJxmNq2/view?usp=drive_link,
337,Century,4877 SU,Herring,2,,https://drive.google.com/file/d/13HBaDF3mOYxKiv3oAUwzw7b0P8ta8VcA/view?usp=drive_link,
338,Century,531 SU,Hiland Pine,2,,https://drive.google.com/file/d/1U5imlUpJTJVO__ioER5Hz7otshsrc07l/view?usp=drive_link,
339,Century,4538 SU,Horsetail Pine,2,,https://drive.google.com/file/d/1PdKyFMvYIM__2csVTeHUPnZpe8Rr_iF0/view?usp=drive_link,
340,Century,4517 KM,Indiana Hickory,2,1930,https://drive.google.com/file/d/13JTunRDqRra3eNhJyxPaCgPc6OpLL8hZ/view?usp=drive_link,
341,Century,1545 MI,Intense Lei,2,2810,https://drive.google.com/file/d/1UOpreyet52051TFXVrcKw5G8CbRAhmN6/view?usp=drive_link,
342,Century,3739 SU,Irish Herringbone,2,,https://drive.google.com/file/d/1B7id6gaTXvlNGuGzYgvt_Mp4nULIiBsh/view?usp=drive_link,
343,Century,4513 SU,Istanbul Walnut,2,,https://drive.google.com/file/d/1fmy5hljsRPcOwtT7vqMLeJQxGmQxFDA-/view?usp=drive_link,
344,Century,5388 SU,Italian Oak,2,,https://drive.google.com/file/d/1XGWrHJ1fN8_gHa1NsfwazDS7WsT5AYBP/view?usp=drive_link,
345,Century,4516 KM,Jackson Hickory,2,1930,https://drive.google.com/file/d/1hzfXQnB8RFAMa9pOp6VxqBf_S_WkK58_/view?usp=drive_link,
346,Century,3484 SU,Jardin Pine,2,,https://drive.google.com/file/d/1ae6e7ysP2hLFSMw3ehJ1UKlYPNcxQYCf/view?usp=drive_link,
347,Century,4526 HG,Kernel Walnut,2,1980,https://drive.google.com/file/d/1APVhd8D6n0DA91fCq1IYWk4QJg4lqGjK/view?usp=drive_link,
348,Century,4526 KM,Kernel Walnut,2,1930,https://drive.google.com/file/d/1dZlYHRZOZpHbaxUsFCRmLyhcAHt9gOYo/view?usp=drive_link,
349,Century,4526 SU,Kernel Walnut,2,,https://drive.google.com/file/d/17WKkw4-tSfpymcj2UEKI5v0AKwlMEjmL/view?usp=drive_link,
350,Century,4526 WK,Kernel Walnut,2,1930,https://drive.google.com/file/d/1VUKVNFaJXMlH35spiVbQ-XufKax66i7u/view?usp=drive_link,
351,Century,1550 MI,Knight Garden,2,2810,https://drive.google.com/file/d/1tb2zZaVpGmt0hgkmhlbWFY8btLaFaz0l/view?usp=drive_link,
352,Century,3953 SU,Kotogem Grey,2,,https://drive.google.com/file/d/11IqIGa6snjCXw1E0V3QGTNh5gq0J1PXx/view?usp=drive_link,
353,Century,3955 SU,Kotogem Silver,2,,https://drive.google.com/file/d/1mjIJ0X9aCxbCQ88GFOpZYS22rmxUG6Ux/view?usp=drive_link,
354,Century,5839 HG,Laguna Terrazzo,2,1980,https://drive.google.com/file/d/1Pk_SsRFNWHxcoduJE6EGmJuuHLHVW7zp/view?usp=drive_link,
355,Century,1543 MI,Lavante Royale,2,2810,https://drive.google.com/file/d/1fu1uRcAm1nmBXRrRbObq6MIchDGcquSj/view?usp=drive_link,
356,Century,1544 MI,Lazulite Royale,2,2810,https://drive.google.com/file/d/1QYfhz-Yl0LTsWJINgbfJhKY1RVU84_88/view?usp=drive_link,
357,Century,4527 N,Leping Walnut,2,1930,https://drive.google.com/file/d/1Aotv8hrIyxGSFaP9a6DhJi6vtKAYgZ1E/view?usp=drive_link,
358,Century,171 UL,Light Brown,2,2175,https://drive.google.com/file/d/1BU55RiVQg2Ui3AX3O0xwEu9Os3NqxHZ-/view?usp=drive_link,
359,Century,3897 LN,Light Weave,2,2175,https://drive.google.com/file/d/1zGjPMgJ6toc3Q-vwCFUAzBvZZ_0lZIB_/view?usp=drive_link,
360,Century,4599 SU,Linfa Ash,2,,https://drive.google.com/file/d/1_vITYjPc1nQNJ5d5_3CMGJdI1MtevSQk/view?usp=drive_link,
361,Century,5392 SU,Lissa Oak,2,,https://drive.google.com/file/d/1FS5Hy6r7NDi1QUdGumNdBUKm-4RY5zuk/view?usp=drive_link,
362,Century,4943 SI,Luxor Triangle,2,1965,https://drive.google.com/file/d/12M38T3QFHD9CVSNFjlZew8VLdVUwoGSw/view?usp=drive_link,
363,Century,172 HG,Maddy Mushroom,2,1980,https://drive.google.com/file/d/1dDI_Z-EhdnlMIf8kLcrgrIcRxPhiHJb6/view?usp=drive_link,
364,Century,859 CR,Magic Beans,2,2365,https://drive.google.com/file/d/1xYknEXnIpD3CcY25wY30Mo7EfGL55yOH/view?usp=drive_link,
365,Century,859 TS,Magic Beans,2,1930,https://drive.google.com/file/d/1eoxJlqkyo6phrSQlO8S_SY212fhSPG-s/view?usp=drive_link,
366,Century,3789 SU,Malaga Olive,2,,https://drive.google.com/file/d/1SuWhJx_Fbc6gpslSogfGk9N8MQMhvM9r/view?usp=drive_link,
367,Century,3417 SU,Malmo Walnut Brown,2,,https://drive.google.com/file/d/1fp1SVeWEkk4oVHfIAvixTUW8kLRYH6xr/view?usp=drive_link,
368,Century,3416 SU,Malmo Walnut Cream,2,,https://drive.google.com/file/d/1bYW41QT7zy2QWqATLIFyT9wap0MxZT3l/view?usp=drive_link,
369,Century,4657 SU,Marina Oak,2,,https://drive.google.com/file/d/1i3nPXWEZttX1GbG2hoBRHrU7BywU_rAl/view?usp=drive_link,
370,Century,657 SU,Marine Walnut,2,,https://drive.google.com/file/d/1YvZBIZjygUAIfC_ISzqwWY3FGXaFGt5Z/view?usp=drive_link,
371,Century,4537 SU,Massons Pine,2,,https://drive.google.com/file/d/1we3c8qPmHKchp1XVrlT-fZ7qyY3lDf2T/view?usp=drive_link,
372,Century,3707 SU,Moldau Acacia,2,,https://drive.google.com/file/d/1glkubtSBKo_Rho5rVrCdQMQN7LjS0XQ6/view?usp=drive_link,
373,Century,4664 EO,Nambia Oak,2,2365,https://drive.google.com/file/d/1SkGWB5C1Mlt5eOggMHEUzOgMrnb5MIBj/view?usp=drive_link,
374,Century,4664 KM,Nambia Oak,2,1930,https://drive.google.com/file/d/1A4sEKmbdoUVHjX14Hwx1woTgPZfyNT6-/view?usp=drive_link,
375,Century,4682 SU,Natural Oak,2,,https://drive.google.com/file/d/11amkxxK-2KAgJ4Kpo9bKhJY7B8qOtO8E/view?usp=drive_link,
376,Century,973 TS,Neo Textile,2,1930,https://drive.google.com/file/d/1gjpuQLCB03IwANixGRg0_E1O2iR3QMAH/view?usp=drive_link,
377,Century,606 SU,Nexo Ash,2,,https://drive.google.com/file/d/1chqbYC-3JPeR5o6onAQZzE2NvSs851uk/view?usp=drive_link,
378,Century,712 N,Nicewood,2,1930,https://drive.google.com/file/d/1MbhSNW2lXSuCp2KWEMrpm_kMM_p6JRDU/view?usp=drive_link,
379,Century,4488 SU,Norway Pine,2,,https://drive.google.com/file/d/1PRBhbqQuvMwbA_ygFT8a1AFq9n57BisZ/view?usp=drive_link,
380,Century,494 SU,Nyana Rose,2,,https://drive.google.com/file/d/1lF1SUUVUHT5byD-H8g-1ItM-JsrG3O_t/view?usp=drive_link,
381,Century,464 SU,Nyana Teak,2,,https://drive.google.com/file/d/1_31IXvWqm8s09yQi0u_fkdSknfjgtvmH/view?usp=drive_link,
382,Century,3947 SU,Oak Chene,2,,https://drive.google.com/file/d/1bbVEgDJ7zTdzcUH42LOHK7GQJpsK_sYR/view?usp=drive_link,
383,Century,727 SU,Ostrya Wood,2,,https://drive.google.com/file/d/19Y-gERSlmLHXOumwJ7deC0WA1NHcIrNG/view?usp=drive_link,
384,Century,4515 SU,Ottoman Walnut,2,,https://drive.google.com/file/d/17bqF4eIpR1XSvMimVxTA2jmPp59cn-qG/view?usp=drive_link,
385,Century,3376 VO,Oxford Cherry,2,2365,https://drive.google.com/file/d/1unnrdjjPWVyUfnru_-8ynM6cEjo38xhm/view?usp=drive_link,
386,Century,4523 SU,Pemenang Walnut,2,,https://drive.google.com/file/d/1ZeN6n4HCmbzEX6cPmRKJ_Jbae5cEXhDG/view?usp=drive_link,
387,Century,4518 SU,Persian Walnut,2,,https://drive.google.com/file/d/1fofEglTmC2siW8X2xMS1-yv6XLUusRDL/view?usp=drive_link,
388,Century,4505 KM,Pide Nefis Walnut,2,1930,https://drive.google.com/file/d/1KceUCko1PYSfqqaLbcaekKAmFoHLlJ5u/view?usp=drive_link,
389,Century,4505 SU,Pide Nefis Walnut,2,,https://drive.google.com/file/d/1Af_uZR4jm__egzIWl8mnPUJ7TbTamfkU/view?usp=drive_link,
390,Century,5389 SU,Pin Oak,2,,https://drive.google.com/file/d/1KYBnd7U9DjLotS9cG72X_p9y9SgIPf8v/view?usp=drive_link,
391,Century,708 SU,Pure Acacia,2,,https://drive.google.com/file/d/1rW8zzHG08YNuT1oC_3Di-4anw3hPmSGB/view?usp=drive_link,
392,Century,3408 CR,Pyrus Oscuro,2,2365,https://drive.google.com/file/d/1pv3aHLOHeLzEWUfuPaaM5HUE6LgP4pUI/view?usp=drive_link,
393,Century,3408 HG,Pyrus Oscuro,2,1980,https://drive.google.com/file/d/1PUXTz2i8X7nwEQqaetvqML545oa9BXsJ/view?usp=drive_link,
394,Century,3408 SU,Pyrus Oscuro,2,,https://drive.google.com/file/d/1WcMXpOTjroPS_lRz7RjuvlZuw95jkwCU/view?usp=drive_link,
395,Century,686 SU,Quite Wood,2,,https://drive.google.com/file/d/1I9wyr8ZWsZ-703idjzgQkU-pRec4Zr3F/view?usp=drive_link,
396,Century,1555 MI,Radiant Monk,2,2810,https://drive.google.com/file/d/1NlY-un5A1LTI-nR6S-LsUPdAFOrn9gfQ/view?usp=drive_link,
397,Century,5828 TS,Rafia,2,1930,https://drive.google.com/file/d/1j2HZ-wA_CXShAUgNPt1g_0I-KsOjgyGD/view?usp=drive_link,
398,Century,3459 SU,Ranj Teak,2,,https://drive.google.com/file/d/1j99mgO86ImEKoBKJfXA-ZzEBzQbewp_A/view?usp=drive_link,
399,Century,419 EO,Reclaimed Walnut,2,2365,https://drive.google.com/file/d/1RC7NAlw56Zivlx0b-kVlWZM2MLxNdIw2/view?usp=drive_link,
400,Century,462 SU,Recycled Teak,2,,https://drive.google.com/file/d/1LO6zVB1A1I4Mtox9sMBa3kG8FRvjvKqa/view?usp=drive_link,
401,Century,1539 MI,Rojo Art,2,2810,https://drive.google.com/file/d/1krkjwGbZTzfjpz8UaZYK3-xtbI05mz7P/view?usp=drive_link,
402,Century,5413 PK,Royce Walnut,2,2175,https://drive.google.com/file/d/10hof1rWiOgVp3gIDUwnOEWjz4yKC3X-l/view?usp=drive_link,
403,Century,5413 SU,Royce Walnut,2,,https://drive.google.com/file/d/1Z3EEcoV3P1h0_5LmLrcQ8hNcJqvPySP2/view?usp=drive_link,
404,Century,714 SU,Rubber Wood,2,,https://drive.google.com/file/d/1ipone9dBobOPdQPRrhX2S3gRUczaM2BR/view?usp=drive_link,
405,Century,3852 HG,Sagrada Marble,2,1980,https://drive.google.com/file/d/1O3JVGYRf4X_9H13CwfXOw8I2I8mXu2g1/view?usp=drive_link,
406,Century,456 CR,Samoa Teak,2,2365,https://drive.google.com/file/d/1h9WzxKdLDu7FJgCv0jbDcLzcyN9tt3QX/view?usp=drive_link,
407,Century,456 HG,Samoa Teak,2,1980,https://drive.google.com/file/d/1w28sDFDTfSor9zIZtY5InwlTNDFyKt76/view?usp=drive_link,
408,Century,456 SU,Samoa Teak,2,,https://drive.google.com/file/d/11quVyNq2IaVswouD6Rx3RtNYm5SoMYnM/view?usp=drive_link,
409,Century,456 WK,Samoa Teak,2,1930,https://drive.google.com/file/d/1iWalE8gxHb14t8R0FtkbToBGJaS2vfle/view?usp=drive_link,
410,Century,541 N,Sapeli,2,1930,https://drive.google.com/file/d/1tyEmRp1pGTV6IsvdUlOcLZo3uKGPqzN_/view?usp=drive_link,
411,Century,541 WK,Sapeli,2,1930,https://drive.google.com/file/d/1vWmlyj3tsdHuOvTkcLhI7B1JKyEFe3gl/view?usp=drive_link,
412,Century,3425 SU,Sapwood Walnut Dark Brown,2,,https://drive.google.com/file/d/1hP5XwBDhdpxB57zWKicohP9YujCpiJkU/view?usp=drive_link,
413,Century,4936 SU,Sava Oak,2,,https://drive.google.com/file/d/1hFpxW0ycwz9KqPCu6IGv6XW1WNq0sFKL/view?usp=drive_link,
414,Century,3513 SU,Sea Birch,2,,https://drive.google.com/file/d/1RwRvvY_YZytm4P0KrW_ssjDsYe05EHIy/view?usp=drive_link,
415,Century,3788 NH,Sevilla Olive,2,1930,https://drive.google.com/file/d/1hRhZ6Oy8dLOwkhKO6uAaFq7I0ws0FjlK/view?usp=drive_link,
416,Century,3788 SU,Sevilla Olive,2,,https://drive.google.com/file/d/1DQlzyv3_LUrEDlnGGBzFiIBjt1otYx-Y/view?usp=drive_link,
417,Century,4594 SU,Shimo Ash,2,,https://drive.google.com/file/d/1GQq3xc6tpUy8GC90zjLdeVH_Jiai2TGJ/view?usp=drive_link,
418,Century,444 KM,Siam Teak,2,1930,https://drive.google.com/file/d/11qc2NVLYDwp_M5aoQmeDk16VnsJxO1vr/view?usp=drive_link,
419,Century,444 SU,Siam Teak,2,,https://drive.google.com/file/d/1ZUJxu6S-Yw5Qh_ASCl9shQVCCN5LGE_t/view?usp=drive_link,
420,Century,1538 MI,Sicilian Art,2,2810,https://drive.google.com/file/d/1vS0kg1ozX6GfAqO9kxkJHXHnlgikGkz8/view?usp=drive_link,
421,Century,3854 HG,Sierra Marble,2,1980,https://drive.google.com/file/d/16ONu3Yi5grH3YdqyCFnw8L_2Nd4197O3/view?usp=drive_link,
422,Century,3854 SI,Sierra Marble,2,1865,https://drive.google.com/file/d/10SlmIJ1dHyg3weqyHG3NZAvpftP-Rwd-/view?usp=drive_link,
423,Century,1001 BR,Silver Brush,2,5617,https://drive.google.com/file/d/1VUB2I12uxWBILhSAL1dT10DcAWqDhiLS/view?usp=drive_link,
424,Century,926 IP,Silver Butte,2,1930,https://drive.google.com/file/d/1pEGbOIJCbHuc1Nv6H4Cy30iEFjFmr2ev/view?usp=drive_link,
425,Century,926 SU,Silver Butte,2,,https://drive.google.com/file/d/1JZlRR2Ll5JwC7KRL7CEn_sSaF4xr9Xr3/view?usp=drive_link,
426,Century,3926 HG,Silver Caspio,2,2080,https://drive.google.com/file/d/1MI99r8cAR0gFBuwp2JfHj7ap2GAEY5DD/view?usp=drive_link,
427,Century,3678 SU,Slice Oak,2,,https://drive.google.com/file/d/1nik2fviQ0BUo-cX6eRuM4l9TXImJ40uB/view?usp=drive_link,
428,Century,709 SU,Smoke Acacia,2,,https://drive.google.com/file/d/1QicTCZ-6J2PHAPD45xzvc_ZS3mIyKE6D/view?usp=drive_link,
429,Century,3454 SU,Smoked Teak,2,,https://drive.google.com/file/d/1yz9YZE5fOvyUdM3UAxJZyBq_yOSHPlvn/view?usp=drive_link,
430,Century,4935 SU,Sofia Oak,2,,https://drive.google.com/file/d/10CzsK7me5dRCO3wNrexhA71-hU1ZaDsd/view?usp=drive_link,
431,Century,1554 MI,Soothing Tapestry,2,2810,https://drive.google.com/file/d/1w2GwnX2OmOemFI1M60XUA0h3mwrrvz8l/view?usp=drive_link,
432,Century,3738 SU,Spanish Herringbone,2,,https://drive.google.com/file/d/1pCnhTnhWg3Uip0L6PaaZ23efTce15Z-C/view?usp=drive_link,
433,Century,913 AL,Stomy Glacier,2,2175,https://drive.google.com/file/d/1EXUZ-Jp_z2HuGVRnsnxWp3ixGA7TMdwz/view?usp=drive_link,
434,Century,93414 SU,Strauss Walnut,2,,https://drive.google.com/file/d/1679_YpIqmWqEQJsD4lhPcVQIeDT6Na8w/view?usp=drive_link,
435,Century,3922 AL,Sunrise Glacier,2,2175,https://drive.google.com/file/d/1IpDXBJLBxsYEckfaHiMKKtglffKWrCRu/view?usp=drive_link,
436,Century,554 SU,Swiss Cedar,2,,https://drive.google.com/file/d/1vmD-JgE7mFjlgXhTncl3cynPZKS9P9Yv/view?usp=drive_link,
437,Century,5412 SU,Sylvan Walnut,2,,https://drive.google.com/file/d/1D0vD2ZxiJ0Y7HaA9b4PUplWn1WUYZan1/view?usp=drive_link,
438,Century,158 UL,Taupe,2,2175,https://drive.google.com/file/d/1bWj7Ivue-vnJ51kUifuwuUSn4ix7WtR0/view?usp=drive_link,
439,Century,5829 TS,Tossa,2,1930,https://drive.google.com/file/d/1vdEQdSTY_SvkkL9M92ixgWMY9AzZTCV3/view?usp=drive_link,
440,Century,5414 SU,Tropical Walnut,2,,https://drive.google.com/file/d/1TnSfJkKwRI69IoxZ20GDhlh0cSSZWWMY/view?usp=drive_link,
441,Century,4869 HG,Tula Brass,2,1980,https://drive.google.com/file/d/1X6qY8Y6isncXk7TLNK5q1R2eIywrvsPa/view?usp=drive_link,
442,Century,4868 HG,Tula Gold,2,1980,https://drive.google.com/file/d/1s-PytYVZV1dKVcr2BZRJxVs3jWoYVXX5/view?usp=drive_link,
443,Century,4867 HG,Tula Silver,2,1980,https://drive.google.com/file/d/1i9WvqKD25NJ4W4GMnBLZuP7m8jc3ZEfk/view?usp=drive_link,
444,Century,1547 MI,Turquoise Figurine,2,2810,https://drive.google.com/file/d/1YqBg2WrazL06p-AaQPUcTk0lbI897b0w/view?usp=drive_link,
445,Century,4878 SU,Twill,2,,https://drive.google.com/file/d/17B32wqkxrF8ga52VcUk-2dP4CkSCC2HO/view?usp=drive_link,
446,Century,4858 LN,Twist Weave,2,2175,https://drive.google.com/file/d/1OmXgtw-8KFL-vnLT85RL-XQMjLlmSO3e/view?usp=drive_link,
447,Century,4858 TS,Twist Weave,2,1930,https://drive.google.com/file/d/1TDgpzHh2N-aEBhi1AhsDrwkMjpCFSm4K/view?usp=drive_link,
448,Century,3531 EO,Tyrol Pine,2,2365,https://drive.google.com/file/d/1SCNQAp_pRCJjddAsMB5KtArEnpIJBz8s/view?usp=drive_link,
449,Century,3531 KM,Tyrol Pine,2,1930,https://drive.google.com/file/d/1Gypk9yavpt5sRWQOPMSI8yKI7YvitMTH/view?usp=drive_link,
450,Century,3531 SI,Tyrol Pine,2,1865,https://drive.google.com/file/d/1_0laqXcXggO2BMS7EW0GCStSplynL-1g/view?usp=drive_link,
451,Century,3531 SU,Tyrol Pine,2,,https://drive.google.com/file/d/1NA2umE0BEhrKgrj7F2G-uc1xOcg9_19k/view?usp=drive_link,
452,Century,1548 MI,Umber Figurine,2,2810,https://drive.google.com/file/d/1R4f5ZOhqnYxo6Ogsh4S9b2Qu5XSKmjh6/view?usp=drive_link,
453,Century,449 CR,Urban Teak,2,2365,https://drive.google.com/file/d/12ZmZzKlGj_rrmCi0x9sZbWjlSu9_fb6k/view?usp=drive_link,
454,Century,449 HG,Urban Teak,2,1980,https://drive.google.com/file/d/14nr5TaQr18dBM6cgT5z1mTQ31zMm8wP4/view?usp=drive_link,
455,Century,449 SU,Urban Teak,2,,https://drive.google.com/file/d/1_hcriz0msEDohjIMdlAmd8XXleGIAIlM/view?usp=drive_link,
456,Century,5393 SU,Valencia Oak,2,,https://drive.google.com/file/d/19vjlCSeN4jvJX1iWJiOUyQGeFF7etKh_/view?usp=drive_link,
457,Century,4506 KM,Van Nefis Walnut,2,1930,https://drive.google.com/file/d/1zdO3KvAtOJ-M4LxdfoEUv_ostDSlPLVe/view?usp=drive_link,
458,Century,4506 SU,Van Nefis Walnut,2,,https://drive.google.com/file/d/1jlPyqVS4OLCa9o1dNr52Ksz8eUhfRDuL/view?usp=drive_link,
459,Century,4394 SU,Verge Oak,2,,https://drive.google.com/file/d/1LP6PZ0kdA6n3_Fd8QZt_DpX8yDtIxTJZ/view?usp=drive_link,
460,Century,4521 SU,Victor Walnut,2,,https://drive.google.com/file/d/1I7IMIWwroTnMdExIvBeM2H41hwRwMq4Q/view?usp=drive_link,
461,Century,4426 SU,Walnut Wiggy,2,,https://drive.google.com/file/d/1ZiHpPSamZvQxGPtHmRK_gaSBeixMH8Ae/view?usp=drive_link,
462,Century,3512 SU,White Birch,2,,https://drive.google.com/file/d/1EqJG2zXlLj31AUUOm1_1-TDBomZLVZ5p/view?usp=drive_link,
463,Century,3846 HG,White Marble,2,1980,https://drive.google.com/file/d/19502B7a9kn4DKogQgWxGpYlGr7Qs11C0/view?usp=drive_link,
464,Century,3846 SI,White Marble,2,1865,https://drive.google.com/file/d/1oYwmTBuAFTmWMZTtfR_oBHoIXuTM-CK0/view?usp=drive_link,
465,Century,394 NH,White Oak,2,1930,https://drive.google.com/file/d/1eIQpWRu2HNaDKKLLGusp_emU0Z44WJYG/view?usp=drive_link,
466,Century,394 SU,White Oak,2,,https://drive.google.com/file/d/1JIoHESx9dyqTpztNCUMOD7-hCiUn3xqv/view?usp=drive_link,
467,Century,787 SU,Zebra Wood,2,,https://drive.google.com/file/d/1GvXFKrjr3aVLCPm_frPgVvbNC93f8eRR/view?usp=drive_link,
468,Century,3744 SU,African Oak Clair,2,,https://drive.google.com/file/d/1WQwbAnzH-uev9HGKK6BzSyJjMZ_EouZx/view?usp=drive_link,
469,Century,3743 SU,African Oak Noir,2,,https://drive.google.com/file/d/1iOTZlEIUUimlX9rc58UsRLWcDCS5cDKN/view?usp=drive_link,
470,Century,466 SU,Amber Cherry,2,,https://drive.google.com/file/d/1JJAF6m3cJ8SNoYQ9Nvobp4qsfGajao0k/view?usp=drive_link,
471,Century,4857 SU,Ancient Weave,2,,https://drive.google.com/file/d/1pYOku8urisIop023qfgk3tHHKoXkzJXH/view?usp=drive_link,
472,Century,4398 SU,Artisan Oak,2,,https://drive.google.com/file/d/1A7aSDwi9XCuKts2wx0oEmmfje1nSlmKw/view?usp=drive_link,
,,,,,,,
,,,,,,,
1,Greenlam ,101 SGL,White,2,,https://drive.google.com/file/d/1dKR_l2FWQLos_GUFcqW7HzhTCbll3xfk/view?usp=drive_link,
2,Greenlam ,107 sgl,wool,2,,https://drive.google.com/file/d/1TlGsDqxCeFiEoqh_CtAHDpkz8DCxX8X9/view?usp=drive_link,
3,Greenlam ,132 HDG,Cyclone,2,, https://drive.google.com/file/d/1qT5ILngSi3lGePCCzHKAg6PX1UCMyYiy/view?usp=drive_link,
4,Greenlam ,132 CNY,Cyclone,2,,https://drive.google.com/file/d/1T7LXe3C0Bh_s4v0uXb4LHSJVTZB3RGSf/view?usp=drive_link,
5,Greenlam ,132 HDG,cyclone,2,,https://drive.google.com/file/d/187SJm1XPZJwOoOJngwiEEddjSW4QpGv6/view?usp=drive_link,
6,Greenlam ,137 HDG,mustard,2,,https://drive.google.com/file/d/1SlGCEgqVpeS_O7r_lExfTeMNPdj_J1ls/view?usp=drive_link,
7,Greenlam ,138 HDG,Teracotta ,2,,https://drive.google.com/file/d/1I-Wa1g4Ju50WuvJqt4LeP98OFaziIpvE/view?usp=drive_link,
8,Greenlam ,148 sgl,tidal sand,2,,https://drive.google.com/file/d/1sGzSr6T3x2OCV_TV6lyEt-0XYTyfSxqZ/view?usp=drive_link,
9,Greenlam ,148 ARN,Tidal-Sand,2,,https://drive.google.com/file/d/1Afm7_m3xPC7oFxMViceGViLfxRtBR-3f/view?usp=drive_link,
10,Greenlam ,163 HDG,Bay,2,,https://drive.google.com/file/d/1TJPSXZWi0diZVqwEFrFwkwyu4tXgCmQL/view?usp=drive_link,
11,Greenlam ,174 SAT, Powder_Pink,2,,https://drive.google.com/file/d/1Gf9umZIfG7p7vx-0gfT6huhWQl-kzHoI/view?usp=drive_link,
12,Greenlam ,175 ARN,Heather,2,,https://drive.google.com/file/d/1UnUmlkZjem2YmQuCZCcXIpnpgu32Mn20/view?usp=drive_link,
13,Greenlam ,175 SAT,Heather,2,,https://drive.google.com/file/d/13iHUptWYffVCOB4T-nELSdQAePBNtjoK/view?usp=drive_link,
14,Greenlam ,182 HDG,Bark,2,,https://drive.google.com/file/d/1OjeqsUJIJLP9tnVL6CcjopkqGNHLRy_X/view?usp=drive_link,
15,Greenlam ,203 SAT,red,2,,https://drive.google.com/file/d/1ghyJcDeG8ExRvRzcHO601lNWItypXqOj/view?usp=drive_link,
16,Greenlam ,205 SAT,Brick,2,,https://drive.google.com/file/d/1rEHK2j3z5i899zAvtkiZZ1gwdS-yy83u/view?usp=drive_link,
17,Greenlam ,240 SAT,Eucalyptus,2,,https://drive.google.com/file/d/1AQ-qV4nECc9PxnU1iZQ8kuLqfNnn2L7q/view?usp=drive_link,
18,Greenlam ,244 SAT,Green-Pepper,2,,https://drive.google.com/file/d/15f_nuxBv8al0Snr5jROkIBDajbzOM2V4/view?usp=drive_link,
19,Greenlam ,265 CNY,Grey Sand,2,, https://drive.google.com/file/d/1ZtItu9aNSKErhXoG3GkO_MySShmKMgbr/view?usp=drive_link,
20,Greenlam ,266 SAT,Ash-Grey,2,,https://drive.google.com/file/d/1xFSx4e6NETpMvrlSz1YhKUJUGFZ6PBHb/view?usp=drive_link,
21,Greenlam ,271 SAT,light_grey,2,,https://drive.google.com/file/d/1nAK7FUyvJ-6V41NJCZ-oBZOM5fzsh3eQ/view?usp=drive_link,
22,Greenlam ,274 SAT,pine_nut,2,,https://drive.google.com/file/d/1Vb6xa0UjqKA0xAOxDjklTgtJElfxEY-w/view?usp=drive_link,
23,Greenlam ,277 BRL,Charcoal,2,,https://drive.google.com/file/d/129PSnfLoePuVqiEX_pSSI-qsPyV5iEHj/view?usp=drive_link,
24,Greenlam ,277 CNY,Charcoal,2,,https://drive.google.com/file/d/1elHlzi-5IuXChLMxeiK6lWW4tF5CrBRD/view?usp=drive_link,
25,Greenlam ,291 SAT,Electric_Blue,2,,https://drive.google.com/file/d/1EQfQwKkf-5sAumnFMhNDbon9FRB1QU3L/view?usp=drive_link,
26,Greenlam ,364 SAT,Emerald,2,,https://drive.google.com/file/d/1DtRQpw7KHOM9XQ2hIFK3oThGvcAPnjr5/view?usp=drive_link,
27,Greenlam ,401 ARN,Black,2,,https://drive.google.com/file/d/1KsPptI6O6uNNjO1305Se6-jjnvsZLDRt/view?usp=drive_link,
28,Greenlam ,466 HDG,Dark_Cherry,2,,https://drive.google.com/file/d/1Q0s3-3u2SZh20fDS3VhPrThd0_TJctkb/view?usp=drive_link,
29,Greenlam ,467 HDG,Mermaid,2,,https://drive.google.com/file/d/185M8jGIh5KDfjNaMykSvYKU5L0W9ORWG/view?usp=drive_link,
30,Greenlam ,608 BRL,American-Walnut,2,,https://drive.google.com/file/d/1mPNTyZPIDg0wltDX0jGXpnIsGC-z18Vf/view?usp=drive_link,
31,Greenlam ,682 BRL,Hiland-Pine,2,,https://drive.google.com/file/d/1TH8EpB_ClB_l7tyx0P4llJjeJMOcZmmo/view?usp=drive_link,
32,Greenlam ,774 BRL,Munich-Acacia,2,,https://drive.google.com/file/d/1lXZtr14a6vcSq9Y8yC1gCCwkaEukZ9V4/view?usp=drive_link,
33,Greenlam ,940 SAT,Neptuno-Pearl,2,,https://drive.google.com/file/d/1Zpk0W9Hub7882TkFz5aBT7SiLlNzgQ_B/view?usp=drive_link,
34,Greenlam ,5076 BRL,Primeval-Oak,2,,https://drive.google.com/file/d/10le7Xeh-YSrw2saiB7XMnDdjnBdFwoIY/view?usp=drive_link,
35,Greenlam ,5078 BRL,Esoteric-Oak,2,,https://drive.google.com/file/d/1bnxeDGmXaEXor-BqNeiUR4gXYOIu2dME/view?usp=drive_link,
36,Greenlam ,5082 hdg,louisiana_oak,2,,https://drive.google.com/file/d/1ukcCHE0nImTq1RRXg1p3ILyv-sNMvuta/view?usp=drive_link,
37,Greenlam ,5101 BRL,Horizon-Elm-Beige,2,,https://drive.google.com/file/d/16o87heH6wTYGbIRqpMHGyW5oI1z1obah/view?usp=drive_link,
38,Greenlam ,5101 VRB,Horizon-Elm-Beige,2,,https://drive.google.com/file/d/1Bpi1FMOhHRRE9B1YhCBowB3UKMxZMS1R/view?usp=drive_link,
39,Greenlam ,5102 BRL, Horizon-Elm-Brown,2,,https://drive.google.com/file/d/1wYb25hlOYmwLwgyF2CGs13xKteMuIA6k/view?usp=drive_link,
40,Greenlam ,5102 HDG, Horizon-Elm-Brown,2,,https://drive.google.com/file/d/1NC23UMbvNuEBj4ZX2DwVD730u_CkW0Zl/view?usp=drive_link,
41,Greenlam ,5106 BRL,Palermo-Oak,2,,https://drive.google.com/file/d/1jeGPZXsfBv2fqP-vx7r3MqAgt46FyXbW/view?usp=drive_link,
42,Greenlam ,5107 SAT,Vienna-Beech ,2,,https://drive.google.com/file/d/1qtxmvRAK2wkc6YDL9peoekzbJoZ0RWSu/view?usp=drive_link,
43,Greenlam ,5311 BRL,California-Ash,2,,https://drive.google.com/file/d/1z8-PgPzxbAoIH7BGVafzuwbRuXqaJNkw/view?usp=drive_link,
44,Greenlam ,5333 SAT,Nordic_Walnut,2,,https://drive.google.com/file/d/17fqGrveO9wQEjmAkU788v-irnDIh3-aZ/view?usp=drive_link,
45,Greenlam ,5345 VRB,noce-elegante,2,,https://drive.google.com/file/d/1tBX8Wx-5kOyX0rUeD-SU0k7DIj6EZ0-x/view?usp=drive_link,
46,Greenlam ,5348 VRB,sherwood,2,,https://drive.google.com/file/d/1q6slMjL4PwJvQuHTBmu9mRuwhDDJQNUk/view?usp=drive_link,
47,Greenlam ,5349 HDG ,austin-walnut,2,,https://drive.google.com/file/d/1pQ5SVQBUZHuqBXVgxRsqgteTGuccYRrJ/view?usp=drive_link,
48,Greenlam ,5353 SY1 ,rosenheim_elm ,2,,https://drive.google.com/file/d/1D5G-x4oAzIav7FHWHpSauDwiARC4_FVs/view?usp=drive_link,
49,Greenlam ,5376  HDG,texas-rodeo,2,,https://drive.google.com/file/d/1qRBIwAbeR-Nc3g4EQmklyT1qNW0k4oGq/view?usp=drive_link,
50,Greenlam ,5377 SAT ,dandy-wood-taupe,2,,https://drive.google.com/file/d/1H_5p-zmXXGitcyDh2CsWziGHhlNBR2gv/view?usp=drive_link,
51,Greenlam ,5382 HDG ,Chelsea_Chestnut_Brown,2,,https://drive.google.com/file/d/1k9eav5mc-JrJLj6f9ynzsItbNkRu57K9/view?usp=drive_link,
52,Greenlam ,5382 BRL,Chelsea-Chestnut-Brown,2,,https://drive.google.com/file/d/1-nuERgKtZHBh9A_zDurPVnHU-oVWO6Tz/view?usp=drive_link,
53,Greenlam ,5383 BRL,Chelsea-Chestnut-Anthracite,2,,https://drive.google.com/file/d/10fHB25MkRskgR3ndhfFL-fFhJpAxinC_/view?usp=drive_link,
54,Greenlam ,5392 SAT ,Modern-Oak,2,,https://drive.google.com/file/d/1DZQgNCpuW5GhcFB__dekDGSaWoh6MqOq/view?usp=drive_link,
55,Greenlam ,5428 vrb,trusted-oak-vrb,2,,https://drive.google.com/file/d/1CgkwIcgWJPuU9_Rra9D12x5J_Hv1u5sT/view?usp=drive_link,
56,Greenlam ,5572 HDG,Grey_Marquina,2,,https://drive.google.com/file/d/1JyrRaCAdu3iFktBMiW_OQBJ4e5MDMZsT/view?usp=drive_link,
57,Greenlam ,5583 CNY,Visconti ,2,,https://drive.google.com/file/d/1RIH64SnyYIs8HPT3_vkvxquAtlYpsj9y/view?usp=drive_link,
58,Greenlam ,5591 ARN, Kota-Pearl ,2,,https://drive.google.com/file/d/1FZoJIXtE6gZCs1LEceUmrVOks6U3avcO/view?usp=drive_link,
59,Greenlam ,5592 ARN,Kota-Sage,2,,https://drive.google.com/file/d/1fmhMheBsK27pUNqN3Eul_ueIViOHPRuo/view?usp=drive_link,
60,Greenlam ,5594 HDG,Olympia,2,,https://drive.google.com/file/d/1uxy-SWlrCTpSpJsyoIPv_xVuFulIfT63/view?usp=drive_link,
61,Greenlam ,5595 SAT, Scala-Grey ,2,,https://drive.google.com/file/d/1cAgY83vv8k3FdOQ2BvmQPvsTITF-SR6H/view?usp=drive_link,
62,Greenlam ,5596 CNY,Manitoba,2,,https://drive.google.com/file/d/122fsG66RT4fp_pdebk6j_ssukywXH9vC/view?usp=drive_link,
63,Greenlam ,5601 ARN,Woven-Ash-Grey,2,,https://drive.google.com/file/d/1nil2k0A-CgZHsSB6_5oVxzTZ5vHovhfr/view?usp=drive_link,
64,Greenlam ,5602 ARN, Woven-Anthracite ,2,,https://drive.google.com/file/d/1WwdjoOYZc3QokBO61PaVfbOYj7yYfvya/view?usp=drive_link,
65,Greenlam ,5641 ARN,Kimono,2,,https://drive.google.com/file/d/1s1HPpv-dv6SHaicP-pRlLiIx491JwJEr/view?usp=drive_link,
66,Greenlam ,5643 ARN,Manilla-Beige,2,,https://drive.google.com/file/d/1RJ7eeR8V1IFNI0B_617DVyUaQ-JaiUG3/view?usp=drive_link,
67,Greenlam ,5648 ARN, Luis-Grey ,2,,https://drive.google.com/file/d/1kEry02iG846SBih4CloQPknqIo-A35t3/view?usp=drive_link,
68,Greenlam ,5649 ARN,Luis-Brown ,2,,https://drive.google.com/file/d/1xMWvi-ui9Tjnzta5zozGJhwdd8U-qzrg/view?usp=drive_link,
69,Greenlam ,5671 CNY, Tivoli-Travertine ,2,,https://drive.google.com/file/d/19_kDYKNkiyZAtLD3TcknXgW8SCdpiUmI/view?usp=drive_link,
70,Greenlam ,5672 CNY, Capitol-Travertine ,2,,https://drive.google.com/file/d/1KZtgZy-B-u2xLI6SpnJ60pNIQ288hhqH/view?usp=drive_link,
71,Greenlam ,5673 CNY, Samsara ,2,,https://drive.google.com/file/d/1PZUB7-kDoiA_gSIo_EeoedhCuH9B1mSb/view?usp=drive_link,
72,Greenlam ,5673 HDG, Samsara ,2,,https://drive.google.com/file/d/1HEpvI-gAfc_8tYKTAGqP8x0H-N9XCvrx/view?usp=drive_link,
73,Greenlam ,5673 SAT , Samsara ,2,,https://drive.google.com/file/d/1JaqI73dDSJOTgVwu885ymCcUGtUBELwI/view?usp=drive_link,
74,Greenlam ,5674 CNY, Zeus-Brown ,2,,https://drive.google.com/file/d/10XqdJh6p_Vgbd3pAA2gH_dPjEsTnpxa3/view?usp=drive_link,
75,Greenlam ,5675 CNY,Marco-Marble ,2,,https://drive.google.com/file/d/1RvyVwmHPRUl5t2bF0gr1ip1YueI-4Rfs/view?usp=drive_link,
76,Greenlam ,9601 vrb , elm-glow ,2,,https://drive.google.com/file/d/1U4lVT3eOC6JF-3le88UsrczMHBM1r-4P/view?usp=drive_link,
77,Greenlam ,9614 vrb, spirited--oak ,2,,https://drive.google.com/file/d/1sRVuZljOd7V6K8hp7eou-PUUtgbrsryV/view?usp=drive_link,
78,Greenlam ,9851 afx , afx-white ,2,,https://drive.google.com/file/d/1V0cKxFwNvUZoX1jguhfP0RHmPlyDdR3w/view?usp=drive_link,
79,Greenlam , 608 HDG,American Walnut ,2,,https://drive.google.com/file/d/1FdcfaOgWD3b5QkTmA8JguE1_gGxxPbFY/view?usp=drive_link,
80,Greenlam , 5584 sgl,athena ,2,,https://drive.google.com/file/d/143afF6c9x4a6jfrtDCFDlniU07F9PFmo/view?usp=drive_link,
81,Greenlam , 173 HDG ,barbie pink,2,,https://drive.google.com/file/d/1u6u_KJjv1e48SLtoYiF9c8phAA_RmXaB/view?usp=drive_link,
82,Greenlam , 141 hdg ,beige ,2,,https://drive.google.com/file/d/1E_sp4h5jfvnlWNeXd9otpZFWauQ2gxbG/view?usp=drive_link,
83,Greenlam , 401 SAT,black ,2,,https://drive.google.com/file/d/1IB0zZyb6QE3aWbFU8gt_gE2JplCeaz8o/view?usp=drive_link,
84,Greenlam ,401 HDG,black,2,,https://drive.google.com/file/d/18v_sS1LwisQnMEnLW9gfoYx8nn4ECnui/view?usp=drive_link,
85,Greenlam , 297-sat ,blue_galaxy ,2,,https://drive.google.com/file/d/1aUZMucnAqWfiiY2E6hsGhDEn-1B72ohe/view?usp=drive_link,
86,Greenlam , 181 hdg,chocolate ,2,,https://drive.google.com/file/d/1lgFVxzx4nE5q3EeUYNouo4z3pfOAAby2/view?usp=drive_link,
87,Greenlam , 272 SAT ,cloud ,2,,https://drive.google.com/file/d/1B5Up2k0Yi-fZHFD91JJXzLVmtfsA-vCh/view?usp=drive_link,
88,Greenlam , 245 SAT ,dark_green ,2,,https://drive.google.com/file/d/1wiKHkgM5RkJmsRYPyNLmlDDHeH6wJV5W/view?usp=drive_link,
89,Greenlam , 261 hdg,dark_grey ,2,,https://drive.google.com/file/d/1gkon4hZYNyk7XeWWz53Ky8E8m24gxUYO/view?usp=drive_link,
90,Greenlam , 261 SAT ,dark_grey,2,,https://drive.google.com/file/d/18Hfk3m_JAPkX-GnW22Bgng30EVFwf3aX/view?usp=drive_link,
91,Greenlam , 111 sat ,designer_white ,2,,https://drive.google.com/file/d/1moH-cX0AmVoiZ7XBbGz6LV07qrR7vXWk/view?usp=drive_link,
92,Greenlam , 207 HDG ,divine_yellow ,2,,https://drive.google.com/file/d/1dng8F4X2rP_sj4Z9hFJGhPfLtMRtVFyO/view?usp=drive_link,
93,Greenlam , 296 SAT ,fog ,2,,https://drive.google.com/file/d/1A8MpulqIVNjjt4xYNWWbcijTrOBytjKE/view?usp=drive_link,
94,Greenlam , 5572 hdg ,grey_marquina ,2,,https://drive.google.com/file/d/1KoDEuzcHPWGWz9x8aLlxA1Ne6Xq6amK3/view?usp=drive_link,
95,Greenlam ,300 SGL, robin-blue ,2,,https://drive.google.com/file/d/17HarzUEPFOsoCF9mP68Sukv9cVULngWs/view?usp=drive_link,
96,Greenlam , 5574 SGL ,statuario ,2,,https://drive.google.com/file/d/1LR30psnY3-wluLThAQjb1kWjHxQyNgfj/view?usp=drive_link,
97,Greenlam ,5351 sy1 , cardiff-elm ,2,,https://drive.google.com/file/d/1R3ZHIVigSEcIh3yq1VJg68ROEJvZJLmh/view?usp=drive_link,
98,Greenlam ,5353_rosenheim_elm_SY1_1_5, rosenheim_elm ,2,,https://drive.google.com/file/d/1D5G-x4oAzIav7FHWHpSauDwiARC4_FVs/view?usp=drive_link,
99,Greenlam ,5376  HDG , texas-rodeo ,2,,https://drive.google.com/file/d/1qRBIwAbeR-Nc3g4EQmklyT1qNW0k4oGq/view?usp=drive_link,
100,Greenlam ,5377 SAT  , dandy-wood-taupe ,2,,https://drive.google.com/file/d/1H_5p-zmXXGitcyDh2CsWziGHhlNBR2gv/view?usp=drive_link,
101,Greenlam ,5382 HDG, Chelsea Chestnut Brown ,2,,https://drive.google.com/file/d/1k9eav5mc-JrJLj6f9ynzsItbNkRu57K9/view?usp=drive_link,
102,Greenlam ,5382 BRL, Chelsea-Chestnut-Brown ,2,,https://drive.google.com/file/d/1-nuERgKtZHBh9A_zDurPVnHU-oVWO6Tz/view?usp=drive_link,
103,Greenlam ,5383 BRL, Chelsea-Chestnut-Anthracite ,2,,https://drive.google.com/file/d/10fHB25MkRskgR3ndhfFL-fFhJpAxinC_/view?usp=drive_link,
104,Greenlam ,5392 SAT , Modern-Oak ,2,,https://drive.google.com/file/d/1DZQgNCpuW5GhcFB__dekDGSaWoh6MqOq/view?usp=drive_link,
105,Greenlam ,5428 vrb , trusted-oak,2,,https://drive.google.com/file/d/1CgkwIcgWJPuU9_Rra9D12x5J_Hv1u5sT/view?usp=drive_link,
106,Greenlam ,5572 HDG, Grey_Marquina ,2,,https://drive.google.com/file/d/1JyrRaCAdu3iFktBMiW_OQBJ4e5MDMZsT/view?usp=drive_link,
107,Greenlam ,5583 CNY, Visconti ,2,,https://drive.google.com/file/d/1RIH64SnyYIs8HPT3_vkvxquAtlYpsj9y/view?usp=drive_link,
108,Greenlam ,5591 ARN, Kota-Pearl,2,,https://drive.google.com/file/d/1FZoJIXtE6gZCs1LEceUmrVOks6U3avcO/view?usp=drive_link,
109,Greenlam ,5592 ARN, Kota-Sage ,2,,https://drive.google.com/file/d/1fmhMheBsK27pUNqN3Eul_ueIViOHPRuo/view?usp=drive_link,
110,Greenlam ,5594 HDG, Olympia ,2,,https://drive.google.com/file/d/1uxy-SWlrCTpSpJsyoIPv_xVuFulIfT63/view?usp=drive_link,
111,Greenlam ,5595 SAT, Scala-Grey ,2,,https://drive.google.com/file/d/1cAgY83vv8k3FdOQ2BvmQPvsTITF-SR6H/view?usp=drive_link,
112,Greenlam , 303 SAT ,zephyr_blue ,2,,https://drive.google.com/file/d/1vTaxpXN9rQnD1gEYzHfCeJdv7SEfoRbZ/view?usp=drive_link,
113,Greenlam , 101 hdg ,white ,2,,https://drive.google.com/file/d/1p6sCC_lSMChbJpuZKUSLHAT6WkejY5o6/view?usp=drive_link,
114,Greenlam ,9624 vrb,walnut_delicacy ,2,,https://drive.google.com/file/d/1PGLJ_hClUuCUnpkMaTrrAz2TfpoYSArz/view?usp=drive_link,
115,Greenlam , 5352 sy1 , rovigo-elm ,2,,https://drive.google.com/file/d/1ZUtv9jhwq7VmfDR87GqZT8Ex1QY_xHle/view?usp=drive_link,
116,Greenlam , 766 SAT ,rich_walnut ,2,,https://drive.google.com/file/d/1hexWblKMHB4iMDH4nr5wxizL6ZLLLTCf/view?usp=drive_link,
117,Greenlam , 204 HDG ,red_dynasty ,2,,https://drive.google.com/file/d/1OwLG7McjmCJZX-jkNAaYsxhohmQR9bbU/view?usp=drive_link,
118,Greenlam , 9610 vrb ,pure_ash ,2,,https://drive.google.com/file/d/1xYaoOKMgYr5O1Q4gYyz-nXtW5kJvcb9z/view?usp=drive_link,
119,Greenlam , 452 sud ,plum ,2,,https://drive.google.com/file/d/1SWdrIUkQowe94vD4fB4rLY6WNctUuFTt/view?usp=drive_link,
120,Greenlam , 362 sgl ,niagara ,2,,https://drive.google.com/file/d/1v7QXJvsnbx2v-l2h1iEq4kXtSjAf4r7U/view?usp=drive_link,
121,Greenlam , 124  SGL ,mysore_ivory ,2,,https://drive.google.com/file/d/1E_XaMZyEwQY_Edo84_9xGu40QU-wKq62/view?usp=drive_link,
122,Greenlam , 5343 Sgl ,liro_sap ,2,,https://drive.google.com/file/d/1AH-loQvO4QJQWTpc5qgCljkN9kXesPiI/view?usp=drive_link,
123,Greenlam , 5426 vrb ,limewashed_ash ,2,,https://drive.google.com/file/d/1x7phwqLSGEbiIFxfCeL5gywkqbOePrQx/view?usp=drive_link,
124,Greenlam , 217 SGL ,light_orange ,2,,https://drive.google.com/file/d/18h17pMNw_g-Dq75ZUGmjBR9nffLARX_l/view?usp=drive_link,
125,Greenlam , 248 SAT ,leaf_green ,2,,https://drive.google.com/file/d/1wk5mtmPBe-86rdC2ZXmPuu18NE05kQol/view?usp=drive_link,
126,Greenlam , 9618 vrb ,kosher_wenge,2,,https://drive.google.com/file/d/12ToGQ9-61rPvvFAmYHAtS4mCoycaYgAo/view?usp=drive_link,
127,Greenlam , 9611 vrb ,innate_ash ,2,,https://drive.google.com/file/d/1y4g6JQZB0356S3KC6uiGI4jqHth1MkDe/view?usp=drive_link,
128,Greenlam ,401  hdg, black ,2,,https://drive.google.com/file/d/1KCKaP61TuTjvC5fkWur-rRJ1aSdJwanL/view?usp=drive_link,
129,Greenlam , 5572 hdg ,grey_marquina ,2,,https://drive.google.com/file/d/1KoDEuzcHPWGWz9x8aLlxA1Ne6Xq6amK3/view?usp=drive_link,
130,Greenlam ,107 HDG ,wool,2,,https://drive.google.com/file/d/1ocPnNbR69OPwYVNL4i9_u_6M6t2uCxkv/view?usp=drive_link,
131,Greenlam ,107 SAT ,wool,2,,https://drive.google.com/file/d/1-rPPDPmE12FPOOiuztLRfW5YCvw6X_Ok/view?usp=drive_link,
132,Greenlam ,107 SUD , wool,2,,https://drive.google.com/file/d/1ZBHvVdAd6XPVMRgYjmdDNx3Z6G238WOt/view?usp=drive_link,
133,Greenlam ,124 SAT , Mysore_Ivory ,2,,https://drive.google.com/file/d/11JNAkGRWH8UXag65wt_0rakLgWg167Cn/view?usp=drive_link,
134,Greenlam ,124 HDG , Mysore_Ivory ,2,,https://drive.google.com/file/d/1qAYj5O1sbPUYO1fUXA1BZ98HapXBS18m/view?usp=drive_link,
135,Greenlam ,124 SGL , Mysore_Ivory ,2,,https://drive.google.com/file/d/1Rb2kF6LLV9Af_-q8W_WijE270gqh0UIZ/view?usp=drive_link,
136,Greenlam ,101 SUD  , White ,2,,https://drive.google.com/file/d/1B73a4IC0udkqzBw3rph5ytLRQ0kCrVLg/view?usp=drive_link,
137,Greenlam ,107 ASH , wool,2,,https://drive.google.com/file/d/1JVk-r7jUOPMPdXN8NrRjHaqvJxmVbtMX/view?usp=drive_link,
138,Greenlam ,107 JUP , Wool ,2,,https://drive.google.com/file/d/1IOHK0MjhiKlDRMpqadDvYWc_Saj9wBiu/view?usp=drive_link,
139,Greenlam ,107 SUD ,wool ,2,,https://drive.google.com/file/d/1ZqbjA98-JaiJax5Uts_Scd5Wx9L3K-QZ/view?usp=drive_link,
140,Greenlam ,107 FWN,Wool,2,,https://drive.google.com/file/d/1jkQ6jG4_5QZ7UxYd1BZGYlQaZ-TnfvO7/view?usp=drive_link,
141,Greenlam ,107 OLM , wool ,2,,https://drive.google.com/file/d/1jviaWsRNZzGc7P-MdZai1yOlBGehqZW4/view?usp=drive_link,
142,Greenlam ,108 SUD ,absolute white,2,,https://drive.google.com/file/d/1IbbUrXbNaBM1a_3l2WdpJUYOQKprofqj/view?usp=drive_link,
143,Greenlam ,124 SUD , Mysore_Ivory ,2,,https://drive.google.com/file/d/147r1Iu2VxtUeNQ5dkqch2k5dgDP3Cfga/view?usp=drive_link,
144,Greenlam ,125 SUD, Sand ,2,,https://drive.google.com/file/d/17M7hRSdPH2_GqKaLzQA31BMs4NpgVN5z/view?usp=drive_link,
145,Greenlam ,132 sud , cyclone ,2,,https://drive.google.com/file/d/1u4RyCX364sM-yZo5tDOn1IgjKecoBrIV/view?usp=drive_link,
146,Greenlam ,133 sud , moon_stone ,2,,https://drive.google.com/file/d/1DkCeS2f4pyzTxNSUhTWGQWNbqykNk78j/view?usp=drive_link,
147,Greenlam ,137 SUD , Mustard ,2,,https://drive.google.com/file/d/1xxr1S55pyJNFARwyHo1H26oGi3KzZ7Wu/view?usp=drive_link,
148,Greenlam ,138 SUD , Teracotta ,2,,https://drive.google.com/file/d/1RDTuuD6iQKXT8Nj95B8X__55wKCznR2n/view?usp=drive_link,
149,Greenlam ,141 SUD, Beige ,2,,https://drive.google.com/file/d/1PizM9jC5jLpcOR4lYGwJoxBHNb4xmzFs/view?usp=drive_link,
150,Greenlam ,141 FWN, Beige ,2,,https://drive.google.com/file/d/1pJGZ1IbQ1GcK34yUdwODf2BqY9xynWxx/view?usp=drive_link,
151,Greenlam ,145 SUD,doeskin,2,,https://drive.google.com/file/d/1i_YLMXgyKeSyyez135_apZ8yxIBnnoEr/view?usp=drive_link,
152,Greenlam ,146 FWN , Oatmeal ,2,,https://drive.google.com/file/d/1N3K2yrzIERoowPJAu3A2Xhq5G4em-sE_/view?usp=drive_link,
153,Greenlam ,148 SUD,tidal-sand,2,,https://drive.google.com/file/d/17RfShkU33wB2SBNKq3XLdHMqxfQUiXS9/view?usp=drive_link,
154,Greenlam ,152 SUD,Almond,2,,https://drive.google.com/file/d/1fZTYa29vxMGQc1xIOetLcQPX9bPtIfha/view?usp=drive_link,
155,Greenlam ,163 JUP , Bay ,2,,https://drive.google.com/file/d/1th9zgSCefdA_dVZb623E5nqajLAx4ysp/view?usp=drive_link,
156,Greenlam ,165 SUD,light-red,2,,https://drive.google.com/file/d/14hBXJ335PrCPfLKdLkymsfDykHXi2pwY/view?usp=drive_link,
157,Greenlam ,168 SUD , Pink,2,,https://drive.google.com/file/d/1e4Ax2NXE7nGnF6A6ktrgwM5yx84Cr1h0/view?usp=drive_link,
158,Greenlam ,169 SUD,rose-pink,2,,https://drive.google.com/file/d/1P3ClodGhGMKdbRs4CPju6PCMmYawmHlP/view?usp=drive_link,
159,Greenlam ,172 SUD, Light-Pink ,2,,https://drive.google.com/file/d/18d78I7ej-r2olvJm3SYKpF3y0JydsZ6l/view?usp=drive_link,
160,Greenlam ,174 SUD,Powder_Pink,2,,https://drive.google.com/file/d/12zSZsImW6-wm1iJjPoVL2hy_p4kxGdQB/view?usp=drive_link,
161,Greenlam ,175 SUD ,Heather,2,,https://drive.google.com/file/d/1jd2ibErK30O34wKLVnpVwvUGZQuTxCXM/view?usp=drive_link,
162,Greenlam ,181 SUD , Chocolate ,2,,https://drive.google.com/file/d/1Vcs5YVqEOKaskyhrK2iW2UHulsE29N2h/view?usp=drive_link,
163,Greenlam ,182 JUP , Bark ,2,,https://drive.google.com/file/d/1XS0mQZvIvlw74wDyQtRi5jXwD_uPzGmN/view?usp=drive_link,
164,Greenlam ,182 SUD,Bark,2,,https://drive.google.com/file/d/1-kslfbdblHQsAy0jcgnToBmohLZ7o1l1/view?usp=drive_link,
165,Greenlam ,203 SUD,red ,2,,https://drive.google.com/file/d/1DP5YKbNKxf8-hQpWkMgJtZasiqrglDNx/view?usp=drive_link,
166,Greenlam ,205 JUP,Brick,2,,https://drive.google.com/file/d/1Jx47i8bggOWIOkOpCt9p-xH7PB2LnixL/view?usp=drive_link,
167,Greenlam ,213 SUD,Orange,2,,https://drive.google.com/file/d/12gP4Vds1Vv-hHVBenbNqBxEFBhgKuWcC/view?usp=drive_link,
168,Greenlam ,217 sgl , light_orange ,2,,https://drive.google.com/file/d/1zMxnOCcqNDitmzmR9XOOhrUXHLcAplLU/view?usp=drive_link,
169,Greenlam ,217 sud , light_orange,2,,https://drive.google.com/file/d/1A5izEl6Hf69AyfoymhzNtZffMV3KkJnt/view?usp=drive_link,
170,Greenlam ,229 Sgl , Yellow ,2,,https://drive.google.com/file/d/1ggAVEbDMf6r_DjPul3k9yM4aMFTSyd-t/view?usp=drive_link,
171,Greenlam ,229 SUD,Yellow,2,,https://drive.google.com/file/d/1g1bryZTIjRrmvVk-ZPNObUkeAS54Fd-H/view?usp=drive_link,
172,Greenlam ,230 SUD,cream-yellow ,2,,https://drive.google.com/file/d/1hqprLyVRKpJTnN2qZePhObuZMXH0JHvc/view?usp=drive_link,
173,Greenlam ,240 SUD , Eucalyptus ,2,,https://drive.google.com/file/d/1mYy7gyhSrnwPOxMIO0eWoHabILJfF5s2/view?usp=drive_link,
174,Greenlam ,244 FWN,Green_Pepper,2,,https://drive.google.com/file/d/1igRd7Ik0G31Zc2AEkJfJqYdqXz1Rjqbh/view?usp=drive_link,
175,Greenlam ,244 SUD,Green-Pepper,2,,https://drive.google.com/file/d/1oxXqHjF6OjjA0ViNrGG8QTqdYNYVQA3k/view?usp=drive_link,
176,Greenlam ,246 SUD,pista,2,,https://drive.google.com/file/d/1w2NfJ7TbJpd4Mh3jbAtvGH82cVdPPOkH/view?usp=drive_link,
177,Greenlam ,247 SUD, Dutch ,2,,https://drive.google.com/file/d/16Zkwx8eNiRTVHgHC4JUH8qp8O8QnRQsx/view?usp=drive_link,
178,Greenlam ,250 SUD,grass-green ,2,,https://drive.google.com/file/d/1NHIO9erbiIfHL_vu_PPWKa0552PoRCQ8/view?usp=drive_link,
179,Greenlam ,251 SUD, Bright-Green ,2,,https://drive.google.com/file/d/1i5T18dPrVZMSK6rJe0iLSLVw7Os0oY9o/view?usp=drive_link,
180,Greenlam ,260 SUD,aqua-green,2,,https://drive.google.com/file/d/1sjNlcw5ybCzR2U0VuIMrYAbUIZ0BZgBW/view?usp=drive_link,
181,Greenlam ,261 sud , dark_grey ,2,,https://drive.google.com/file/d/1CjsrmDiIwqfx1hWIEHAjEo2tXWCQ-mcP/view?usp=drive_link,
182,Greenlam ,262 sud, grey ,2,,https://drive.google.com/file/d/1wxISzyWQY8jKsnH0QdMsZUZ-fPep5zRB/view?usp=drive_link,
183,Greenlam ,265 SUD, Grey-Sand ,2,,https://drive.google.com/file/d/1LFhiWhRpMt_OdK93MTMcTpKjQzWLOe9B/view?usp=drive_link,
184,Greenlam ,266 SUD , Ash-Grey ,2,,https://drive.google.com/file/d/1AXT1MI1GI2niIFt9LilSkJODyspm43fy/view?usp=drive_link,
185,Greenlam ,268 sud , dust-sud ,2,,https://drive.google.com/file/d/1ru6oZjfF8uncuOrrDeKy1CnbUfRHpyUr/view?usp=drive_link,
186,Greenlam ,269 jup, smog_jupiter ,2,,https://drive.google.com/file/d/1y1-AYzMwfAky0hsTiBlmot6FJuEqLXk3/view?usp=drive_link,
187,Greenlam ,270 FWN,Silver_Grey,2,,https://drive.google.com/file/d/1zIF3ys4T5HYj6t2sCNZVl3qAtTCufSVd/view?usp=drive_link,
188,Greenlam ,271 sud , light_grey ,2,,https://drive.google.com/file/d/1b4UrMGDIHVIx2gsFuBk8tZYFhM8IJzlI/view?usp=drive_link,
189,Greenlam ,273 SUD, Sky-Grey ,2,,https://drive.google.com/file/d/1iwm1fFHkZSqIgjb6M6qtWdn5djkdqHvl/view?usp=drive_link,
190,Greenlam ,274 sud, pine_nut ,2,,https://drive.google.com/file/d/1FPe0Aag5vdT5uH_sFMbTlc9IFyldxHIY/view?usp=drive_link,
191,Greenlam ,275 SUD , Pearl-Grey,2,,https://drive.google.com/file/d/1G8NA82vO4bL1ZoPlA-uZv8Syq0NaaRFY/view?usp=drive_link,
192,Greenlam ,276 SUD , pebble ,2,,https://drive.google.com/file/d/14PFgNjaU1MB-d7_5OikuCIrMQKc8AzpS/view?usp=drive_link,
193,Greenlam ,282 SUD,light-blue ,2,,https://drive.google.com/file/d/1Qskq23N56sZL9ww3j21T8MW1aaqKqix_/view?usp=drive_link,
194,Greenlam ,283 SUD,sky-blue ,2,,https://drive.google.com/file/d/1koHtOA_vnlOhmCXBnpYF8hrq0ZL-IC6w/view?usp=drive_link,
195,Greenlam ,285 SUD,lilac ,2,,https://drive.google.com/file/d/1f4xp6xCAl-uxVknqAZIeg_c8wydZA-Xa/view?usp=drive_link,
196,Greenlam ,286 SUD, Lagoon ,2,,https://drive.google.com/file/d/1kGJe1ojwDgHPWjAAOzWW4BbOwegPvBvi/view?usp=drive_link,
197,Greenlam ,294 SUD,storm ,2,,https://drive.google.com/file/d/1dNBvUkpkfPEDEHcqN0PYuouNGXfoEWvF/view?usp=drive_link,
198,Greenlam ,300 SUD,robin-blue ,2,,https://drive.google.com/file/d/1jooxoq7pc0285XUh37x6qDyqWpPfhO2G/view?usp=drive_link,
199,Greenlam ,361 SUD , golf-green ,2,,https://drive.google.com/file/d/1OG8_Ixt-6JQlt9OtTxmr1GJF-QXky3yH/view?usp=drive_link,
200,Greenlam ,364 SUD,Emerald ,2,,https://drive.google.com/file/d/1ICO_ils3Li9w1YcmesgBR2_RGAVLfGSW/view?usp=drive_link,
201,Greenlam ,401 OLM ,black,2,,https://drive.google.com/file/d/1ug3zDoVudfWxamlS2JKgYirqGLOjAuqJ/view?usp=drive_link,
202,Greenlam ,401 SUD,black ,2,,https://drive.google.com/file/d/1lmMraOCTvrbFejg1Onb8fPzhljllF7bs/view?usp=drive_link,
203,Greenlam ,401 TRC , black ,2,,https://drive.google.com/file/d/1-Eqas0XJHtVwBxSCJ9IbwG1PHUlztR_i/view?usp=drive_link,
204,Greenlam ,401 FWN,Black,2,,https://drive.google.com/file/d/12c6yG77Yc-rTTMA6-tvdG5V8jJbM4qiT/view?usp=drive_link,
205,Greenlam ,401 JUP,Black,2,,https://drive.google.com/file/d/127HXJBY7N-MPfFRFfjPLcnQ2BQ3hvc7J/view?usp=drive_link,
206,Greenlam ,451 SUD,lavender,2,,https://drive.google.com/file/d/1HoyJy09XUsV7oJAdwMEAwvqzQrmJ12Kv/view?usp=drive_link,
207,Greenlam ,454 SUD,purple,2,,https://drive.google.com/file/d/16wbp-O6n58fx67zZp7frYt7GkR_xu1RZ/view?usp=drive_link,
208,Greenlam ,463 SUD, Pacific ,2,,https://drive.google.com/file/d/1IL_HVCVoA1enenjeuf9GG0yS1eB75-w8/view?usp=drive_link,
209,Greenlam ,465 SUD,London_Grey,2,,https://drive.google.com/file/d/1J4sxkEeh7AqUxgeiDQGoRHVpvPJJTk6K/view?usp=drive_link,
210,Greenlam ,466 SUD,Dark_Cherry,2,,https://drive.google.com/file/d/1YI5whSMMji0KLFO5nXpnhrk04xYGAMbj/view?usp=drive_link,
211,Greenlam ,467_SUD,Mermaid,2,,https://drive.google.com/file/d/1EYFmetyRi_lGE2-gOTlxpRCK5L_2jzgi/view?usp=drive_link,
212,Greenlam ,503 SUD ,Mod-Twine ,2,,https://drive.google.com/file/d/1eG9qOgnE2yvv68ougt6RfYarhOqk00pT/view?usp=drive_link,
213,Greenlam ,505 SUD , livid_ecstasy ,2,,https://drive.google.com/file/d/1-W4D4jgqsP5NNflVD1v9M2oYdf9VhdDt/view?usp=drive_link,
214,Greenlam ,608 SUD , American_Walnut,2,,https://drive.google.com/file/d/1HUSx4xo5v8JtjM3uNWTKn7DV0b8AehcY/view?usp=drive_link,
215,Greenlam ,628 SUD,ANEGRE,2,,https://drive.google.com/file/d/1OolwggTNlLD_i6x-yRV8BOZ0tzw2F7D3/view?usp=drive_link,
216,Greenlam ,682_SUD,Hiland_Pine,2,,https://drive.google.com/file/d/1B0as7AEfLES3ka1Mn_x5gF3NOV6LWVY9/view?usp=drive_link,
217,Greenlam ,711 SUD,Siam-Teak,2,,https://drive.google.com/file/d/1pa4r1ijWw5VHv8pcIJVtdVnckoTRTN4g/view?usp=drive_link,
218,Greenlam ,693 SUD,vancouver-maple,2,,https://drive.google.com/file/d/1Vnsbgx5JsaIc2eaRaM6vMpTqqybGvMg4/view?usp=drive_link,
219,Greenlam ,728 SUD, European-White-Elm ,2,,https://drive.google.com/file/d/178SXf8uMVoUpIuGem5UMCO6qtEFXq6Dp/view?usp=drive_link,
220,Greenlam ,745 sud , java-antique ,2,,https://drive.google.com/file/d/12ZgMW7Z-kZzVz1EU8wePRFqg1_SwZPUb/view?usp=drive_link,
221,Greenlam ,749 SUD , Sapele ,2,,https://drive.google.com/file/d/1qUyEwEvdKLBDpKI2TXPijOiR2QzSJqrq/view?usp=drive_link,
222,Greenlam ,770 SUD , douglas-fir ,2,,https://drive.google.com/file/d/19qWWBzt3OVVaOW5_FzC3GPpz08dCeocM/view?usp=drive_link,
223,Greenlam ,923 SUD , meta_silver ,2,,https://drive.google.com/file/d/1Md5KX7sTurmW6KKlV6acuDVNwdGy_WPW/view?usp=drive_link,
224,Greenlam ,928 SUD,metaline,2,,https://drive.google.com/file/d/1o8xISGWLLtClGI1aDpDMYPLQ916jAOIn/view?usp=drive_link,
225,Greenlam ,929 SUD,Metaline-Grey,2,,https://drive.google.com/file/d/1HFygYO3tBBeanOJSTKkKBj-IJimZsUnH/view?usp=drive_link,
226,Greenlam ,930 SPK , Glisten ,2,,https://drive.google.com/file/d/1oK3jjtooVHLsTpH0MINDwcBfWecUPwr7/view?usp=drive_link,
227,Greenlam ,930 FWN,Glisten,2,,https://drive.google.com/file/d/1MbhZBpqZfSdZZ3KbQCgwMNHMvVDiou3J/view?usp=drive_link,
228,Greenlam ,932 SPK , glitter ,2,,https://drive.google.com/file/d/1l3SMD9l0m4zVbS2DfCgNaAzEapiIDrN-/view?usp=drive_link,
229,Greenlam ,933 SPK , Glimmer,2,,https://drive.google.com/file/d/1-RgnWx0Ij-Surbf2Pk_2SO8Rc0lvqjaO/view?usp=drive_link,
230,Greenlam ,937 SGL,chicago-steel,2,,https://drive.google.com/file/d/1dRZQ524RS-nqXuz_vH1HWFVskW7mcFZc/view?usp=drive_link,
231,Greenlam ,937 SUD,chicago-steel,2,,https://drive.google.com/file/d/10pJNLhfY5L41SjlvDD-RjM7KpXMSB6wB/view?usp=drive_link,
232,Greenlam ,946 SUD,shell,2,,https://drive.google.com/file/d/1hzeTqMU0RSehBlCO4ISRhvEWlgU9qPC8/view?usp=drive_link,
233,Greenlam ,948 SUD,black-sea-pearl,2,,https://drive.google.com/file/d/1usxZ1_YPrDTc-8dfytcuAtjO6Ah4Y9C0/view?usp=drive_link,
234,Greenlam ,948 FWN,Black_Sea_Pearl,2,,https://drive.google.com/file/d/1hWO0HE8yJ0ialpAL_Az9hpXkO6QKyFU8/view?usp=drive_link,
235,Greenlam ,5043 SUD , Scarlet-Sycamore ,2,,https://drive.google.com/file/d/17JalHyZyiGD36zeBenuvXunSIzRceyqJ/view?usp=drive_link,
236,Greenlam ,5054 SUD,Ornate-Prune,2,,https://drive.google.com/file/d/1yaRvWiP7jJu4AIMti6uNUB3Cwz66YwBN/view?usp=drive_link,
237,Greenlam ,5076 ARA, Primeval-Oak ,2,,https://drive.google.com/file/d/1We8ceh-7oqlBwtoYMd60RN2iDDrw_IGh/view?usp=drive_link,
238,Greenlam ,5078 SUD , Esoteric-Oak ,2,,https://drive.google.com/file/d/1wtLwER7CX_y45Av9ufUWtOUQmdpFo9EE/view?usp=drive_link,
239,Greenlam ,5082 SUD , louisiana_oak,2,,https://drive.google.com/file/d/18nPoH-SlebuvCUjMj2DAJA-O4yUgtZXT/view?usp=drive_link,
240,Greenlam ,5095 SUD , Arcana_Pearl ,2,,https://drive.google.com/file/d/1BVIxgbOd16SkDAUh-Ndwoh0YZD1YYA62/view?usp=drive_link,
241,Greenlam ,5096 SUD , Arcana-Brown,2,,https://drive.google.com/file/d/1uN2PZ8OE-HNya1QiEsuukdxzSjWpYCyl/view?usp=drive_link,
242,Greenlam ,5097 SUD , Arcana_Grey ,2,,https://drive.google.com/file/d/1HP5_wDXr-24IxA6KxQJ2uFawSjmLtRQ3/view?usp=drive_link,
243,Greenlam ,5101 SUD , Horizon-Elm-Beige ,2,,https://drive.google.com/file/d/1wWeOfrb9M7zZ57UuxKkGosk9wBdcYB2d/view?usp=drive_link,
244,Greenlam ,5102 SUD , Horizon-Elm-Brown ,2,,https://drive.google.com/file/d/1WP9McUnCigqpiMz5blFIQgNONuNkcSiS/view?usp=drive_link,
245,Greenlam ,5103 SUD, Belavista-Taupe ,2,,https://drive.google.com/file/d/1byuYnsNoyh_nNQeSgAF4gYYM7btJuLrT/view?usp=drive_link,
246,Greenlam ,5104 SUD ,Belavista-Brown ,2,,https://drive.google.com/file/d/1jFqn2e-S6k84mbKbBC0GCdR20_RBfywE/view?usp=drive_link,
247,Greenlam ,5105 SUD , Library-Wood ,2,,https://drive.google.com/file/d/1UPFN2csWmCp9VHWQ-W534VkQHIWRB-fK/view?usp=drive_link,
248,Greenlam ,5106 SUD , Palermo-Oak ,2,,https://drive.google.com/file/d/16WBz_kD8FZV1J6V-LsA4OH1mlxYNbxNo/view?usp=drive_link,
249,Greenlam ,5107 SUD, Vienna-Beech ,2,,https://drive.google.com/file/d/1_Km8XvSme0s8sZP5455MZxchv3GlPSG6/view?usp=drive_link,
250,Greenlam ,5302 SUD, Pure-Eucalyptus ,2,,https://drive.google.com/file/d/1f0YDAUGAxVslanrDWnkUMB85pD8yay-O/view?usp=drive_link,
251,Greenlam ,5304 SUD , Clear-Splendor ,2,,https://drive.google.com/file/d/1zxeviK7bysW1oShqYTCtOF1RhvA6WysZ/view?usp=drive_link,
252,Greenlam ,5308 SUD, Rift-Oak ,2,,https://drive.google.com/file/d/1EqGDnn_atLFC0I4GnT3ppf7O1x7Un30z/view?usp=drive_link,
253,Greenlam ,5314 SUD , Urbane_Banana ,2,,https://drive.google.com/file/d/1BnYjJG3vPSR6vO3Nv909RlV8APN6fz9o/view?usp=drive_link,
254,Greenlam ,5333 SUD,Nordic_Walnut,2,,https://drive.google.com/file/d/1sY_ayLAsXjIxfe9LXXuNBl8CLk0mtgG2/view?usp=drive_link,
255,Greenlam ,5334 OLM ,canyon-walnut,2,,https://drive.google.com/file/d/1v3SXpzu90z6KO3POryjSwJ-ZdhV51OiP/view?usp=drive_link,
256,Greenlam ,5334 SUD , canyon-walnut,2,,https://drive.google.com/file/d/1VRBBmEq-rA_wtgbkB20sqtdqhdYsvjjN/view?usp=drive_link,
257,Greenlam ,5335 SUD, Bandung-Teak,2,,https://drive.google.com/file/d/1idqBTt929rkfIOosSOUipXma2Qa1pLoD/view?usp=drive_link,
258,Greenlam ,5345 SUD , Noce-Elegante ,2,,https://drive.google.com/file/d/1fsm625MWCNDByGPqmeP7LEAsmEDq_cJT/view?usp=drive_link,
259,Greenlam ,5375 SUD,saturno-walnut,2,,https://drive.google.com/file/d/1DgVRlYPlhOZTh2kX3Gltyuk8yi7pjRWx/view?usp=drive_link,
260,Greenlam ,5375 TRC,saturno-walnut,2,,https://drive.google.com/file/d/1JlI_m7ofHrGsVn8I6MgSTkqynXcyVPBR/view?usp=drive_link,
261,Greenlam ,5376 SUD,texas-rodeo ,2,,https://drive.google.com/file/d/1_RJVYq49IgrO14T-sRn6OMln7pbOXhrI/view?usp=drive_link,
262,Greenlam ,5377 SUD , dandy-wood-taupe ,2,,https://drive.google.com/file/d/1FDsdi_qqnhAll7oTExR_Db765ZNjbaQF/view?usp=drive_link,
263,Greenlam ,5378 SUD,dandy-wood-anthracite ,2,,https://drive.google.com/file/d/1xf5P8vggV70UXwN2rcXldGNpK6FV4hpr/view?usp=drive_link,
264,Greenlam ,5380 TRC , Black_Forest ,2,,https://drive.google.com/file/d/1B5BvUFt0d4cwX_vH6K0jbmjw0dshBQ64/view?usp=drive_link,
265,Greenlam ,5380 SUD,Black_Forest ,2,,https://drive.google.com/file/d/1WhQBuzImWIEQdlwRDLJ0uef7P53Cuoh_/view?usp=drive_link,
266,Greenlam ,5382 SUD , Chelsea_Chestnut_Brown ,2,,https://drive.google.com/file/d/1JcPSjBsytXFy-2gnV4dyrTWzVOPmD9EZ/view?usp=drive_link,
267,Greenlam ,5382 TRC,Chelsea_Chestnut_Brown,2,,https://drive.google.com/file/d/1b0mnsemY-DmGKeyDRYgKE3VhqoxxxTS7/view?usp=drive_link,
268,Greenlam ,5391 SUD , Oslo ,2,,https://drive.google.com/file/d/1aaPjK9C-QBrEZBe6CHWZzSjAwjhB-b01/view?usp=drive_link,
269,Greenlam ,5392 SAN , SAN-Modern-Oak ,2,,https://drive.google.com/file/d/1MbxTLamdC9FsHanTJApfP18Vf98zQfyz/view?usp=drive_link,
270,Greenlam ,5392 SUD,Modern-Oak,2,,https://drive.google.com/file/d/1_-jByPSfddSOT67TDPj5WF154fpMU_M_/view?usp=drive_link,
271,Greenlam ,5393 SUD,Charleston,2,,https://drive.google.com/file/d/1R4yNjEjZEVJu8Tm7T_uKUZ9XTIc-xA4v/view?usp=drive_link,
272,Greenlam ,5394 SUD,Nordic_Acacia,2,,https://drive.google.com/file/d/1gSBxKwBUgI6owcSxml_Cdva7BqxReILi/view?usp=drive_link,
273,Greenlam ,5394 TRC,Nordic_Acacia,2,,https://drive.google.com/file/d/16Oc3LHAyF7FPh9opCc-UcW6sPPADSlol/view?usp=drive_link,
274,Greenlam ,5395 ARA,Urban_Oak,2,,https://drive.google.com/file/d/1aEJkWzls6P2PotwkA_-gXr-LVd33i3RM/view?usp=drive_link,
275,Greenlam ,5395 SUD,Urban_Oak,2,,https://drive.google.com/file/d/1kbjK-KNjNrjUHUrj5DHGNxbS-UDXx4by/view?usp=drive_link,
276,Greenlam ,5396-SUD,Tango-Wood,2,,https://drive.google.com/file/d/1Ep20uvbGSVQN--Rprf-bUj1vqUfs2voI/view?usp=drive_link,
277,Greenlam ,5396 ARA, Tango-Wood ,2,,https://drive.google.com/file/d/1wrV9gwm3ZHCwOOtAjNYSYGN-mnD2uWDi/view?usp=drive_link,
278,Greenlam ,5517 SUD,Lyon-Walnut,2,,https://drive.google.com/file/d/1KhunFux_k-QxjOaPD7aTJDLQrezLJY2G/view?usp=drive_link,
279,Greenlam ,5520 SUD, Hampshire-Oak ,2,,https://drive.google.com/file/d/15_37oI08sjfEFHyPaCWMqCxtESgADXsG/view?usp=drive_link,
280,Greenlam ,5524 SUD, Samara-Oak ,2,,https://drive.google.com/file/d/14ZllbF6h9mZ864GGv6Ou3La1XDYJSMif/view?usp=drive_link,
281,Greenlam ,5528 SUD,sabah-teak ,2,,https://drive.google.com/file/d/1f6Ft7GVZGeX2ubDYTry2Fsx5txabRIM-/view?usp=drive_link,
282,Greenlam ,5569 SUD,Earthen_Mesh ,2,,https://drive.google.com/file/d/1yTchC7K3RABagmI92YIyEUpGzfo0IUr5/view?usp=drive_link,
283,Greenlam ,5571 STN ,Creme-Marquina,2,,https://drive.google.com/file/d/1xSPX6-9yyVwSQ4Lmva0Yz2u4YU-HDTGH/view?usp=drive_link,
284,Greenlam ,5572 STN,Grey_Marquina,2,,https://drive.google.com/file/d/1VLXq2hNTKoRGz5tncO6mT25YJ5e4SmFT/view?usp=drive_link,
285,Greenlam ,5574 JUP , Statuario ,2,,https://drive.google.com/file/d/1pkoZMopsiH0akINtXc0axD_0WZ58W2_-/view?usp=drive_link,
286,Greenlam ,5580 SUD, Sandstone-Grey ,2,,https://drive.google.com/file/d/1qIE-ciR2JTZzDGgdQv8qp4AbQa_W9mRx/view?usp=drive_link,
287,Greenlam ,5581 SUD , torino-pearl ,2,,https://drive.google.com/file/d/1xnOxHEUPIg2izDpgiOs38jWK2VGUXpQK/view?usp=drive_link,
288,Greenlam ,5581 JUP,Torino_Pearl ,2,,https://drive.google.com/file/d/1UCa739slLJclC_vaTwNorunMWqVa5dj_/view?usp=drive_link,
289,Greenlam ,5582 JUP,Torino_Grey ,2,,https://drive.google.com/file/d/1KuV3q1O4jwKLjJAtzq2-1rp0wAVqN6gj/view?usp=drive_link,
290,Greenlam ,5583 JUP,visconti-sud ,2,,https://drive.google.com/file/d/1BrfU9H3jOsMro-tWJMcyfMQ5pzyhyR9_/view?usp=drive_link,
291,Greenlam ,5583 sud ,visconti-sud,2,,https://drive.google.com/file/d/1XsnEZjf1y-KTMy1rI95n-eRnZFgpISPG/view?usp=drive_link,
292,Greenlam ,5591 SUD,Kota Pearl ,2,,https://drive.google.com/file/d/16LJQZxCHAZGArSEhLN_WfMwF8HilU6dh/view?usp=drive_link,
293,Greenlam ,5592 SUD,kota_sage,2,,https://drive.google.com/file/d/1FEj_q5eL1ewyULgTppInIcVrjkCFZNIA/view?usp=drive_link,
294,Greenlam ,5593 SUD,Kota_Rust ,2,,https://drive.google.com/file/d/1vtZvPj02NjSKoxfCQhGKcoxIEPUam1o0/view?usp=drive_link,
295,Greenlam ,5595 SUD,Scala_Grey ,2,,https://drive.google.com/file/d/18Qrbw1KCWULI5DeswONLQ40m9brIjqzu/view?usp=drive_link,
296,Greenlam ,5595 JUP,Scala_Grey,2,,https://drive.google.com/file/d/1Gkv7WQZco1i3qivhVm31xpXJ58zg13Al/view?usp=drive_link,
297,Greenlam ,5596 JUP,Manitoba,2,,https://drive.google.com/file/d/1GS6nxL6SAWzk-RJLFHNKeWN69KlU1Fxv/view?usp=drive_link,
298,Greenlam ,5597 JUP,Sanganer_Pearl,2,,https://drive.google.com/file/d/14eZm821hywLH-neCxeExYIltvlP25FUK/view?usp=drive_link,
299,Greenlam ,5598 JUP, Sanganer_Terracotta ,2,,https://drive.google.com/file/d/171FdzsmfTgQ4zka8IpHrKKzevCLa-Wa_/view?usp=drive_link,
300,Greenlam ,5605 SRA,euclid-grey ,2,,https://drive.google.com/file/d/1jEuFTLHo9tzUNnEEEXFnNyZsq3gekxCM/view?usp=drive_link,
301,Greenlam ,5618 SRA,ecuador-white ,2,,https://drive.google.com/file/d/1RCCm85LFZ6MBj8w5mPQC-7PmyPyx24Mt/view?usp=drive_link,
302,Greenlam ,5641 SUD, Kimono ,2,,https://drive.google.com/file/d/1obLUYJdujyg71_VjL1oAoZR7lBBIoS83/view?usp=drive_link,
303,Greenlam ,5642 SUD, Manilla-Taupe ,2,,https://drive.google.com/file/d/1pOi46tk_DyyrHUzjz8EupQUKTYHd1Eth/view?usp=drive_link,
304,Greenlam ,5643 SUD, Manilla-Beige ,2,,https://drive.google.com/file/d/1UxvGQ1PF7nDmEzKFsU5t37nckGUyJ6BL/view?usp=drive_link,
305,Greenlam ,5644 FWN, Akita-Grey ,2,,https://drive.google.com/file/d/1LXhCBI5J_u-4e-ggxR0KlyIh4ZD_Gg4M/view?usp=drive_link,
306,Greenlam ,5644 SUD, Akita-Grey ,2,,https://drive.google.com/file/d/1YIOtl32wAiwzJ6Eep03-NU4gfkK5ahab/view?usp=drive_link,
307,Greenlam ,5645 FWN, Akita-Taupe ,2,,https://drive.google.com/file/d/1IemWxOz1fmLJP5LGvMH7heZYZhDLzdQk/view?usp=drive_link,
308,Greenlam ,5645 SUD, Akita-Taupe ,2,,https://drive.google.com/file/d/1Qc1YXWo7q0jf2BhOsjxkoxWeylzJbYJh/view?usp=drive_link,
309,Greenlam ,5646 SUD, Astana-Grey ,2,,https://drive.google.com/file/d/1vJHDW8e3YYlVuZ82r_BNdFnZu_03Jx7b/view?usp=drive_link,
310,Greenlam ,5647 SUD,Astana-Anthracite,2,,https://drive.google.com/file/d/1zS4EuKdVHManB8xAG1yaIlK9hb6-GSEd/view?usp=drive_link,
311,Greenlam ,5648 SUD, Luis-Grey ,2,,https://drive.google.com/file/d/1bOqEckEJcy51sCfhiptbx7bvLb0fPzgS/view?usp=drive_link,
312,Greenlam ,5649 SUD, Luis-Brown ,2,,https://drive.google.com/file/d/1gDbhorO19N3txgCP_UIgFK65lqkeqBY5/view?usp=drive_link,
313,Greenlam ,5671 SUD, Tivoli-Travertine,2,,https://drive.google.com/file/d/1y5_Bk2nQXaaQd16wCEDV9qbdPJFPY9rF/view?usp=drive_link,
314,Greenlam ,5672 SUD, Capitol-Travertine ,2,,https://drive.google.com/file/d/1gEFBJIpXu2fCCfEhcVi3qA52EMRCo5fL/view?usp=drive_link,
315,Greenlam ,5856 STN , steel-oxid,2,,https://drive.google.com/file/d/1Keqiyg2HtrZbYe6RCoLVrb8y8KYqOSuN/view?usp=drive_link,
316,Greenlam ,9001 BRD ,silver-foil,2,,https://drive.google.com/file/d/1EJbVJFzBqcqt-4wuz0hDqUYOtECdt-3v/view?usp=drive_link,
317,Greenlam ,9002 BRD,gold-foil,2,,https://drive.google.com/file/d/1wcTGki__7scD4IlHjDFrXvBqnVVM6ZbL/view?usp=drive_link,
318,Greenlam ,9003 BRD,bronze-foil,2,,https://drive.google.com/file/d/1_g_q95Bo7NcV8SerFBnsaOZi_4fI3gLu/view?usp=drive_link,
319,Greenlam ,9006 BRD,copper-foil,2,,https://drive.google.com/file/d/11JPeukuPEXpvugOyj2fb600fLObhMHj4/view?usp=drive_link,
320,Greenlam ,9009 BRD,steel-foil,2,,https://drive.google.com/file/d/135jv2LIk1k8USw244TIkdcAyYLfynD7p/view?usp=drive_link,
321,Greenlam , 793 sud ,antique_oak ,2,,https://drive.google.com/file/d/1sNl1g1gtUNI2Iq9kWc9zigaZZw1mnLU9/view?usp=drive_link,
322,Greenlam ,5401 san,argent_elm ,2,,https://drive.google.com/file/d/1yu9Q4LVR6cnM7q6xNeZW06xIShV2cWqT/view?usp=drive_link,
323,Greenlam ,5530 sud,arizona_oak,2,,https://drive.google.com/file/d/18ddsbrDWGMaS7LjK_c7kwDHMJQfD6Qdl/view?usp=drive_link,
324,Greenlam ,939 Sgl,armour anthracite,2,,https://drive.google.com/file/d/1fYeZ3lEOGECaa9dr0ys0i31TZ-S3YTFY/view?usp=drive_link,
325,Greenlam , 939 SUD ,armour anthracite ,2,,https://drive.google.com/file/d/1O8qO7xPg5DejTmGvpDdYnI-3VEnBjb4S/view?usp=drive_link,
326,Greenlam ,938 SUD ,armour_taupe,2,,https://drive.google.com/file/d/1hTmy7Y1U78HauKg8Z0jb87C12Th319Uk/view?usp=drive_link,
327,Greenlam , 938 sgl ,armour_taupe,2,,https://drive.google.com/file/d/1wEMwOESTtnqj6drd0rWwPctDQ5Kvd4U-/view?usp=drive_link,
328,Greenlam ,5373 ARA,aspen_oak,2,,https://drive.google.com/file/d/10szUR5Jp0fz7jG5Diq2GKUIR5iKrTPOS/view?usp=drive_link,
329,Greenlam ,5373 sud,aspen oak,2,,https://drive.google.com/file/d/1jUchYgrQtNC1syCYNT_hyD5HX-g64FM7/view?usp=drive_link,
330,Greenlam ,5349 ARA,austin_walnut,2,,https://drive.google.com/file/d/1Q9QZdkqtuQpdFvccZMZY7HukM66pZdiO/view?usp=drive_link,
331,Greenlam ,5349 sud ,austin_walnut,2,,https://drive.google.com/file/d/1AebIfN1bEOOKw1mUiqTEux1TX7cQR5-s/view?usp=drive_link,
332,Greenlam ,5420 sud,autumn_elm,2,,https://drive.google.com/file/d/1I-QsQywBclM_KKgVtWKEyagO8DoG45YY/view?usp=drive_link,
333,Greenlam , 5422 sud ,avignon_grey,2,,https://drive.google.com/file/d/185J3u-_wO2CT_hwCc2-c9lNVzXl10ZnT/view?usp=drive_link,
334,Greenlam , 295-sud ,azur,2,,https://drive.google.com/file/d/1XI512qDEPl0o7bl2S0p2fbNdo-Tn0jsb/view?usp=drive_link,
335,Greenlam , 173 SUD ,barbie_pink,2,,https://drive.google.com/file/d/1yvDpk_U3PgaTushasvml2dThckp_mdES/view?usp=drive_link,
336,Greenlam , 5005-sud ,baverian_beech__light,2,,https://drive.google.com/file/d/17hTXFnYOSWgpAitEb53Dzvu4_W-Nx2OX/view?usp=drive_link,
337,Greenlam ,695 sud ,baverian_beech,2,,https://drive.google.com/file/d/1RsCidEhdCA5ff7QmUl_cbUs7sP9Cnigd/view?usp=drive_link,
338,Greenlam ,5423-sud,bianca_roselba,2,,https://drive.google.com/file/d/1TJ9r6S5ifyO1Fk1bsox-4AQsU9h_juwN/view?usp=drive_link,
339,Greenlam ,5518 sud,bianco,2,,https://drive.google.com/file/d/1IrjWMyCaR--2Y0nbVWfqyK0UfgkOkAMj/view?usp=drive_link,
340,Greenlam ,5350 sud,black_mirage,2,,https://drive.google.com/file/d/10xb5GmLFC1F2BofUhPJQ-02OYJnilEEE/view?usp=drive_link,
341,Greenlam ,5347 SAN,blonde wood,2,,https://drive.google.com/file/d/1RzW6oq5XQnyUs252L4HwhSP4sKrg1T4u/view?usp=drive_link,
342,Greenlam , 5347 sud ,blonde_wood,2,,https://drive.google.com/file/d/1QWMSdfHTEr_EmbnHuWpTAZ1Zid2hUSZd/view?usp=drive_link,
343,Greenlam ,304-sud ,blue_bell,2,,https://drive.google.com/file/d/1bo1OpA5V_yM0kASRynhafLYr5uwTu1Kf/view?usp=drive_link,
344,Greenlam ,297 SUD,blue_galaxy,2,,https://drive.google.com/file/d/1zpgTrPQg1ES6m1Aesuof0m584gSQrHPK/view?usp=drive_link,
345,Greenlam , 5018 sud ,brooks_walnut,2,,https://drive.google.com/file/d/1AGhy1tTzPUpdeNMOomTHMZXT0-vqgZuW/view?usp=drive_link,
346,Greenlam ,5326 sud ,buen_walnut,2,,https://drive.google.com/file/d/1Oi5ASqHPVFJ6heIRz4pjDqzA_XGVlmT_/view?usp=drive_link,
347,Greenlam ,5371 sud ,cabana_wood,2,,https://drive.google.com/file/d/1gogTi9oFFf8JKC86Zrc4WVRFPLwYJ2na/view?usp=drive_link,
348,Greenlam ,5311-sud ,california_ash,2,,https://drive.google.com/file/d/1sjJfc8RvHKGDQx05L-Cp5tRmZULSWVfu/view?usp=drive_link,
349,Greenlam ,292 sud ,celestial_blue,2,,https://drive.google.com/file/d/13jCB2ypnV81h-YuE8M9wp5cAcLAIUXlh/view?usp=drive_link,
350,Greenlam ,277 sud,charcoal,2,,https://drive.google.com/file/d/1jCt1fH69i8DzXUvmoc0R5fM1QlVuXQ7o/view?usp=drive_link,
351,Greenlam ,5383 TRC ,chelsea_chestnut_anthracite,2,,https://drive.google.com/file/d/15AZuR3DVDNMw2O7wXt8WkDkK6bcLKFPj/view?usp=drive_link,
352,Greenlam ,5383 sud ,chelsea_chestnut_anthracite,2,,https://drive.google.com/file/d/1DZSVWmQN_HRIdhxr5kew21UeqCE4U2M_/view?usp=drive_link,
353,Greenlam ,5381 sud ,chelsea_chestnut_natural,2,,https://drive.google.com/file/d/1H3mnS1oiQfXKFhEsyZLqMdltEMHRYXSV/view?usp=drive_link,
354,Greenlam ,5381 TRC ,chelsea_chestnut_natural,2,,https://drive.google.com/file/d/15QDnhb6A0WOxPqHBTTrQL9b-6k8hnCL4/view?usp=drive_link,
355,Greenlam ,702 sud ,cherry,2,,https://drive.google.com/file/d/1F-tYIFh1DozPUfbBiKlzjkfsC5A4ljOS/view?usp=drive_link,
356,Greenlam ,5327 sud ,chiaro,2,,https://drive.google.com/file/d/16qsA7SWZulU1vp0Wr1wGMiY0eBOtwxUe/view?usp=drive_link,
357,Greenlam ,5029 sud ,cinder,2,,https://drive.google.com/file/d/1zBFFNc2ELyicVS6J7B-Y_dWrmMFwALPA/view?usp=drive_link,
358,Greenlam ,5566 sud ,clear_mesh,2,,https://drive.google.com/file/d/14gbp5yuQN_la4Vhpu3HDFfJgCqecW3fW/view?usp=drive_link,
359,Greenlam ,272 sud ,cloud,2,,https://drive.google.com/file/d/1UlgwyZckrXAUFX_Tu8rGYiFsiWxWSt0T/view?usp=drive_link,
360,Greenlam ,5854 STN ,copper_taint,2,,https://drive.google.com/file/d/1HNQmb3H_nKNve4c48u6LNcG2EL3Ke_N7/view?usp=drive_link,
361,Greenlam ,935 sgl ,copperworks,2,,https://drive.google.com/file/d/1EdXHC7kSbtf7J7XqQWYbXpUI-VUstada/view?usp=drive_link,
362,Greenlam ,5374 sud ,cottage_oak,2,,https://drive.google.com/file/d/1NUWa5bj_cFERlMZYRHTQwzGu0qC2LyJq/view?usp=drive_link,
363,Greenlam ,5329 SUD ,crest_oak,2,,https://drive.google.com/file/d/1wU3JazBVWMPGso9uvwmEIjxiVFRIj0y1/view?usp=drive_link,
364,Greenlam ,5329 olm ,crest_oak,2,,https://drive.google.com/file/d/1VoBZaKXrxtaRvP89LRGZ6Y3ztSH7qfEm/view?usp=drive_link,
365,Greenlam ,712 sud ,crystal_maple,2,,https://drive.google.com/file/d/1M-8anOoVj8ycwZYZK6sr2oZ_z9VWFOoV/view?usp=drive_link,
366,Greenlam ,5312 sud ,curd_ash,2,,https://drive.google.com/file/d/10Au_RkLp7zugdgsx83cpXDqV4XQYhy6l/view?usp=drive_link,
367,Greenlam ,245 sud ,dark_green,2,,https://drive.google.com/file/d/1hN8-m747-3JntxDNZPJg71a4WAkw0Sn0/view?usp=drive_link,
368,Greenlam ,111 SUD,designer_white,2,,https://drive.google.com/file/d/1mhrRI_mJb9QhhHZe6ilMcfoW0f7UQO2U/view?usp=drive_link,
369,Greenlam ,207 sud,divine_yellow,2,,https://drive.google.com/file/d/1av_EPOI9qB2uEkALig-5ytW1SWeJyHwI/view?usp=drive_link,
370,Greenlam ,219 sud ,dull_pink,2,,https://drive.google.com/file/d/1UuHMjdr_v0Slm5f86sstYv6vvbX-Osr4/view?usp=drive_link,
371,Greenlam ,5346 ARA ,eclipse_ash,2,,https://drive.google.com/file/d/1JoFnzM8BT_tZkcRn3XDnQeWIlMB32sYJ/view?usp=drive_link,
372,Greenlam ,5346 sud ,eclipse_ash,2,,https://drive.google.com/file/d/1EEQ5bkZIjUsD8l2OUUqLV0JSmTkwpi9G/view?usp=drive_link,
373,Greenlam ,296 sud ,fog,2,,https://drive.google.com/file/d/15o9m7M-255Hps33-1Bx3vK_Bkus9QYhr/view?usp=drive_link,
374,Greenlam ,5416 SAN ,glacier_oak,2,,https://drive.google.com/file/d/1D8qNtNaAk16GWFF2lk1IgS88M-Lk_uX-/view?usp=drive_link,
375,Greenlam ,743 sud ,golden_antique,2,,https://drive.google.com/file/d/1y2IMkfLkJqniws97vk4aRwi7JMmMXGWM/view?usp=drive_link,
376,Greenlam ,5372 sud ,grey_magic,2,,https://drive.google.com/file/d/1psBh9JSvoxB-M8kTKqtD4ueoNqP55MZw/view?usp=drive_link,
377,Greenlam ,5372 sud ,grey_magic,2,,https://drive.google.com/file/d/1T6J6mbV5-6Mz16kPEJTtusz1rBCxbUKN/view?usp=drive_link,
378,Greenlam ,5567 sud ,grey_mesh,2,,https://drive.google.com/file/d/15pvS9Nh5lPZqyTQK9nf4tdFPzXDPhYvf/view?usp=drive_link,
379,Greenlam ,5519 sud ,grigio_horizonte,2,,https://drive.google.com/file/d/1UdbuK02Htb3vafG8GqpC_vT_DvbN2lLm/view?usp=drive_link,
380,Greenlam ,5527 SUD,white-teak ,2,,https://drive.google.com/file/d/1nafST1zy82RQ2ERAwHeSqGaxhYgUSJzJ/view?usp=drive_link,
381,Greenlam ,5523 sud ,horizontal_santos,2,,https://drive.google.com/file/d/12joDtGfb1oIILkH9pryvg9mNnKWO2fBg/view?usp=drive_link,
382,Greenlam ,670 sud ,horse_chestnut,2,,https://drive.google.com/file/d/1gYFdXEZc3u9ML5TZ8nN1P4RI6Ses9qYq/view?usp=drive_link,
383,Greenlam ,161 sud,hot_pink,2,,https://drive.google.com/file/d/1606RzgykU-8XRNAWw3_c9M6JotDp5KSv/view?usp=drive_link,
384,Greenlam ,5433 san ,ideal_oak,2,,https://drive.google.com/file/d/1oFeu5_imoRHs43ocmMjfpmDC5ZLVSzJz/view?usp=drive_link,
385,Greenlam ,5332 san ,italian_beech,2,,https://drive.google.com/file/d/1Qv0jiegXsjiPvEDlMBrmf4ip3xifn9Ko/view?usp=drive_link,
386,Greenlam ,121 sud ,ivory,2,,https://drive.google.com/file/d/1URGoCdbbWAk89kov-OOJNMVo0KbsJM_x/view?usp=drive_link,
387,Greenlam ,778 sud ,jakarta_teak,2,,https://drive.google.com/file/d/1wY21C3x9NTXS627VK8qnM2nbYLOg0ABN/view?usp=drive_link,
388,Greenlam ,776 sud ,java_teak,2,,https://drive.google.com/file/d/1cYH_m4hd-AIPoBN8dt9rBpe4ag5gwG7L/view?usp=drive_link,
389,Greenlam ,248 sud,leaf_green,2,,https://drive.google.com/file/d/17Y7CuUcJYFVsS0F1MVF9jPB1GhYd9vE_/view?usp=drive_link,
390,Greenlam ,5384 sud,lido_pine,2,,https://drive.google.com/file/d/1Sq-p_SWPk4gqWSoM5vKadwzEsaO3S3u9/view?usp=drive_link,
391,Greenlam ,259 sud ,lime,2,,https://drive.google.com/file/d/1oUk5vG-4xWJRQ7zYGv5fH2p6cnvpvDK_/view?usp=drive_link,
392,Greenlam ,5343 ARA ,liro_sap,2,,https://drive.google.com/file/d/1aXQFNQMl1o7P86PvM-gSI6vjd1CJ8jyz/view?usp=drive_link,
393,Greenlam ,5343 SUD  ,liro_sap,2,,https://drive.google.com/file/d/1nkchDnEKp2cTLuRAIetANVGE1Ao6Icso/view?usp=drive_link,
394,Greenlam ,5004 sud,lorraine_walnut,2,,https://drive.google.com/file/d/1TC0vnDfz9bEzunbISctPTsVbZuEUpkXg/view?usp=drive_link,
395,Greenlam ,5079 SUD ,lucent_elm,2,,https://drive.google.com/file/d/1FfakVGjbJkNVnLwbJtqZyW1Cq6r1ifhR/view?usp=drive_link,
396,Greenlam ,605 sud ,mahogany,2,,https://drive.google.com/file/d/1j8TLiXXEorcNhckiAYX0qh8dJRrDp24E/view?usp=drive_link,
397,Greenlam ,782 SUD,makassar_wood,2,,https://drive.google.com/file/d/1_f7mncOOXxadXinouCWBaLpXRfvQiOus/view?usp=drive_link,
398,Greenlam ,5337 sud ,malay_teak,2,,https://drive.google.com/file/d/1S0sh4WMmYusO-xPGOGHP5-5VTqLwB23_/view?usp=drive_link,
399,Greenlam ,5379 sud ,manor,2,,https://drive.google.com/file/d/10ImScgq8S0IdlTv8kntkJ1NgHOOD8vhQ/view?usp=drive_link,
400,Greenlam ,201 SUD,maroon,2,,https://drive.google.com/file/d/1wrMn1hrqg9OIMF3tjKAGM18GFswCRTGp/view?usp=drive_link,
401,Greenlam ,5331 SUD,midnight_acacia,2,,https://drive.google.com/file/d/1Sv19hUPmy61TGQdqOV6uzDCiVMu9F11J/view?usp=drive_link,
402,Greenlam ,791 sud ,milwakee_walnut,2,,https://drive.google.com/file/d/1zpELayUAAu3HAiGb6YxY-xbgQp13ITKF/view?usp=drive_link,
403,Greenlam ,774 sud,munich_acacia,2,,https://drive.google.com/file/d/1kEj6bp6UjDHjBwmKEyxkKIzIot-pwaOR/view?usp=drive_link,
404,Greenlam ,631 sud ,natural_pine,2,,https://drive.google.com/file/d/1K8XQPOLtn1V5QY_hyskkyC_5hRhbmLto/view?usp=drive_link,
405,Greenlam ,281 sud ,navy_blue,2,,https://drive.google.com/file/d/1i98JMEJWgGblNDeVk05AJ3zQ9kiTi9rW/view?usp=drive_link,
406,Greenlam ,5077 SUD ,neoteric_oak,2,,https://drive.google.com/file/d/18X01yT_p6ieYdElovNFJ6-BQgfRcuXfa/view?usp=drive_link,
407,Greenlam ,362 SUD,niagara,2,,https://drive.google.com/file/d/1Uv8CM6AkIYK_iOqbyDan8KXM037eQAqK/view?usp=drive_link,
408,Greenlam ,5333 ara ,nordic_walnut,2,,https://drive.google.com/file/d/1EHpJkFGmnp66O7yPXhTzMVdU_dzPnnxg/view?usp=drive_link,
409,Greenlam ,257 sgl ,olive,2,,https://drive.google.com/file/d/166_ZRTk0ZZFZ6vhEkOyO9g-Q5iED-cfS/view?usp=drive_link,
410,Greenlam ,257 sud ,olive,2,,https://drive.google.com/file/d/12Ouzm1SmRaS2iC_4xP59fAhN5PZwFdIc/view?usp=drive_link,
411,Greenlam ,284 SUD,ozone,2,,https://drive.google.com/file/d/1B9mhEKf2_ODLv9fjWxviNAK0miihFDm9/view?usp=drive_link,
412,Greenlam ,936 sud ,pearlescent_grey,2,,https://drive.google.com/file/d/1p6e7Agf6FfJbyhiIHoSaySffFPeKT9es/view?usp=drive_link,
413,Greenlam ,5529 sud ,peninsular_teak,2,,https://drive.google.com/file/d/1gRY_8InUs_9-_FiLlB2m28ABd4PE4YpB/view?usp=drive_link,
414,Greenlam ,5003 sud ,phillipine_teak,2,,https://drive.google.com/file/d/1GSpiDILXFKB0QS9DDIavFFvf0_svn7LI/view?usp=drive_link,
415,Greenlam ,452-sud ,plum,2,,https://drive.google.com/file/d/1YwxYvp2QGRy71osM0Mw1ORX91DEP9AOd/view?usp=drive_link,
416,Greenlam ,5039 sud ,plush_anegre,2,,https://drive.google.com/file/d/1pEjniG6hSXf8OmstPTzsJp_iNhHBQRuk/view?usp=drive_link,
417,Greenlam ,5076 OLM ,primeval_oak,2,,https://drive.google.com/file/d/1Vzo-UGiXsvopiTMEOCxRyuGKq24-zuuz/view?usp=drive_link,
418,Greenlam ,5076 SUD ,primeval_oak,2,,https://drive.google.com/file/d/1iM6EimfyJKVcVVrmtY7x4wK-BzzlpRl9/view?usp=drive_link,
419,Greenlam ,5080 sud ,pure_elm,2,,https://drive.google.com/file/d/1c6Iand4FCjhO6eomIUCOYlNimpABg9KF/view?usp=drive_link,
420,Greenlam ,788 sud ,real_ebony,2,,https://drive.google.com/file/d/1Bn2MqpD-DQdydneiI7T3keNVZK_1yaIx/view?usp=drive_link,
421,Greenlam ,204 SUD ,red_dynasty,2,,https://drive.google.com/file/d/1vVOC02vgV4LCk7PBurNBqNAOoWZYPtJM/view?usp=drive_link,
422,Greenlam ,5049 sud,red_oak,2,,https://drive.google.com/file/d/1Y2tiAmh_zhdgLNB-jl703gGPSQ5MRRfV/view?usp=drive_link,
423,Greenlam ,766 sud,rich_walnut,2,,https://drive.google.com/file/d/1o7-L1j0Lw7gPy0QuUSsG2J2LUkUtdBpQ/view?usp=drive_link,
424,Greenlam ,710 sud ,rubber_wood,2,,https://drive.google.com/file/d/1hmv4JIyoq18Jed3YhxLFFs3aw72bOsaL/view?usp=drive_link,
425,Greenlam ,5307 sud ,ruptured_oak,2,,https://drive.google.com/file/d/1AJo7IQq1JGbyuJUou96Ykf1u7iP8d39a/view?usp=drive_link,
426,Greenlam ,5579 sud ,sandstone_beige,2,,https://drive.google.com/file/d/1kpX-BMbDJp9SpUDU-MIcbTkSmvNa5Sc-/view?usp=drive_link,
427,Greenlam ,243 sud ,sea_green,2,,https://drive.google.com/file/d/1HEzas0jvVMPlYz73nu4dH7S5jsbhR9_G/view?usp=drive_link,
428,Greenlam ,361 sgl , golf-green ,2,,https://drive.google.com/file/d/1cGWurJCA9xgbtrSUEAAehmmo0jLGs_x2/view?usp=drive_link,
429,Greenlam ,5348 sud ,sherwood_oak,2,,https://drive.google.com/file/d/1K9x5Mm5G8u24cADOmOJTcgKn5TafIxUS/view?usp=drive_link,
430,Greenlam ,270 sud ,silver_grey,2,,https://drive.google.com/file/d/1dFtaSoxbVgl_Lbvpljn4mGSwbHsHUPAF/view?usp=drive_link,
431,Greenlam ,718 sud,silver_maple,2,,https://drive.google.com/file/d/1W7ojHPli6kPEZFUh1eDAQanR1ksyMAuY/view?usp=drive_link,
432,Greenlam ,5568 sud ,smoky_mesh,2,,https://drive.google.com/file/d/1P-M9dkeW6JSO6aAnVqeqyp_zckkg3VAT/view?usp=drive_link,
433,Greenlam ,103 sud ,snow_white,2,,https://drive.google.com/file/d/1yYUkLBTYs1D0PzNr5DQAyKpGzIL55K-J/view?usp=drive_link,
434,Greenlam ,5081 SUD ,snuff_elm,2,,https://drive.google.com/file/d/1XoEcwbeLpaGI2HED1nJH-rxGtA3ODKTn/view?usp=drive_link,
435,Greenlam ,5083 sud ,southern_oak,2,,https://drive.google.com/file/d/1Edk2pGnzP119a2JDlwcY2368PQgVa6h3/view?usp=drive_link,
436,Greenlam ,5338 SAN ,steamed_beech,2,,https://drive.google.com/file/d/1OtIMiW4ELe7A6-H_xJWS7QhfvhP78_Rd/view?usp=drive_link,
437,Greenlam ,5338 sud ,steamed_beech,2,,https://drive.google.com/file/d/1m4AWYdcFn1p6gRmqSlWx7qukI7iV3E9O/view?usp=drive_link,
438,Greenlam ,5026 sud ,sulphur_spring,2,,https://drive.google.com/file/d/1QISkBciIAi4dOtO1MS19nwxNp_LEN86r/view?usp=drive_link,
439,Greenlam ,777 SUD ,sumatra_teak,2,,https://drive.google.com/file/d/1pR3cXqDQ_Sm7M0weOTLCXv5RHNCQkd5N/view?usp=drive_link,
440,Greenlam ,633 sud ,sunset_beech,2,,https://drive.google.com/file/d/13Zv2XRXj0gTSyhdMKZiufLd-9vvZq9P0/view?usp=drive_link,
441,Greenlam ,5431 sud ,sweet_almond,2,,https://drive.google.com/file/d/1v3cgRujYjcdwFGlTgQz-JDQUrmW0o57u/view?usp=drive_link,
442,Greenlam ,5573 stn ,tanned_marquina,2,,https://drive.google.com/file/d/16YyLaexi-uEvydJW9TUUkAWmUGZlskrA/view?usp=drive_link,
443,Greenlam ,5006 SUD ,thansau_maple,2,,https://drive.google.com/file/d/1rQbFQuVIo-kCNAiyPtUghR3MnpfAtvTG/view?usp=drive_link,
444,Greenlam ,5425 sud ,toasted_walnut,2,,https://drive.google.com/file/d/15jEobiungLPzqN6YusD0UYJFRzB1DCvM/view?usp=drive_link,
445,Greenlam ,5582 sud ,torino_grey,2,,https://drive.google.com/file/d/1VHcfnMW6fZl32n1z2t3awdhOB65ev1n2/view?usp=drive_link,
446,Greenlam ,5050 sud ,umber_oak,2,,https://drive.google.com/file/d/1DYfhF14KkeTjjySMl8swUpCLzDh7Q__B/view?usp=drive_link,
447,Greenlam ,5616 sgl ,urban_concrete,2,,https://drive.google.com/file/d/1uZzWQxTswiRqym9KdcwOED1P02vCfJR1/view?usp=drive_link,
448,Greenlam ,731 sud,wenge,2,,https://drive.google.com/file/d/1S0cZBTlKPhkksn8lf3O5N09-benETgwc/view?usp=drive_link,
449,Greenlam ,750-sud,white_beech,2,,https://drive.google.com/file/d/1xC_fcc3_m8TXJFye4D2ln7PTE0PpXllu/view?usp=drive_link,
450,Greenlam ,5007 sud,white_larch,2,,https://drive.google.com/file/d/1gJ09rhhJC848ApIGAGcKLR87NOYRqNJK/view?usp=drive_link,
451,Greenlam ,652 sud ,wild_cherry,2,,https://drive.google.com/file/d/1ierSn_tTcZUpkR9pDFypLtZJXesohJx9/view?usp=drive_link,
452,Greenlam ,732 sud,zebrano,2,,https://drive.google.com/file/d/1GyhnR2MgEnIgNR8imzV9fkQ9boWBR8uu/view?usp=drive_link,
453,Greenlam ,303 sud ,zephyr_blue,2,,https://drive.google.com/file/d/1LqFK6VODUEjAE-gD4ZooNIQkBlQSPedN/view?usp=drive_link,