Entity Name,level,Material,Room_Name,Unit_Location,Box_Model,Box_Type,LenX,LenY,LenZ,X,Y,Z,Box_width,Box_depth,Box_height,Skriting,skriting_width,carcass_thickness,door_thickness,backplank_thickness,VB main position,VB double position,screw position,Profile_Depth,Profile_Width,Profile_Distance,,,,,,,,,,,
Kitchen Base 2Door,1,,Kitchen,East_Wall,Simple Box,ExptoExp,750,450,1000,,,,750,450,1000,110,730,18,18,10,50,9,50,6,17,100,,,,,,,,,,,
shelf plank,2,,,,,,714,402,18,18,38,546,,,,,,,,,,,,,,,,,,,,,,,,,
back_plank,2,,,,,,734,10,890,8,440,110,,,,,,,,,,,,,,,,,,,,,,,,,
skriting,2,,,,,,730,18,110,18,18,0,,,,,,,,,,,,,,,,,,,,,,,,,
bottom plank,2,,,,,,714,422,18,18,18,110,,,,,,,,,,,,,,,,,,,,,,,,,
top plank,2,,,,,,714,422,18,18,18,982,,,,,,,,,,,,,,,,,,,,,,,,,
VB_Main_Hole,3,,,,,,20,20,16,9.5,50,0,,,,,,,,,,,,,,,,,,,,,,,,,
VB_Main_Hole,3,,,,,,20,20,16,9.5,211,0,,,,,,,,,,,,,,,,,,,,,,,,,
VB_Main_Hole,3,,,,,,20,20,16,9.5,372,0,,,,,,,,,,,,,,,,,,,,,,,,,
VB_Main_Hole,3,,,,,,20,20,16,704.5,50,0,,,,,,,,,,,,,,,,,,,,,,,,,
VB_Main_Hole,3,,,,,,20,20,16,704.5,211,0,,,,,,,,,,,,,,,,,,,,,,,,,
VB_Main_Hole,3,,,,,,20,20,16,704.5,372,0,,,,,,,,,,,,,,,,,,,,,,,,,
left plank,2,,,,,,18,434,1000,0,18,0,,,,,,,,,,,,,,,,,,,,,,,,,
VB_Double_hole,3,,,,,,5,5,11,18,50,991,,,,,,,,,,,,,,,,,,,,,,,,,
VB_Double_hole,3,,,,,,5,5,11,18,211,991,,,,,,,,,,,,,,,,,,,,,,,,,
VB_Double_hole,3,,,,,,5,5,11,18,372,991,,,,,,,,,,,,,,,,,,,,,,,,,
slot groove,3,,,,,,10,10,895,18,422,105,,,,,,,,,,,,,,,,,,,,,,,,,
right plank,2,,,,,,18,434,1000,732,18,0,,,,,,,,,,,,,,,,,,,,,,,,,
VB_Double_hole,3,,,,,,5,5,11,0,50,991,,,,,,,,,,,,,,,,,,,,,,,,,
VB_Double_hole,3,,,,,,5,5,11,0,211,991,,,,,,,,,,,,,,,,,,,,,,,,,
VB_Double_hole,3,,,,,,5,5,11,0,372,991,,,,,,,,,,,,,,,,,,,,,,,,,
slot groove,3,,,,,,10,10,895,0,432,105,,,,,,,,,,,,,,,,,,,,,,,,,
Door 1,2,,,,,,373,18,888,0,0,110,,,,,,,,,,,,,,,,,,,,,,,,,
Hinge_Hole,3,,,,,,35,35,0,349.5,18,100,,,,,,,,,,,,,,,,,,,,,,,,,
Hinge_Hole,3,,,,,,35,35,0,349.5,18,444,,,,,,,,,,,,,,,,,,,,,,,,,
Hinge_Hole,3,,,,,,35,35,0,349.5,18,788,,,,,,,,,,,,,,,,,,,,,,,,,
Door 2,2,,,,,,373,18,888,375,0,110,,,,,,,,,,,,,,,,,,,,,,,,,
Hinge_Hole,3,,,,,,35,35,0,23.5,18,100,,,,,,,,,,,,,,,,,,,,,,,,,
Hinge_Hole,3,,,,,,35,35,0,23.5,18,444,,,,,,,,,,,,,,,,,,,,,,,,,
Hinge_Hole,3,,,,,,35,35,0,23.5,18,788,,,,,,,,,,,,,,,,,,,,,,,,,
Kitchen Base 1Door,1,,Kitchen,North_Wall,Simple Box,ExptoBox,400,600,800,,,,400,600,800,110,360,20,20,10,50,50,50,6,17,100,,,,,,,,,,,
bottom plank,2,,,,,,360,570,20,20,20,110,,,,,,,,,,,,,,,,,,,,,,,,,
back plank,2,,,,,,390,10,690,10,590,110,,,,,,,,,,,,,,,,,,,,,,,,,
skriting,2,,,,,,360,20,110,20,20,0,,,,,,,,,,,,,,,,,,,,,,,,,
Door,2,,,,,,398,20,688,0,0,110,,,,,,,,,,,,,,,,,,,,,,,,,
Hinge_Hole,3,,,,,,35,35,14,23.5,20,100,,,,,,,,,,,,,,,,,,,,,,,,,
Hinge_Hole,3,,,,,,35,35,14,23.5,20,344,,,,,,,,,,,,,,,,,,,,,,,,,
Hinge_Hole,3,,,,,,35,35,14,23.5,20,588,,,,,,,,,,,,,,,,,,,,,,,,,
left plank,2,,,, ,,20,582,800,0,20,0,,,,,,,,,,,,,,,,,,,,,,,,,
VB_Double_hole,3,,,,,,5,5,11,20,50,789,,,,,,,,,,,,,,,,,,,,,,,,,
VB_Double_hole,3,,,,,,5,5,11,20,285,789,,,,,,,,,,,,,,,,,,,,,,,,,
VB_Double_hole,3,,,,,,5,5,11,20,520,789,,,,,,,,,,,,,,,,,,,,,,,,,
slot groove,3,,,,,,10,10,695,20,570,105,,,,,,,,,,,,,,,,,,,,,,,,,
top plank,2,,,,,,360,570,20,20,20,780,,,,,,,,,,,,,,,,,,,,,,,,,
VB_Main_Hole,3,,,,,,20,20,16,9.5,50,0,,,,,,,,,,,,,,,,,,,,,,,,,
VB_Main_Hole,3,,,,,,20,20,16,9.5,285,0,,,,,,,,,,,,,,,,,,,,,,,,,
VB_Main_Hole,3,,,,,,20,20,16,9.5,520,0,,,,,,,,,,,,,,,,,,,,,,,,,
right plank,2,,,,,,20,570,800,380,20,0,,,,,,,,,,,,,,,,,,,,,,,,,
Screw_hole,3,,,,,,4,4,20,0,50,790,,,,,,,,,,,,,,,,,,,,,,,,,
Screw_hole,3,,,,,,4,4,20,0,192.5,790,,,,,,,,,,,,,,,,,,,,,,,,,
Screw_hole,3,,,,,,4,4,20,0,377.5,790,,,,,,,,,,,,,,,,,,,,,,,,,
Screw_hole,3,,,,,,4,4,20,0,520,790,,,,,,,,,,,,,,,,,,,,,,,,,
Screw_hole,3,,,,,,4,4,20,0,50,120,,,,,,,,,,,,,,,,,,,,,,,,,
Screw_hole,3,,,,,,4,4,20,0,192.5,120,,,,,,,,,,,,,,,,,,,,,,,,,
Screw_hole,3,,,,,,4,4,20,0,377.5,120,,,,,,,,,,,,,,,,,,,,,,,,,
Screw_hole,3,,,,,,4,4,20,0,520,120,,,,,,,,,,,,,,,,,,,,,,,,,
Kitchen Base 1Door,1,,Kitchen,North_Wall,Simple Box,BoxtoExp,400,600,800,,,,400,600,800,110,360,20,20,10,50,50,50,6,17,100,,,,,,,,,,,
bottom plank,2,,,,,,360,570,20,20,20,110,,,,,,,,,,,,,,,,,,,,,,,,,
back plank,2,,,,,,390,10,690,0,590,110,,,,,,,,,,,,,,,,,,,,,,,,,
skriting,2,,,,,,360,20,110,20,20,0,,,,,,,,,,,,,,,,,,,,,,,,,
Door,2,,,,,,398,20,688,0,0,110,,,,,,,,,,,,,,,,,,,,,,,,,
Hinge_Hole,3,,,,,,35,35,14,23.5,20,100,,,,,,,,,,,,,,,,,,,,,,,,,
Hinge_Hole,3,,,,,,35,35,14,23.5,20,344,,,,,,,,,,,,,,,,,,,,,,,,,
Hinge_Hole,3,,,,,,35,35,14,23.5,20,588,,,,,,,,,,,,,,,,,,,,,,,,,
left plank,2,,,, ,,20,570,800,0,20,0,,,,,,,,,,,,,,,,,,,,,,,,,
Screw_hole,3,,,,,,4,4,20,20,50,790,,,,,,,,,,,,,,,,,,,,,,,,,
Screw_hole,3,,,,,,4,4,20,20,192.5,790,,,,,,,,,,,,,,,,,,,,,,,,,
Screw_hole,3,,,,,,4,4,20,20,377.5,790,,,,,,,,,,,,,,,,,,,,,,,,,
Screw_hole,3,,,,,,4,4,20,20,520,790,,,,,,,,,,,,,,,,,,,,,,,,,
Screw_hole,3,,,,,,4,4,20,20,50,120,,,,,,,,,,,,,,,,,,,,,,,,,
Screw_hole,3,,,,,,4,4,20,20,192.5,120,,,,,,,,,,,,,,,,,,,,,,,,,
Screw_hole,3,,,,,,4,4,20,20,377.5,120,,,,,,,,,,,,,,,,,,,,,,,,,
Screw_hole,3,,,,,,4,4,20,20,520,120,,,,,,,,,,,,,,,,,,,,,,,,,
top plank,2,,,,,,360,570,20,20,20,780,,,,,,,,,,,,,,,,,,,,,,,,,
VB_Main_Hole,3,,,,,,20,20,16,350.5,50,0,,,,,,,,,,,,,,,,,,,,,,,,,
VB_Main_Hole,3,,,,,,20,20,16,350.5,285,0,,,,,,,,,,,,,,,,,,,,,,,,,
VB_Main_Hole,3,,,,,,20,20,16,350.5,520,0,,,,,,,,,,,,,,,,,,,,,,,,,
right plank,2,,,,,,20,582,800,380,20,0,,,,,,,,,,,,,,,,,,,,,,,,,
VB_Double_hole,3,,,,,,5,5,11,20,50,789,,,,,,,,,,,,,,,,,,,,,,,,,
VB_Double_hole,3,,,,,,5,5,11,20,285,789,,,,,,,,,,,,,,,,,,,,,,,,,
VB_Double_hole,3,,,,,,5,5,11,20,520,789,,,,,,,,,,,,,,,,,,,,,,,,,
slot groove,3,,,,,,10,10,695,0,580,105,,,,,,,,,,,,,,,,,,,,,,,,,
WM_Box_Bottom_Exp,1,,Kitchen,East_Wall,WallMount,ExptoExp,800,550,600,,,,800,550,600,0,0,20,20,10,50,50,50,6,17,100,,,,,,,,,,,
back plank,2,,,,,,780,10,590,10,540,10,,,,,,,,,,,,,,,,,,,,,,,,,
shelf plank H,2,,,,,,760,500,20,20,40,290,,,,,,,,,,,,,,,,,,,,,,,,,
left plank,2,,,,,,20,532,600,0,20,0,,,,,,,,,,,,,,,,,,,,,,,,,
VB_Double_hole,3,,,,,,5,5,11,20,50,589,,,,,,,,,,,,,,,,,,,,,,,,,
VB_Double_hole,3,,,,,,5,5,11,20,470,589,,,,,,,,,,,,,,,,,,,,,,,,,
slot groove,3,,,,,,10,10,590,20,520,0,,,,,,,,,,,,,,,,,,,,,,,,,
VB_Double_hole,3,,,,,,5,5,11,20,50,11,,,,,,,,,,,,,,,,,,,,,,,,,
VB_Double_hole,3,,,,,,5,5,11,20,470,11,,,,,,,,,,,,,,,,,,,,,,,,,
top plank,2,,,,,,760,520,20,20,20,580,,,,,,,,,,,,,,,,,,,,,,,,,
VB_Main_Hole,3,,,,,,20,20,16,9.5,50,0,,,,,,,,,,,,,,,,,,,,,,,,,
VB_Main_Hole,3,,,,,,20,20,16,9.5,470,0,,,,,,,,,,,,,,,,,,,,,,,,,
VB_Main_Hole,3,,,,,,20,20,16,750.5,50,0,,,,,,,,,,,,,,,,,,,,,,,,,
VB_Main_Hole,3,,,,,,20,20,16,750.5,470,0,,,,,,,,,,,,,,,,,,,,,,,,,
right plank,2,,,,,,20,532,600,780,20,0,,,,,,,,,,,,,,,,,,,,,,,,,
VB_Double_hole,3,,,,,,5,5,11,0,50,11,,,,,,,,,,,,,,,,,,,,,,,,,
VB_Double_hole,3,,,,,,5,5,11,0,470,11,,,,,,,,,,,,,,,,,,,,,,,,,
slot groove,3,,,,,,10,10,595,0,530,5,,,,,,,,,,,,,,,,,,,,,,,,,
VB_Double_hole,3,,,,,,5,5,11,0,50,589,,,,,,,,,,,,,,,,,,,,,,,,,
VB_Double_hole,3,,,,,,5,5,11,0,470,589,,,,,,,,,,,,,,,,,,,,,,,,,
Door 1,2,,,,,,398,20,598,0,0,0,,,,,,,,,,,,,,,,,,,,,,,,,
Hinge_Hole,3,,,,,,35,35,14,23.5,20,100,,,,,,,,,,,,,,,,,,,,,,,,,
Hinge_Hole,3,,,,,,35,35,14,23.5,20,299,,,,,,,,,,,,,,,,,,,,,,,,,
Hinge_Hole,3,,,,,,35,35,14,23.5,20,498,,,,,,,,,,,,,,,,,,,,,,,,,
Door 2,2,,,,,,398,20,598,400,0,0,,,,,,,,,,,,,,,,,,,,,,,,,
Hinge_Hole,3,,,,,,35,35,14,374.5,20,100,,,,,,,,,,,,,,,,,,,,,,,,,
Hinge_Hole,3,,,,,,35,35,14,374.5,20,299,,,,,,,,,,,,,,,,,,,,,,,,,
Hinge_Hole,3,,,,,,35,35,14,374.5,20,498,,,,,,,,,,,,,,,,,,,,,,,,,
bottom plank,2,,,,,,760,532,20,20,20,0,,,,,,,,,,,,,,,,,,,,,,,,,
VB_Main_Hole,3,,,,,,20,20,16,9.5,50,20,,,,,,,,,,,,,,,,,,,,,,,,,
VB_Main_Hole,3,,,,,,20,20,16,9.5,470,20,,,,,,,,,,,,,,,,,,,,,,,,,
VB_Main_Hole,3,,,,,,20,20,16,750.5,50,20,,,,,,,,,,,,,,,,,,,,,,,,,
VB_Main_Hole,3,,,,,,20,20,16,750.5,470,20,,,,,,,,,,,,,,,,,,,,,,,,,
slot groove,3,,,,,,760,10,10,0,530,20,,,,,,,,,,,,,,,,,,,,,,,10,0,-2
Entity Name,level,Material,Room_Name,Unit_Location,Box_Model,Box_Type,F_LenX,F_LenY,F_LenZ,F_X,F_Y,F_Z,Box_width,Box_depth,Box_height,Skriting,skriting_width,carcass_thickness,door_thickness,backplank_thickness,VB main position,VB double positiion,screw position,Profile_Depth,Profile_Width,Profile_Distance,,,,,,,,,,,
K_Base Bothside Exp 1Door,1,,Kitchen,North_Wall,Simple Box,ExptoExp,600,550,810,,,,600,550,810,110,560,20,21,10,50,50,50,,,,,,,,,,,,,,
bottom plank,2,,,,,,560,519,20,20,21,110,,,,,,,,,,,,,,,,,,,,,,,,,
back plank,2,,,,,,580,10,700,10,540,110,,,,,,,,,,,,,,,,,,,,,,,,,
skriting,2,,,,,,560,20,110,20,21,0,,,,,,,,,,,,,,,,,,,,,,,,,
top plank,2,,,,,,560,519,20,20,21,790,,,,,,,,,,,,,,,,,,,,,,,,,
VB_Main_Hole,3,,,,,,20,20,16,9.5,50,0,,,,,,,,,,,,,,,,,,,,,,,,,
VB_Main_Hole,3,,,,,,20,20,16,9.5,259.5,0,,,,,,,,,,,,,,,,,,,,,,,,,
VB_Main_Hole,3,,,,,,20,20,16,9.5,469,0,,,,,,,,,,,,,,,,,,,,,,,,,
VB_Main_Hole,3,,,,,,20,20,16,550.5,50,0,,,,,,,,,,,,,,,,,,,,,,,,,
VB_Main_Hole,3,,,,,,20,20,16,550.5,259.5,0,,,,,,,,,,,,,,,,,,,,,,,,,
VB_Main_Hole,3,,,,,,20,20,16,550.5,469,0,,,,,,,,,,,,,,,,,,,,,,,,,
left plank,2,,,,,,20,531,810,0,21,0,,,,,,,,,,,,,,,,,,,,,,,,,
VB_Double_hole,3,,,,,,5,5,11,20,50,799,,,,,,,,,,,,,,,,,,,,,,,,,
VB_Double_hole,3,,,,,,5,5,11,20,259.5,799,,,,,,,,,,,,,,,,,,,,,,,,,
VB_Double_hole,3,,,,,,5,5,11,20,469,799,,,,,,,,,,,,,,,,,,,,,,,,,
slot groove,3,,,,,,10,10,705,20,519,105,,,,,,,,,,,,,,,,,,,,,,,,,
right plank,2,,,,,,20,531,810,580,21,0,,,,,,,,,,,,,,,,,,,,,,,,,
VB_Double_hole,3,,,,,,5,5,11,0,50,799,,,,,,,,,,,,,,,,,,,,,,,,,
VB_Double_hole,3,,,,,,5,5,11,0,259.5,799,,,,,,,,,,,,,,,,,,,,,,,,,
VB_Double_hole,3,,,,,,5,5,11,0,469,799,,,,,,,,,,,,,,,,,,,,,,,,,
slot groove,3,,,,,,10,10,705,0,529,105,,,,,,,,,,,,,,,,,,,,,,,,,
Door,2,,,,,,598,21,698,0,0,110,,,,,,,,,,,,,,,,,,,,,,,,,
Hinge_Hole,3,,,,,,35,35,14,23.5,21,100,,,,,,,,,,,,,,,,,,,,,,,,,
Hinge_Hole,3,,,,,,35,35,14,23.5,21,349,,,,,,,,,,,,,,,,,,,,,,,,,
Hinge_Hole,3,,,,,,35,35,14,23.5,21,598,,,,,,,,,,,,,,,,,,,,,,,,,
Entity Name,level,Material,Room_Name,Unit_Location,Box_Model,Box_Type,F_LenX,F_LenY,F_LenZ,F_X,F_Y,F_Z,Box_width,Box_depth,Box_height,Skriting,skriting_width,carcass_thickness,door_thickness,backplank_thickness,VB main position,VB double positiion,screw position,Profile_Depth,Profile_Width,Profile_Distance,,,,,,,,,,,
K_Base 1Exp 2Door,1,,Kitchen,East_Wall,Simple Box,BoxtoExp,800,550,1000,,,,800,550,1000,110,780,20,21,10,50,50,50,,,,,,,,,,,,,,
shelf plank,2,,,,,,760,499,20,20,41,545,,,,,,,,,,,,,,,,,,,,,,,,,
back plank,2,,,,,,790,10,890,0,540,110,,,,,,,,,,,,,,,,,,,,,,,,,
skriting,2,,,,,,780,20,110,20,21,0,,,,,,,,,,,,,,,,,,,,,,,,,
top plank,2,,,,,,760,519,20,20,21,980,,,,,,,,,,,,,,,,,,,,,,,,,
VB_Main_Hole,3,,,,,,20,20,16,750.5,50,0,,,,,,,,,,,,,,,,,,,,,,,,,
VB_Main_Hole,3,,,,,,20,20,16,750.5,259.5,0,,,,,,,,,,,,,,,,,,,,,,,,,
VB_Main_Hole,3,,,,,,20,20,16,750.5,469,0,,,,,,,,,,,,,,,,,,,,,,,,,
bottom plank,2,,,,,,760,519,20,20,21,110,,,,,,,,,,,,,,,,,,,,,,,,,
left plank,2,,,,,,20,519,1000,0,21,0,,,,,,,,,,,,,,,,,,,,,,,,,
Screw_hole,3,,,,,,4,4,20,20,50,990,,,,,,,,,,,,,,,,,,,,,,,,,
Screw_hole,3,,,,,,4,4,20,20,179.75,990,,,,,,,,,,,,,,,,,,,,,,,,,
Screw_hole,3,,,,,,4,4,20,20,339.25,990,,,,,,,,,,,,,,,,,,,,,,,,,
Screw_hole,3,,,,,,4,4,20,20,469,990,,,,,,,,,,,,,,,,,,,,,,,,,
Screw_hole,3,,,,,,4,4,20,20,50,120,,,,,,,,,,,,,,,,,,,,,,,,,
Screw_hole,3,,,,,,4,4,20,20,179.75,120,,,,,,,,,,,,,,,,,,,,,,,,,
Screw_hole,3,,,,,,4,4,20,20,339.25,120,,,,,,,,,,,,,,,,,,,,,,,,,
Screw_hole,3,,,,,,4,4,20,20,469,120,,,,,,,,,,,,,,,,,,,,,,,,,
right plank,2,,,,,,20,531,1000,780,21,0,,,,,,,,,,,,,,,,,,,,,,,,,
VB_Double_hole,3,,,,,,5,5,11,0,50,989,,,,,,,,,,,,,,,,,,,,,,,,,
VB_Double_hole,3,,,,,,5,5,11,0,259.5,989,,,,,,,,,,,,,,,,,,,,,,,,,
VB_Double_hole,3,,,,,,5,5,11,0,469,989,,,,,,,,,,,,,,,,,,,,,,,,,
slot groove,3,,,,,,10,10,895,0,529,105,,,,,,,,,,,,,,,,,,,,,,,,,
Door 1,2,,,,,,398,21,888,0,0,110,,,,,,,,,,,,,,,,,,,,,,,,,
Hinge_Hole,3,,,,,,35,35,14,23.5,21,100,,,,,,,,,,,,,,,,,,,,,,,,,
Hinge_Hole,3,,,,,,35,35,14,23.5,21,444,,,,,,,,,,,,,,,,,,,,,,,,,
Hinge_Hole,3,,,,,,35,35,14,23.5,21,788,,,,,,,,,,,,,,,,,,,,,,,,,
Door 2,2,,,,,,398,21,888,400,0,110,,,,,,,,,,,,,,,,,,,,,,,,,
Hinge_Hole,3,,,,,,35,35,14,374.5,21,100,,,,,,,,,,,,,,,,,,,,,,,,,
Hinge_Hole,3,,,,,,35,35,14,374.5,21,444,,,,,,,,,,,,,,,,,,,,,,,,,
Hinge_Hole,3,,,,,,35,35,14,374.5,21,788,,,,,,,,,,,,,,,,,,,,,,,,,
Entity Name,level,Material,Room_Name,Unit_Location,Box_Model,Box_Type,F_LenX,F_LenY,F_LenZ,F_X,F_Y,F_Z,Box_width,Box_depth,Box_height,Skriting,skriting_width,carcass_thickness,door_thickness,backplank_thickness,VB main position,VB double positiion,screw position,Profile_Depth,Profile_Width,Profile_Distance,,,,,,,,,,,
K_Base 2Door BoxtoBox,1,,Kitchen,North_Wall,Simple Box,BoxtoBox,650,600,800,,,,650,600,800,110,610,20,20,10,0,0,50,,,,,,,,,,,,,,
skriting,2,,,,,,610,20,110,20,20,0,,,,,,,,,,,,,,,,,,,,,,,,,
back plank,2,,,,,,650,10,690,0,590,110,,,,,,,,,,,,,,,,,,,,,,,,,
bottom plank,2,,,,,,610,570,20,20,20,110,,,,,,,,,,,,,,,,,,,,,,,,,
top plank,2,,,,,,610,570,20,20,20,780,,,,,,,,,,,,,,,,,,,,,,,,,
shelf plank,2,,,,,,610,550,20,20,40,445,,,,,,,,,,,,,,,,,,,,,,,,,
left plank,2,,,,,,20,570,800,0,20,0,,,,,,,,,,,,,,,,,,,,,,,,,
Screw_hole,3,,,,,,4,4,20,20,50,790,,,,,,,,,,,,,,,,,,,,,,,,,
Screw_hole,3,,,,,,4,4,20,20,192.5,790,,,,,,,,,,,,,,,,,,,,,,,,,
Screw_hole,3,,,,,,4,4,20,20,377.5,760,,,,,,,,,,,,,,,,,,,,,,,,,
Screw_hole,3,,,,,,4,4,20,20,520,790,,,,,,,,,,,,,,,,,,,,,,,,,
Screw_hole,3,,,,,,4,4,20,20,50,120,,,,,,,,,,,,,,,,,,,,,,,,,
Screw_hole,3,,,,,,4,4,20,20,192.5,120,,,,,,,,,,,,,,,,,,,,,,,,,
Screw_hole,3,,,,,,4,4,20,20,377.5,120,,,,,,,,,,,,,,,,,,,,,,,,,
Screw_hole,3,,,,,,4,4,20,20,520,120,,,,,,,,,,,,,,,,,,,,,,,,,
right plank,2,,,,,,20,570,800,630,20,0,,,,,,,,,,,,,,,,,,,,,,,,,
Screw_hole,3,,,,,,4,4,20,0,50,120,,,,,,,,,,,,,,,,,,,,,,,,,
Screw_hole,3,,,,,,4,4,20,0,192.5,120,,,,,,,,,,,,,,,,,,,,,,,,,
Screw_hole,3,,,,,,4,4,20,0,377.5,120,,,,,,,,,,,,,,,,,,,,,,,,,
Screw_hole,3,,,,,,4,4,20,0,520,120,,,,,,,,,,,,,,,,,,,,,,,,,
Screw_hole,3,,,,,,4,4,20,0,50,790,,,,,,,,,,,,,,,,,,,,,,,,,
Screw_hole,3,,,,,,4,4,20,0,192.5,790,,,,,,,,,,,,,,,,,,,,,,,,,
Screw_hole,3,,,,,,4,4,20,0,377.5,790,,,,,,,,,,,,,,,,,,,,,,,,,
Screw_hole,3,,,,,,4,4,20,0,520,790,,,,,,,,,,,,,,,,,,,,,,,,,
door plank 1,2,,,,,,323,20,688,0,0,110,,,,,,,,,,,,,,,,,,,,,,,,,
hinge hole,3,,,,,,35,35,14,23.5,20,100,,,,,,,,,,,,,,,,,,,,,,,,,
hinge hole,3,,,,,,35,35,14,23.5,20,344,,,,,,,,,,,,,,,,,,,,,,,,,
hinge hole,3,,,,,,35,35,14,23.5,20,588,,,,,,,,,,,,,,,,,,,,,,,,,
Door plank 2,2,,,,,,323,20,688,325,0,110,,,,,,,,,,,,,,,,,,,,,,,,,
hinge hole,3,,,,,,35,35,14,299.5,20,100,,,,,,,,,,,,,,,,,,,,,,,,,
hinge hole,3,,,,,,35,35,14,299.5,20,344,,,,,,,,,,,,,,,,,,,,,,,,,
hinge hole,3,,,,,,35,35,14,299.5,20,588,,,,,,,,,,,,,,,,,,,,,,,,,
Entity Name,level,Material,Room_Name,Unit_Location,Box_Model,Box_Type,F_LenX,F_LenY,F_LenZ,F_X,F_Y,F_Z,Box_width,Box_depth,Box_height,Skriting,skriting_width,carcass_thickness,door_thickness,backplank_thickness,VB main position,VB double positiion,screw position,Profile_Depth,Profile_Width,Profile_Distance,,,,,,,,,,,
K_Base 1Door BoxtoBox,1,,Kitchen,East_Wall,Simple Box,BoxtoBox,400,600,800,,,,400,600,800,110,360,20,20,10,50,50,50,,,,,,,,,,,,,,
top plank,2,,,,,,360,570,20,20,20,780,,,,,,,,,,,,,,,,,,,,,,,,,
bottom plank,2,,,,,,360,570,20,20,20,110,,,,,,,,,,,,,,,,,,,,,,,,,
back plank,2,,,,,,400,10,690,0,590,110,,,,,,,,,,,,,,,,,,,,,,,,,
skriting,2,, ,,,,360,20,110,20,20,0,,,,,,,,,,,,,,,,,,,,,,,,,
left plank,2,,,,,,20,570,800,0,20,0,,,,,,,,,,,,,,,,,,,,,,,,,
Screw_hole,3,,,,,,4,4,20,20,50,790,,,,,,,,,,,,,,,,,,,,,,,,,
Screw_hole,3,,,,,,4,4,20,20,192.5,790,,,,,,,,,,,,,,,,,,,,,,,,,
Screw_hole,3,,,,,,4,4,20,20,377.5,790,,,,,,,,,,,,,,,,,,,,,,,,,
Screw_hole,3,,,,,,4,4,20,20,520,790,,,,,,,,,,,,,,,,,,,,,,,,,
Screw_hole,3,,,,,,4,4,20,20,50,120,,,,,,,,,,,,,,,,,,,,,,,,,
Screw_hole,3,,,,,,4,4,20,20,192.5,120,,,,,,,,,,,,,,,,,,,,,,,,,
Screw_hole,3,,,,,,4,4,20,20,377.5,120,,,,,,,,,,,,,,,,,,,,,,,,,
Screw_hole,3,,,,,,4,4,20,20,520,120,,,,,,,,,,,,,,,,,,,,,,,,,
right plank,2,,,,,,20,570,800,380,20,0,,,,,,,,,,,,,,,,,,,,,,,,,
Screw_hole,3,,,,,,4,4,20,0,50,790,,,,,,,,,,,,,,,,,,,,,,,,,
Screw_hole,3,,,,,,4,4,20,0,192.5,790,,,,,,,,,,,,,,,,,,,,,,,,,
Screw_hole,3,,,,,,4,4,20,0,377.5,790,,,,,,,,,,,,,,,,,,,,,,,,,
Screw_hole,3,,,,,,4,4,20,0,520,790,,,,,,,,,,,,,,,,,,,,,,,,,
Screw_hole,3,,,,,,4,4,20,0,50,120,,,,,,,,,,,,,,,,,,,,,,,,,
Screw_hole,3,,,,,,4,4,20,0,192.5,120,,,,,,,,,,,,,,,,,,,,,,,,,
Screw_hole,3,,,,,,4,4,20,0,377.5,120,,,,,,,,,,,,,,,,,,,,,,,,,
Screw_hole,3,,,,,,4,4,20,0,520,120,,,,,,,,,,,,,,,,,,,,,,,,,
Door,2,,,,,,398,20,688,0,0,110,,,,,,,,,,,,,,,,,,,,,,,,,
Hinge_Hole,3,,,,,,35,35,14,23.5,20,100,,,,,,,,,,,,,,,,,,,,,,,,,
Hinge_Hole,3,,,,,,35,35,14,23.5,20,344,,,,,,,,,,,,,,,,,,,,,,,,,
Hinge_Hole,3,,,,,,35,35,14,23.5,20,588,,,,,,,,,,,,,,,,,,,,,,,,,
Entity Name,level,Material,Room_Name,Unit_Location,Box_Model,Box_Type,F_LenX,F_LenY,F_LenZ,F_X,F_Y,F_Z,Box_width,Box_depth,Box_height,Skriting,skriting_width,carcass_thickness,door_thickness,backplank_thickness,VB main position,VB double positiion,screw position,Profile_Depth,Profile_Width,Profile_Distance,,,,,,,,,,,
WM_3Door Bottom Exp,1,,Kitchen,East_Wall,WallMount,ExptoExp,900,450,710,,,,900,450,710,0,0,20,20,10,50,50,50,,,,,,,,,,,,,,
back plank ,2,,,,,,880,10,700,10,440,10,,,,,,,,,,,,,,,,,,,,,,,,,
shelf1,2,,,,,,560,400,20,20,40,345,,,,,,,,,,,,,,,,,,,,,,,,,
vertical 2,2,,,,,,20,420,670,600,20,20,,,,,,,,,,,,,,,,,,,,,,,,,
shelf plank 2,2,,,,,,260,400,20,620,40,345,,,,,,,,,,,,,,,,,,,,,,,,,
top plank,2,,,,,,860,420,20,20,20,690,,,,,,,,,,,,,,,,,,,,,,,,,
Screw_hole,3,,,,,,4,4,20,570,50,0,,,,,,,,,,,,,,,,,,,,,,,,,
Screw_hole,3,,,,,,4,4,20,570,210,0,,,,,,,,,,,,,,,,,,,,,,,,,
Screw_hole,3,,,,,,4,4,20,570,370,0,,,,,,,,,,,,,,,,,,,,,,,,,
Screw_hole,3,,,,,,4,4,20,590,50,0,,,,,,,,,,,,,,,,,,,,,,,,,
Screw_hole,3,,,,,,4,4,20,590,210,0,,,,,,,,,,,,,,,,,,,,,,,,,
Screw_hole,3,,,,,,4,4,20,590,370,0,,,,,,,,,,,,,,,,,,,,,,,,,
VB_Main_Hole,3,,,,,,20,20,16,9.5,50,0,,,,,,,,,,,,,,,,,,,,,,,,,
VB_Main_Hole,3,,,,,,20,20,16,9.5,370,0,,,,,,,,,,,,,,,,,,,,,,,,,
VB_Main_Hole,3,,,,,,20,20,16,850.5,50,0,,,,,,,,,,,,,,,,,,,,,,,,,
VB_Main_Hole,3,,,,,,20,20,16,850.5,370,0,,,,,,,,,,,,,,,,,,,,,,,,,
right plank,2,,,,,,20,432,710,880,20,0,,,,,,,,,,,,,,,,,,,,,,,,,
VB_Double_hole,3,,,,,,5,5,11,0,50,699,,,,,,,,,,,,,,,,,,,,,,,,,
VB_Double_hole,3,,,,,,5,5,11,0,370,699,,,,,,,,,,,,,,,,,,,,,,,,,
VB_Double_hole,3,,,,,,5,5,11,0,50,11,,,,,,,,,,,,,,,,,,,,,,,,,
VB_Double_hole,3,,,,,,5,5,11,0,370,11,,,,,,,,,,,,,,,,,,,,,,,,,
slot groove,3,,,,,,10,10,705,0,430,5,,,,,,,,,,,,,,,,,,,,,,,,,
bottom plank,2,,,,,,860,432,20,20,20,0,,,,,,,,,,,,,,,,,,,,,,,,,
VB_Main_Hole,3,,,,,,20,20,16,9.5,50,20,,,,,,,,,,,,,,,,,,,,,,,,,
VB_Main_Hole,3,,,,,,20,20,16,9.5,370,20,,,,,,,,,,,,,,,,,,,,,,,,,
VB_Double_Hole,3,,,,,,5,5,11,569,50,20,,,,,,,,,,,,,,,,,,,,,,,,,
VB_Double_Hole,3,,,,,,5,5,11,569,370,20,,,,,,,,,,,,,,,,,,,,,,,,,
slot groove,3,,,,,,860,10,10,0,430,20,,,,,,,,,,,,,,,,,,,,,,,,,
VB_Main_Hole,3,,,,,,20,20,16,850.5,50,20,,,,,,,,,,,,,,,,,,,,,,,,,
VB_Main_Hole,3,,,,,,20,20,16,850.5,370,20,,,,,,,,,,,,,,,,,,,,,,,,,
left plank,2,,,,,,20,432,710,0,20,0,,,,,,,,,,,,,,,,,,,,,,,,,
VB_Double_hole,3,,,,,,5,5,11,20,50,11,,,,,,,,,,,,,,,,,,,,,,,,,
VB_Double_hole,3,,,,,,5,5,11,20,370,11,,,,,,,,,,,,,,,,,,,,,,,,,
VB_Double_hole,3,,,,,,5,5,11,20,50,699,,,,,,,,,,,,,,,,,,,,,,,,,
VB_Double_hole,3,,,,,,5,5,11,20,370,699,,,,,,,,,,,,,,,,,,,,,,,,,
slot groove,3,,,,,,10,10,705,20,420,5,,,,,,,,,,,,,,,,,,,,,,,,,
vertical plank 1,2,,,,,,20,420,670,580,20,20,,,,,,,,,,,,,,,,,,,,,,,,,
VB_Main_Hole,3,,,,,,20,20,16,0,50,9.5,,,,,,,,,,,,,,,,,,,,,,,,,
VB_Main_Hole,3,,,,,,20,20,16,0,370,9.5,,,,,,,,,,,,,,,,,,,,,,,,,
Door 3,2,,,,,,298,20,708,600,0,0,,,,,,,,,,,,,,,,,,,,,,,,,
Hinge_Hole,3,,,,,,35,35,14,23.5,20,100,,,,,,,,,,,,,,,,,,,,,,,,,
Hinge_Hole,3,,,,,,35,35,14,23.5,20,354,,,,,,,,,,,,,,,,,,,,,,,,,
Hinge_Hole,3,,,,,,35,35,14,23.5,20,608,,,,,,,,,,,,,,,,,,,,,,,,,
Door 1,2,,,,,,298,20,708,0,0,0,,,,,,,,,,,,,,,,,,,,,,,,,
Hinge_Hole,3,,,,,,35,35,14,23.5,20,100,,,,,,,,,,,,,,,,,,,,,,,,,
Hinge_Hole,3,,,,,,35,35,14,23.5,20,354,,,,,,,,,,,,,,,,,,,,,,,,,
Hinge_Hole,3,,,,,,35,35,14,23.5,20,608,,,,,,,,,,,,,,,,,,,,,,,,,
Door 2,2,,,,,,298,20,708,300,0,0,,,,,,,,,,,,,,,,,,,,,,,,,
Hinge_Hole,3,,,,,,35,35,14,274.5,20,100,,,,,,,,,,,,,,,,,,,,,,,,,
Hinge_Hole,3,,,,,,35,35,14,274.5,20,354,,,,,,,,,,,,,,,,,,,,,,,,,
Hinge_Hole,3,,,,,,35,35,14,274.5,20,608,,,,,,,,,,,,,,,,,,,,,,,,,
Entity Name,level,Material,Room_Name,Unit_Location,Box_Model,Box_Type,F_LenX,F_LenY,F_LenZ,F_X,F_Y,F_Z,Box_width,Box_depth,Box_height,Skriting,skriting_width,carcass_thickness,door_thickness,backplank_thickness,,Tandem_thickness,VB main position,VB double positiion,screw position,Profile_Depth,Profile_Width,Profile_Distance,,,,,,,,,
Tandem_Box_1,1,,Kitchen,East_Wall,2_Tamdem Box,ExptoBox,600,550,800,,,,600,550,800,110,560,20,20,10,,14,50,50,50,,,,,,,,,,,,
bottom plank,2,,,,,,560,520,20,20,20,110,,,,,,,,,,,,,,,,,,,,,,,,,
back plank,2,,,,,,590,10,690,10,540,110,,,,,,,,,,,,,,,,,,,,,,,,,
draw 5,2,,,,,,598,20,343,0,0,110,,,,,,,,,,,,,,,,,,,,,,,,,
skriting,2,,,,,,560,20,110,20,20,0,,,,,,,,,,,,,,,,,,,,,,,,,
draw 4,2,,,,,,598,20,343,0,0,455,,,,,,,,,,,,,,,,,,,,,,,,,
tandembottom 4,2,,,,,,550,500,14,20,20,455,,,,,,,,,,,,,,,,,,,,,,,,,
tandemback 5,2,,,,,,550,20,311,20,20,144,,,,,,,,,,,,,,,,,,,,,,,,,
tandembottom 5,2,,,,,,550,500,14,20,20,130,,,,,,,,,,,,,,,,,,,,,,,,,
tandemback 4,2,,,,,,550,20,311,20,20,455,,,,,,,,,,,,,,,,,,,,,,,,,
left plank,2,,,,,,20,532,800,0,20,0,,,,,,,,,,,,,,,,,,,,,,,,,
VB_Double_hole,3,,,,,,5,5,11,20,50,789,,,,,,,,,,,,,,,,,,,,,,,,,
VB_Double_hole,3,,,,,,5,5,11,20,260,789,,,,,,,,,,,,,,,,,,,,,,,,,
VB_Double_hole,3,,,,,,5,5,11,20,470,789,,,,,,,,,,,,,,,,,,,,,,,,,
slot groove,3,,,,,,10,10,695,20,520,105,,,,,,,,,,,,,,,,,,,,,,,,,
right plank,2,,,,,,20,520,800,580,20,0,,,,,,,,,,,,,,,,,,,,,,,,,
Screw_hole,3,,,,,,4,4,20,0,50,790,,,,,,,,,,,,,,,,,,,,,,,,,
Screw_hole,3,,,,,,4,4,20,0,180,790,,,,,,,,,,,,,,,,,,,,,,,,,
Screw_hole,3,,,,,,4,4,20,0,340,790,,,,,,,,,,,,,,,,,,,,,,,,,
Screw_hole,3,,,,,,4,4,20,0,470,790,,,,,,,,,,,,,,,,,,,,,,,,,
Screw_hole,3,,,,,,4,4,20,0,50,120,,,,,,,,,,,,,,,,,,,,,,,,,
Screw_hole,3,,,,,,4,4,20,0,180,120,,,,,,,,,,,,,,,,,,,,,,,,,
Screw_hole,3,,,,,,4,4,20,0,340,120,,,,,,,,,,,,,,,,,,,,,,,,,
Screw_hole,3,,,,,,4,4,20,0,470,120,,,,,,,,,,,,,,,,,,,,,,,,,
top plank,2,,,,,,560,520,20,20,20,780,,,,,,,,,,,,,,,,,,,,,,,,,
VB_Main_Hole,3,,,,,,20,20,16,9.5,50,0,,,,,,,,,,,,,,,,,,,,,,,,,
VB_Main_Hole,3,,,,,,20,20,16,9.5,260,0,,,,,,,,,,,,,,,,,,,,,,,,,
VB_Main_Hole,3,,,,,,20,20,16,9.5,470,0,,,,,,,,,,,,,,,,,,,,,,,,,
Entity Name,level,Material,Room_Name,Unit_Location,Box_Model,Box_Type,F_LenX,F_LenY,F_LenZ,F_X,F_Y,F_Z,Box_width,Box_depth,Box_height,Skriting,skriting_width,carcass_thickness,door_thickness,backplank_thickness,,draw_height,screw position,,,,,,,,,,,,,,
K_Base with Door and Draw,1,,Kitchen,East_Wall,Simple Box,BoxtBox,550,450,1000,,,,550,450,1000,110,510,20,20,10,,300,50,,,,,,,,,,,,,,
bottom plank,2,,,,,,510,420,20,20,20,110,,,,,,,,,,,,,,,,,,,,,,,,,
top plank,2,,,,,,510,420,20,20,20,980,,,,,,,,,,,,,,,,,,,,,,,,,
back plank,2,,,,,,550,10,890,0,440,110,,,,,,,,,,,,,,,,,,,,,,,,,
skriting,2,,,,,,510,20,110,20,20,0,,,,,,,,,,,,,,,,,,,,,,,,,
shelf plank 2,2,,,,,,510,400,20,20,40,395,,,,,,,,,,,,,,,,,,,,,,,,,
left plank,2,,,,,,20,420,1000,0,20,0,,,,,,,,,,,,,,,,,,,,,,,,,
Screw_hole,3,,,,,,4,4,20,20,50,990,,,,,,,,,,,,,,,,,,,,,,,,,
Screw_hole,3,,,,,,4,4,20,20,210,990,,,,,,,,,,,,,,,,,,,,,,,,,
Screw_hole,3,,,,,,4,4,20,20,370,990,,,,,,,,,,,,,,,,,,,,,,,,,
Screw_hole,3,,,,,,4,4,20,20,50,700,,,,,,,,,,,,,,,,,,,,,,,,,
Screw_hole,3,,,,,,4,4,20,20,210,700,,,,,,,,,,,,,,,,,,,,,,,,,
Screw_hole,3,,,,,,4,4,20,20,370,700,,,,,,,,,,,,,,,,,,,,,,,,,
Screw_hole,3,,,,,,4,4,20,20,50,120,,,,,,,,,,,,,,,,,,,,,,,,,
Screw_hole,3,,,,,,4,4,20,20,210,120,,,,,,,,,,,,,,,,,,,,,,,,,
Screw_hole,3,,,,,,4,4,20,20,370,120,,,,,,,,,,,,,,,,,,,,,,,,,
right plank,2,,,,,,20,420,1000,530,20,0,,,,,,,,,,,,,,,,,,,,,,,,,
Screw_hole,3,,,,,,4,4,20,0,50,990,,,,,,,,,,,,,,,,,,,,,,,,,
Screw_hole,3,,,,,,4,4,20,0,210,990,,,,,,,,,,,,,,,,,,,,,,,,,
Screw_hole,3,,,,,,4,4,20,0,370,990,,,,,,,,,,,,,,,,,,,,,,,,,
Screw_hole,3,,,,,,4,4,20,0,50,700,,,,,,,,,,,,,,,,,,,,,,,,,
Screw_hole,3,,,,,,4,4,20,0,210,700,,,,,,,,,,,,,,,,,,,,,,,,,
Screw_hole,3,,,,,,4,4,20,0,370,700,,,,,,,,,,,,,,,,,,,,,,,,,
Screw_hole,3,,,,,,4,4,20,0,50,120,,,,,,,,,,,,,,,,,,,,,,,,,
Screw_hole,3,,,,,,4,4,20,0,210,120,,,,,,,,,,,,,,,,,,,,,,,,,
Screw_hole,3,,,,,,4,4,20,0,370,120,,,,,,,,,,,,,,,,,,,,,,,,,
Door 2,2,,,,,,273,20,588,275,0,110,,,,,,,,,,,,,,,,,,,,,,,,,
Hinge_Hole,3,,,,,,35,35,0,249.5,20,100,,,,,,,,,,,,,,,,,,,,,,,,,
Hinge_Hole,3,,,,,,35,35,0,249.5,20,488,,,,,,,,,,,,,,,,,,,,,,,,,
Door 1,2,,,,,,273,20,588,0,0,110,,,,,,,,,,,,,,,,,,,,,,,,,
hinge hole,3,,,,,,35,35,0,23.5,20,100,,,,,,,,,,,,,,,,,,,,,,,,,
hinge hole,3,,,,,,35,35,0,23.5,20,488,,,,,,,,,,,,,,,,,,,,,,,,,
shelf plank 1,2,,,,,,510,420,20,20,20,690,,,,,,,,,,,,,,,,,,,,,,,,,
Entity Name,level,Material,Room_Name,Unit_Location,Box_Model,Box_Type,F_LenX,F_LenY,F_LenZ,F_X,F_Y,F_Z,Box_width,Box_depth,Box_height,Skriting,skriting_width,carcass_thickness,door_thickness,backplank_thickness,,dummy_width,screw position,Profile_Depth,Profile_Width,Profile_Distance,,,,,,,,,,,
K_Base 1Door BoxtoBox,1,,Kitchen,East_Wall,Simple Box,BoxtoWall,400,600,800,,,,400,600,800,110,360,20,20,10,,50,50,,,,,,,,,,,,,,
top plank,2,,,,,,360,570,20,20,20,780,,,,,,,,,,,,,,,,,,,,,,,,,
bottom plank,2,,,,,,360,570,20,20,20,110,,,,,,,,,,,,,,,,,,,,,,,,,
back plank,2,,,,,,400,10,690,0,590,110,,,,,,,,,,,,,,,,,,,,,,,,,
skriting,2,, ,,,,360,20,110,20,20,0,,,,,,,,,,,,,,,,,,,,,,,,,
left plank,2,,,,,,20,570,800,0,20,0,,,,,,,,,,,,,,,,,,,,,,,,,
Screw_hole,3,,,,,,4,4,20,20,50,790,,,,,,,,,,,,,,,,,,,,,,,,,
Screw_hole,3,,,,,,4,4,20,20,192.5,790,,,,,,,,,,,,,,,,,,,,,,,,,
Screw_hole,3,,,,,,4,4,20,20,377.5,790,,,,,,,,,,,,,,,,,,,,,,,,,
Screw_hole,3,,,,,,4,4,20,20,520,790,,,,,,,,,,,,,,,,,,,,,,,,,
Screw_hole,3,,,,,,4,4,20,20,50,120,,,,,,,,,,,,,,,,,,,,,,,,,
Screw_hole,3,,,,,,4,4,20,20,192.5,120,,,,,,,,,,,,,,,,,,,,,,,,,
Screw_hole,3,,,,,,4,4,20,20,377.5,120,,,,,,,,,,,,,,,,,,,,,,,,,
Screw_hole,3,,,,,,4,4,20,20,520,120,,,,,,,,,,,,,,,,,,,,,,,,,
right plank,2,,,,,,20,570,800,380,20,0,,,,,,,,,,,,,,,,,,,,,,,,,
Screw_hole,3,,,,,,4,4,20,0,50,790,,,,,,,,,,,,,,,,,,,,,,,,,
Screw_hole,3,,,,,,4,4,20,0,192.5,790,,,,,,,,,,,,,,,,,,,,,,,,,
Screw_hole,3,,,,,,4,4,20,0,377.5,790,,,,,,,,,,,,,,,,,,,,,,,,,
Screw_hole,3,,,,,,4,4,20,0,520,790,,,,,,,,,,,,,,,,,,,,,,,,,
Screw_hole,3,,,,,,4,4,20,0,50,120,,,,,,,,,,,,,,,,,,,,,,,,,
Screw_hole,3,,,,,,4,4,20,0,192.5,120,,,,,,,,,,,,,,,,,,,,,,,,,
Screw_hole,3,,,,,,4,4,20,0,377.5,120,,,,,,,,,,,,,,,,,,,,,,,,,
Screw_hole,3,,,,,,4,4,20,0,520,120,,,,,,,,,,,,,,,,,,,,,,,,,
Door,2,,,,,,398,20,688,0,0,110,,,,,,,,,,,,,,,,,,,,,,,,,
Hinge_Hole,3,,,,,,35,35,0,23.5,20,100,,,,,,,,,,,,,,,,,,,,,,,,,
Hinge_Hole,3,,,,,,35,35,0,23.5,20,344,,,,,,,,,,,,,,,,,,,,,,,,,
Hinge_Hole,3,,,,,,35,35,0,23.5,20,588,,,,,,,,,,,,,,,,,,,,,,,,,
Dummy,2,,,,,,50,20,690,400,20,110,,,,,,,,,,,,,,,,,,,,,,,,,
Entity Name,level,Material,Room_Name,Unit_Location,Box_Model,Box_Type,F_LenX,F_LenY,F_LenZ,F_X,F_Y,F_Z,Box_width,Box_depth,Box_height,Skriting,skriting_width,carcass_thickness,door_thickness,backplank_thickness,VB main position,VB double positiion,screw position,Profile_Depth,Profile_Width,Profile_Distance,,,,,,,,,,,
WM_2D (Btm Exp),1,,Kitchen,East_Wall,WallMount,BoxtoBox,800,550,600,,,,800,550,600,0,0,20,20,10,50,50,50,,,,,,,,,,,,,,
back plank,2,,,,,,800,10,590,0,540,10,,,,,,,,,,,,,,,,,,,,,,,,,
shelf plank H,2,,,,,,760,500,20,20,40,290,,,,,,,,,,,,,,,,,,,,,,,,,
left plank,2,,,,,,20,520,580,0,20,20,,,,,,,,,,,,,,,,,,,,,,,,,
Screw_hole,3,,,,,,4,4,20,20,50,570,,,,,,,,,,,,,,,,,,,,,,,,,
Screw_hole,3,,,,,,4,4,20,20,260,570,,,,,,,,,,,,,,,,,,,,,,,,,
Screw_hole,3,,,,,,4,4,20,20,470,570,,,,,,,,,,,,,,,,,,,,,,,,,
VB_Main_Hole,3,,,,,,20,20,16,20,50,9.5,,,,,,,,,,,,,,,,,,,,,,,,,
VB_Main_Hole,3,,,,,,20,20,16,20,470,9.5,,,,,,,,,,,,,,,,,,,,,,,,,
top plank,2,,,,,,760,520,20,20,20,580,,,,,,,,,,,,,,,,,,,,,,,,,
right plank,2,,,,,,20,520,580,780,20,20,,,,,,,,,,,,,,,,,,,,,,,,,
Screw_hole,3,,,,,,4,4,20,0,50,570,,,,,,,,,,,,,,,,,,,,,,,,,
Screw_hole,3,,,,,,4,4,20,0,290,570,,,,,,,,,,,,,,,,,,,,,,,,,
Screw_hole,3,,,,,,4,4,20,0,530,570,,,,,,,,,,,,,,,,,,,,,,,,,
VB_Main_Hole,3,,,,,,20,20,16,0,50,9.5,,,,,,,,,,,,,,,,,,,,,,,,,
VB_Main_Hole,3,,,,,,20,20,16,0,470,9.5,,,,,,,,,,,,,,,,,,,,,,,,,
Door 1,2,,,,,,398,20,598,0,0,0,,,,,,,,,,,,,,,,,,,,,,,,,
Hinge_Hole,3,,,,,,35,35,0,23.5,20,100,,,,,,,,,,,,,,,,,,,,,,,,,
Hinge_Hole,3,,,,,,35,35,0,23.5,35,249.5,,,,,,,,,,,,,,,,,,,,,,,,,
Hinge_Hole,3,,,,,,35,35,0,23.5,20,348.5,,,,,,,,,,,,,,,,,,,,,,,,,
Hinge_Hole,3,,,,,,35,35,0,23.5,20,498,,,,,,,,,,,,,,,,,,,,,,,,,
Door 2,2,,,,,,398,20,598,400,0,0,,,,,,,,,,,,,,,,,,,,,,,,,
Hinge_Hole,3,,,,,,35,35,0,374.5,20,100,,,,,,,,,,,,,,,,,,,,,,,,,
Hinge_Hole,3,,,,,,35,35,0,23.5,35,249.5,,,,,,,,,,,,,,,,,,,,,,,,,
Hinge_Hole,3,,,,,,35,35,0,374.5,20,348.5,,,,,,,,,,,,,,,,,,,,,,,,,
Hinge_Hole,3,,,,,,35,35,0,374.5,20,498,,,,,,,,,,,,,,,,,,,,,,,,,
bottom plank,2,,,,,,800,532,20,0,20,0,,,,,,,,,,,,,,,,,,,,,,,,,
VB_Double_hole,3,,,,,,5,5,11,11,50,20,,,,,,,,,,,,,,,,,,,,,,,,,
VB_Double_hole,3,,,,,,5,5,11,11,470,20,,,,,,,,,,,,,,,,,,,,,,,,,
VB_Double_hole,3,,,,,,5,5,11,771,50,20,,,,,,,,,,,,,,,,,,,,,,,,,
VB_Double_hole,3,,,,,,5,5,11,771,470,20,,,,,,,,,,,,,,,,,,,,,,,,,
slot groove,3,,,,,,800,10,10,0,530,20,,,,,,,,,,,,,,,,,,,,,,,,,
Entity Name,level,Material,Room_Name,Unit_Location,Box_Model,Box_Type,F_LenX,F_LenY,F_LenZ,F_X,F_Y,F_Z,Box_width,Box_depth,Box_height,Skriting,skriting_width,carcass_thickness,door_thickness,backplank_thickness,,dummy_width,VB main position,VB double positiion,screw position,Profile_Depth,Profile_Width,Profile_Distance,,,,,,,,,
WM_2D (Btm Exp),1,,Kitchen,East_Wall,WallMount,BoxtoWall,800,550,600,,,,800,550,600,0,0,20,20,10,,50,50,50,50,,,,,,,,,,,,
back plank,2,,,,,,800,10,590,0,540,10,,,,,,,,,,,,,,,,,,,,,,,,,
shelf plank H,2,,,,,,760,500,20,20,40,290,,,,,,,,,,,,,,,,,,,,,,,,,
left plank,2,,,,,,20,520,580,0,20,20,,,,,,,,,,,,,,,,,,,,,,,,,
VB_Main_Hole,3,,,,,,20,20,16,20,50,9.5,,,,,,,,,,,,,,,,,,,,,,,,,
VB_Main_Hole,3,,,,,,20,20,16,20,470,9.5,,,,,,,,,,,,,,,,,,,,,,,,,
Screw_hole,3,,,,,,4,4,20,20,50,570,,,,,,,,,,,,,,,,,,,,,,,,,
Screw_hole,3,,,,,,4,4,20,20,260,570,,,,,,,,,,,,,,,,,,,,,,,,,
Screw_hole,3,,,,,,4,4,20,20,470,570,,,,,,,,,,,,,,,,,,,,,,,,,
top plank,2,,,,,,760,520,20,20,20,580,,,,,,,,,,,,,,,,,,,,,,,,,
right plank,2,,,,,,20,520,580,780,20,20,,,,,,,,,,,,,,,,,,,,,,,,,
Screw_hole,3,,,,,,4,4,20,0,50,570,,,,,,,,,,,,,,,,,,,,,,,,,
Screw_hole,3,,,,,,4,4,20,0,260,570,,,,,,,,,,,,,,,,,,,,,,,,,
Screw_hole,3,,,,,,4,4,20,0,470,570,,,,,,,,,,,,,,,,,,,,,,,,,
VB_Main_Hole,3,,,,,,20,20,16,0,50,9.5,,,,,,,,,,,,,,,,,,,,,,,,,
VB_Main_Hole,3,,,,,,20,20,16,0,470,9.5,,,,,,,,,,,,,,,,,,,,,,,,,
Door 1,2,,,,,,398,20,598,0,0,0,,,,,,,,,,,,,,,,,,,,,,,,,
Hinge_Hole,3,,,,,,35,35,14,23.5,20,100,,,,,,,,,,,,,,,,,,,,,,,,,
Hinge_Hole,3,,,,,,35,35,14,23.5,20,299,,,,,,,,,,,,,,,,,,,,,,,,,
Hinge_Hole,3,,,,,,35,35,14,23.5,20,498,,,,,,,,,,,,,,,,,,,,,,,,,
Door 2,2,,,,,,398,20,598,400,0,0,,,,,,,,,,,,,,,,,,,,,,,,,
Hinge_Hole,3,,,,,,35,35,0,374.5,20,100,,,,,,,,,,,,,,,,,,,,,,,,,
Hinge_Hole,3,,,,,,35,35,0,374.5,20,299,,,,,,,,,,,,,,,,,,,,,,,,,
Hinge_Hole,3,,,,,,35,35,0,374.5,20,498,,,,,,,,,,,,,,,,,,,,,,,,,
bottom plank,2,,,,,,850,532,20,0,20,0,,,,,,,,,,,,,,,,,,,,,,,,,
VB_Double_Hole,3,,,,,,5,5,11,11,50,20,,,,,,,,,,,,,,,,,,,,,,,,,
VB_Double_Hole,3,,,,,,5,5,11,11,470,20,,,,,,,,,,,,,,,,,,,,,,,,,
VB_Double_Hole,3,,,,,,5,5,11,453,50,20,,,,,,,,,,,,,,,,,,,,,,,,,
VB_Double_Hole,3,,,,,,5,5,11,453,470,20,,,,,,,,,,,,,,,,,,,,,,,,,
slot groove,3,,,,,,805,10,10,0,530,20,,,,,,,,,,,,,,,,,,,,,,,,,
Dummy,2,,,,,,50,20,580,800,20,20,,,,,,,,,,,,,,,,,,,,,,,,,
Entity Name,level,Material,Room_Name,Unit_Location,Box_Model,Box_Type,F_LenX,F_LenY,F_LenZ,F_X,F_Y,F_Z,Box_width,Box_depth,Box_height,Skriting,skriting_width,carcass_thickness,door_thickness,backplank_thickness,,dummy_width,VB main position,VB double positiion,screw position,Profile_Depth,Profile_Width,Profile_Distance,,,,,,,,,
WM_2D (Btm Exp),1,,Kitchen,East_Wall,WallMount,WalltoBox,800,550,600,,,,800,550,600,0,0,20,20,10,,50,50,50,50,,,,,,,,,,,,
back plank,2,,,,,,800,10,590,50,540,10,,,,,,,,,,,,,,,,,,,,,,,,,
shelf plank H,2,,,,,,760,500,20,70,40,290,,,,,,,,,,,,,,,,,,,,,,,,,
left plank,2,,,,,,20,520,580,50,20,20,,,,,,,,,,,,,,,,,,,,,,,,,
VB_Main_Hole,3,,,,,,20,20,16,20,50,9.5,,,,,,,,,,,,,,,,,,,,,,,,,
VB_Main_Hole,3,,,,,,20,20,16,20,470,9.5,,,,,,,,,,,,,,,,,,,,,,,,,
Screw_hole,3,,,,,,4,4,20,20,50,570,,,,,,,,,,,,,,,,,,,,,,,,,
Screw_hole,3,,,,,,4,4,20,20,260,570,,,,,,,,,,,,,,,,,,,,,,,,,
Screw_hole,3,,,,,,4,4,20,20,470,570,,,,,,,,,,,,,,,,,,,,,,,,,
top plank,2,,,,,,760,520,20,70,20,580,,,,,,,,,,,,,,,,,,,,,,,,,
right plank,2,,,,,,20,520,580,830,20,20,,,,,,,,,,,,,,,,,,,,,,,,,
Screw_hole,3,,,,,,4,4,20,0,50,570,,,,,,,,,,,,,,,,,,,,,,,,,
Screw_hole,3,,,,,,4,4,20,0,260,570,,,,,,,,,,,,,,,,,,,,,,,,,
Screw_hole,3,,,,,,4,4,20,0,470,570,,,,,,,,,,,,,,,,,,,,,,,,,
VB_Main_Hole,3,,,,,,20,20,16,0,50,9.5,,,,,,,,,,,,,,,,,,,,,,,,,
VB_Main_Hole,3,,,,,,20,20,16,0,470,9.5,,,,,,,,,,,,,,,,,,,,,,,,,
Door 1,2,,,,,,398,20,598,50,0,0,,,,,,,,,,,,,,,,,,,,,,,,,
Hinge_Hole,3,,,,,,35,35,14,23.5,20,100,,,,,,,,,,,,,,,,,,,,,,,,,
Hinge_Hole,3,,,,,,35,35,14,23.5,20,299,,,,,,,,,,,,,,,,,,,,,,,,,
Hinge_Hole,3,,,,,,35,35,14,23.5,20,498,,,,,,,,,,,,,,,,,,,,,,,,,
Door 2,2,,,,,,398,20,598,450,0,0,,,,,,,,,,,,,,,,,,,,,,,,,
Hinge_Hole,3,,,,,,35,35,0,374.5,20,100,,,,,,,,,,,,,,,,,,,,,,,,,
Hinge_Hole,3,,,,,,35,35,0,374.5,20,299,,,,,,,,,,,,,,,,,,,,,,,,,
Hinge_Hole,3,,,,,,35,35,0,374.5,20,498,,,,,,,,,,,,,,,,,,,,,,,,,
bottom plank,2,,,,,,850,532,20,0,20,0,,,,,,,,,,,,,,,,,,,,,,,,,
VB_Double_Hole,3,,,,,,5,5,11,61,50,20,,,,,,,,,,,,,,,,,,,,,,,,,
VB_Double_Hole,3,,,,,,5,5,11,61,470,20,,,,,,,,,,,,,,,,,,,,,,,,,
VB_Double_Hole,3,,,,,,5,5,11,503,50,20,,,,,,,,,,,,,,,,,,,,,,,,,
VB_Double_Hole,3,,,,,,5,5,11,503,470,20,,,,,,,,,,,,,,,,,,,,,,,,,
slot groove,3,,,,,,805,10,10,0,530,20,,,,,,,,,,,,,,,,,,,,,,,,,
Dummy,2,,,,,,50,20,580,0,20,20,,,,,,,,,,,,,,,,,,,,,,,,,
Entity Name,level,Material,Room_Name,Unit_Location,Box_Model,Box_Type,LenX,LenY,LenZ,X,Y,Z,Box_width,Box_depth,Box_height,Skriting,skriting_width,carcass_thickness,door_thickness,backplank_thickness,VB main position,VB double position,screw position,,,,,,,,,,,,,,
WM_2D (Btm Exp),1,,Kitchen,East_Wall,WallMount,BoxtoExp,700,400,600,,,,700,400,600,0,0,20,20,10,50,50,50,,,,,,,,,,,,,,
back plank,2,,,,,,690,10,590,0,390,10,,,,,,,,,,,,,,,,,,,,,,,,,
shelf plank H,2,,,,,,660,350,20,20,40,300,,,,,,,,,,,,,,,,,,,,,,,,,
top plank,2,,,,,,660,370,20,20,20,580,,,,,,,,,,,,,,,,,,,,,,,,,
VB_Main_Hole,3,,,,,,20,20,16,650.5,50,0,,,,,,,,,,,,,,,,,,,,,,,,,
VB_Main_Hole,3,,,,,,20,20,16,650.5,320,0,,,,,,,,,,,,,,,,,,,,,,,,,
left plank,2,,,,,,20,370,580,0,20,20,,,,,,,,,,,,,,,,,,,,,,,,,
VB_Main_Hole,3,,,,,,16,20,20,20,50,9.5,,,,,,,,,,,,,,,,,,,,,,,,,
VB_Main_Hole,3,,,,,,16,20,20,20,320,9.5,,,,,,,,,,,,,,,,,,,,,,,,,
Screw_hole,3,,,,,,4,4,20,20,50,570,,,,,,,,,,,,,,,,,,,,,,,,,
Screw_hole,3,,,,,,4,4,20,20,185,570,,,,,,,,,,,,,,,,,,,,,,,,,
Screw_hole,3,,,,,,4,4,20,20,320,570,,,,,,,,,,,,,,,,,,,,,,,,,
right plank,2,,,,,,20,382,600,680,20,0,,,,,,,,,,,,,,,,,,,,,,,,,
VB_Double_hole,3,,,,,,5,5,11,0,50,589,,,,,,,,,,,,,,,,,,,,,,,,,
VB_Double_hole,3,,,,,,5,5,11,0,320,589,,,,,,,,,,,,,,,,,,,,,,,,,
slot groove,3,,,,,,10,10,595,0,380,5,,,,,,,,,,,,,,,,,,,,,,,,,
VB_Double_hole,3,,,,,,5,5,11,0,50,11,,,,,,,,,,,,,,,,,,,,,,,,,
VB_Double_hole,3,,,,,,5,5,11,0,320,11,,,,,,,,,,,,,,,,,,,,,,,,,
bottom plank,2,,,,,,680,382,20,0,20,0,,,,,,,,,,,,,,,,,,,,,,,,,
VB_Main_Hole,3,,,,,,20,20,16,670.5,50,20,,,,,,,,,,,,,,,,,,,,,,,,,
VB_Main_Hole,3,,,,,,20,20,16,670.5,320,20,,,,,,,,,,,,,,,,,,,,,,,,,
slot groove,3,,,,,,680,10,10,0,380,20,,,,,,,,,,,,,,,,,,,,,,,,,
VB_Double_Hole,3,,,,,,5,5,11,11,50,20,,,,,,,,,,,,,,,,,,,,,,,,,
VB_Double_Hole,3,,,,,,5,5,11,11,320,20,,,,,,,,,,,,,,,,,,,,,,,,,
Door 2,2,,,,,,348,20,598,350,0,0,,,,,,,,,,,,,,,,,,,,,,,,,
Hinge_Hole,3,,,,,,35,35,14,324.5,20,100,,,,,,,,,,,,,,,,,,,,,,,,,
Hinge_Hole,3,,,,,,35,35,14,324.5,20,299,,,,,,,,,,,,,,,,,,,,,,,,,
Hinge_Hole,3,,,,,,35,35,14,324.5,20,498,,,,,,,,,,,,,,,,,,,,,,,,,
Door 1,2,,,,,,348,20,598,0,0,0,,,,,,,,,,,,,,,,,,,,,,,,,
Hinge_Hole,3,,,,,,35,35,14,23.5,20,100,,,,,,,,,,,,,,,,,,,,,,,,,
Hinge_Hole,3,,,,,,35,35,14,23.5,20,299,,,,,,,,,,,,,,,,,,,,,,,,,
Hinge_Hole,3,,,,,,35,35,14,23.5,20,498,,,,,,,,,,,,,,,,,,,,,,,,,
Entity Name,level,Material,Room_Name,Unit_Location,Box_Model,Box_Type,LenX,LenY,LenZ,X,Y,Z,Box_width,Box_depth,Box_height,Skriting,skriting_width,carcass_thickness,door_thickness,backplank_thickness,VB main position,VB double position,screw position,,,,,,,,,,,,,,
WM_2D (Btm Exp),1,,Kitchen,East_Wall,WallMount,ExptoBox,700,400,600,,,,700,400,600,0,0,20,20,10,50,50,50,,,,,,,,,,,,,,
back plank,2,,,,,,690,10,590,10,390,10,,,,,,,,,,,,,,,,,,,,,,,,,
shelf plank H,2,,,,,,660,350,20,20,40,300,,,,,,,,,,,,,,,,,,,,,,,,,
top plank,2,,,,,,660,370,20,20,20,580,,,,,,,,,,,,,,,,,,,,,,,,,
VB_Main_Hole,3,,,,,,20,20,16,9.5,50,0,,,,,,,,,,,,,,,,,,,,,,,,,
VB_Main_Hole,3,,,,,,20,20,16,9.5,320,0,,,,,,,,,,,,,,,,,,,,,,,,,
left plank,2,,,,,,20,382,600,0,20,0,,,,,,,,,,,,,,,,,,,,,,,,,
VB_Double_hole,3,,,,,,5,5,11,20,50,589,,,,,,,,,,,,,,,,,,,,,,,,,
VB_Double_hole,3,,,,,,5,5,11,20,320,589,,,,,,,,,,,,,,,,,,,,,,,,,
VB_Double_hole,3,,,,,,5,5,11,20,50,11,,,,,,,,,,,,,,,,,,,,,,,,,
VB_Double_hole,3,,,,,,5,5,11,20,320,11,,,,,,,,,,,,,,,,,,,,,,,,,
slot groove,3,,,,,,10,10,595,20,370,5,,,,,,,,,,,,,,,,,,,,,,,,,
right plank,2,,,,,,20,370,580,680,20,20,,,,,,,,,,,,,,,,,,,,,,,,,
Screw_hole,3,,,,,,4,4,20,0,50,570,,,,,,,,,,,,,,,,,,,,,,,,,
Screw_hole,3,,,,,,4,4,20,0,185,570,,,,,,,,,,,,,,,,,,,,,,,,,
Screw_hole,3,,,,,,4,4,20,0,320,570,,,,,,,,,,,,,,,,,,,,,,,,,
VB_Main_Hole,3,,,,,,20,20,16,0,50,9.5,,,,,,,,,,,,,,,,,,,,,,,,,
VB_Main_Hole,3,,,,,,20,20,16,0,320,9.5,,,,,,,,,,,,,,,,,,,,,,,,,
bottom plank,2,,,,,,680,382,20,0,20,0,,,,,,,,,,,,,,,,,,,,,,,,,
VB_Main_Hole,3,,,,,,20,20,16,9.5,50,20,,,,,,,,,,,,,,,,,,,,,,,,,
VB_Main_Hole,3,,,,,,20,20,16,9.5,320,20,,,,,,,,,,,,,,,,,,,,,,,,,
slot groove,3,,,,,,680,10,10,0,380,20,,,,,,,,,,,,,,,,,,,,,,,,,
VB_Double_Hole,3,,,,,,5,5,11,669,50,20,,,,,,,,,,,,,,,,,,,,,,,,,
VB_Double_Hole,3,,,,,,5,5,11,669,320,20,,,,,,,,,,,,,,,,,,,,,,,,,
Door 2,2,,,,,,348,20,598,350,0,0,,,,,,,,,,,,,,,,,,,,,,,,,
Hinge_Hole,3,,,,,,35,35,14,324.5,20,100,,,,,,,,,,,,,,,,,,,,,,,,,
Hinge_Hole,3,,,,,,35,35,14,324.5,20,299,,,,,,,,,,,,,,,,,,,,,,,,,
Hinge_Hole,3,,,,,,35,35,14,324.5,20,498,,,,,,,,,,,,,,,,,,,,,,,,,
Door 1,2,,,,,,348,20,598,0,0,0,,,,,,,,,,,,,,,,,,,,,,,,,
Hinge_Hole,3,,,,,,35,35,14,23.5,20,100,,,,,,,,,,,,,,,,,,,,,,,,,
Hinge_Hole,3,,,,,,35,35,14,23.5,20,299,,,,,,,,,,,,,,,,,,,,,,,,,
Hinge_Hole,3,,,,,,35,35,14,23.5,20,498,,,,,,,,,,,,,,,,,,,,,,,,,
,,,,,,,,,,,,,,,,,,,,,,,,,,,,,,,,,,,,,
Entity Name,level,Material,Room_Name,Unit_Location,Box_Model,Box_Type,F_LenX,F_LenY,F_LenZ,F_X,F_Y,F_Z,Box_width,Box_depth,Box_height,Skriting,skriting_width,carcass_thickness,door_thickness,backplank_thickness,,Tandem_thickness,VB main position,VB double positiion,screw position,Profile_Depth,Profile_Width,Profile_Distance,,,,,,,,,
2_Tandem_Box,1,,Kitchen,East_Wall,2_Tamdem Box,BoxtoBox,600,550,800,,,,600,550,800,110,560,20,20,10,,14,50,50,50,,,,,,,,,,,,
bottom plank,2,,,,,,560,520,20,20,20,110,,,,,,,,,,,,,,,,,,,,,,,,,
back plank,2,,,,,,600,10,690,0,540,110,,,,,,,,,,,,,,,,,,,,,,,,,
draw 5,2,,,,,,598,20,343,0,0,110,,,,,,,,,,,,,,,,,,,,,,,,,
skriting,2,,,,,,560,20,110,20,20,0,,,,,,,,,,,,,,,,,,,,,,,,,
draw 4,2,,,,,,598,20,343,0,0,455,,,,,,,,,,,,,,,,,,,,,,,,,
tandembottom 4,2,,,,,,550,500,14,20,20,455,,,,,,,,,,,,,,,,,,,,,,,,,
tandemback 5,2,,,,,,550,20,311,20,20,144,,,,,,,,,,,,,,,,,,,,,,,,,
tandembottom 5,2,,,,,,550,500,14,20,20,130,,,,,,,,,,,,,,,,,,,,,,,,,
tandemback 4,2,,,,,,550,20,311,20,20,455,,,,,,,,,,,,,,,,,,,,,,,,,
left plank,2,,,,,,20,520,800,0,20,0,,,,,,,,,,,,,,,,,,,,,,,,,
Screw_hole,3,,,,,,4,4,20,20,50,790,,,,,,,,,,,,,,,,,,,,,,,,,
Screw_hole,3,,,,,,4,4,20,20,180,790,,,,,,,,,,,,,,,,,,,,,,,,,
Screw_hole,3,,,,,,4,4,20,20,340,790,,,,,,,,,,,,,,,,,,,,,,,,,
Screw_hole,3,,,,,,4,4,20,20,470,790,,,,,,,,,,,,,,,,,,,,,,,,,
Screw_hole,3,,,,,,4,4,20,20,50,120,,,,,,,,,,,,,,,,,,,,,,,,,
Screw_hole,3,,,,,,4,4,20,20,180,120,,,,,,,,,,,,,,,,,,,,,,,,,
Screw_hole,3,,,,,,4,4,20,20,340,120,,,,,,,,,,,,,,,,,,,,,,,,,
Screw_hole,3,,,,,,4,4,20,20,470,120,,,,,,,,,,,,,,,,,,,,,,,,,
right plank,2,,,,,,20,520,800,580,20,0,,,,,,,,,,,,,,,,,,,,,,,,,
Screw_hole,3,,,,,,4,4,20,0,50,790,,,,,,,,,,,,,,,,,,,,,,,,,
Screw_hole,3,,,,,,4,4,20,0,180,790,,,,,,,,,,,,,,,,,,,,,,,,,
Screw_hole,3,,,,,,4,4,20,0,340,790,,,,,,,,,,,,,,,,,,,,,,,,,
Screw_hole,3,,,,,,4,4,20,0,470,790,,,,,,,,,,,,,,,,,,,,,,,,,
Screw_hole,3,,,,,,4,4,20,0,50,120,,,,,,,,,,,,,,,,,,,,,,,,,
Screw_hole,3,,,,,,4,4,20,0,180,120,,,,,,,,,,,,,,,,,,,,,,,,,
Screw_hole,3,,,,,,4,4,20,0,340,120,,,,,,,,,,,,,,,,,,,,,,,,,
Screw_hole,3,,,,,,4,4,20,0,470,120,,,,,,,,,,,,,,,,,,,,,,,,,
top plank,2,,,,,,560,520,20,20,20,780,,,,,,,,,,,,,,,,,,,,,,,,,
,,,,,,,,,,,,,,,,,,,,,,,,,,,,,,,,,,,,,
,,,,,,,,,,,,,,,,,,,,,,,,,,,,,,,,,,,,,
,,,,,,,,,,,,,,,,,,,,,,,,,,,,,,,,,,,,,
,,,,,,,,,,,,,,,,,,,,,,,,,,,,,,,,,,,,,
,,,,,,,,,,,,,,,,,,,,,,,,,,,,,,,,,,,,,
,,,,,,,,,,,,,,,,,,,,,,,,,,,,,,,,,,,,,
,,,,,,,,,,,,,,,,,,,,,,,,,,,,,,,,,,,,,
,,,,,,,,,,,,,,,,,,,,,,,,,,,,,,,,,,,,,
,,,,,,,,,,,,,,,,,,,,,,,,,,,,,,,,,,,,,
,,,,,,,,,,,,,,,,,,,,,,,,,,,,,,,,,,,,,
,,,,,,,,,,,,,,,,,,,,,,,,,,,,,,,,,,,,,
,,,,,,,,,,,,,,,,,,,,,,,,,,,,,,,,,,,,,
,,,,,,,,,,,,,,,,,,,,,,,,,,,,,,,,,,,,,
,,,,,,,,,,,,,,,,,,,,,,,,,,,,,,,,,,,,,
,,,,,,,,,,,,,,,,,,,,,,,,,,,,,,,,,,,,,
,,,,,,,,,,,,,,,,,,,,,,,,,,,,,,,,,,,,,
,,,,,,,,,,,,,,,,,,,,,,,,,,,,,,,,,,,,,
,,,,,,,,,,,,,,,,,,,,,,,,,,,,,,,,,,,,,
,,,,,,,,,,,,,,,,,,,,,,,,,,,,,,,,,,,,,
Entity Name,level,Material,Room_Name,Unit_Location,Box_Model,Box_Type,F_LenX,F_LenY,F_LenZ,F_X,F_Y,F_Z,Box_width,Box_depth,Box_height,Skriting,skriting_width,carcass_thickness,door_thickness,backplank_thickness,tandem_thickness,screw position,,,,,,,,,,,,,,,
3_Tandem_Box BoxtoBox,1,,Kitchen,East_Wall,2_Tamdem Box,BoxtoBox,600,600,800,,,,600,600,800,110,560,20,21,10,14,50,,,,,,,,,,,,,,,
top plank,2,,,,,,560,569,20,20,21,780,,,,,,,,,,,,,,,,,,,,,,,,,
bottom plank,2,,,,,,560,569,20,20,21,110,,,,,,,,,,,,,,,,,,,,,,,,,
back plank,2,,,,,,600,10,690,0,590,110,,,,,,,,,,,,,,,,,,,,,,,,,
draw 3,2,,,,,,598,21,343,0,0,110,,,,,,,,,,,,,,,,,,,,,,,,,
skriting,2,,,,,,560,20,110,20,21,0,,,,,,,,,,,,,,,,,,,,,,,,,
draw 2,2,,,,,,598,21,170.5,0,0,455,,,,,,,,,,,,,,,,,,,,,,,,,
tandembottom 3,2,,,,,,550,549,14,20,21,627.5,,,,,,,,,,,,,,,,,,,,,,,,,
tandemback 3,2,,,,,,550,20,156.5,20,21,641.5,,,,,,,,,,,,,,,,,,,,,,,,,
tandembottom 1,2,,,,,,550,549,14,20,21,130,,,,,,,,,,,,,,,,,,,,,,,,,
draw 1,2,,,,,,598,21,170.5,0,0,627.5,,,,,,,,,,,,,,,,,,,,,,,,,
tandembottom 2,2,,,,,,550,549,14,20,21,455,,,,,,,,,,,,,,,,,,,,,,,,,
left plank,2,,,,,,20,569,800,0,21,0,,,,,,,,,,,,,,,,,,,,,,,,,
Screw_hole,3,,,,,,4,4,20,20,50,790,,,,,,,,,,,,,,,,,,,,,,,,,
Screw_hole,3,,,,,,4,4,20,20,192.25,790,,,,,,,,,,,,,,,,,,,,,,,,,
Screw_hole,3,,,,,,4,4,20,20,376.75,790,,,,,,,,,,,,,,,,,,,,,,,,,
Screw_hole,3,,,,,,4,4,20,20,519,790,,,,,,,,,,,,,,,,,,,,,,,,,
Screw_hole,3,,,,,,4,4,20,20,50,120,,,,,,,,,,,,,,,,,,,,,,,,,
Screw_hole,3,,,,,,4,4,20,20,192.25,120,,,,,,,,,,,,,,,,,,,,,,,,,
Screw_hole,3,,,,,,4,4,20,20,376.75,120,,,,,,,,,,,,,,,,,,,,,,,,,
Screw_hole,3,,,,,,4,4,20,20,519,120,,,,,,,,,,,,,,,,,,,,,,,,,
right plank,2,,,,,,20,569,800,580,21,0,,,,,,,,,,,,,,,,,,,,,,,,,
Screw_hole,3,,,,,,4,4,20,0,50,790,,,,,,,,,,,,,,,,,,,,,,,,,
Screw_hole,3,,,,,,4,4,20,0,192.25,790,,,,,,,,,,,,,,,,,,,,,,,,,
Screw_hole,3,,,,,,4,4,20,0,376.75,790,,,,,,,,,,,,,,,,,,,,,,,,,
Screw_hole,3,,,,,,4,4,20,0,519,790,,,,,,,,,,,,,,,,,,,,,,,,,
Screw_hole,3,,,,,,4,4,20,0,50,120,,,,,,,,,,,,,,,,,,,,,,,,,
Screw_hole,3,,,,,,4,4,20,0,192.25,120,,,,,,,,,,,,,,,,,,,,,,,,,
Screw_hole,3,,,,,,4,4,20,0,376.75,120,,,,,,,,,,,,,,,,,,,,,,,,,
Screw_hole,3,,,,,,4,4,20,0,519,120,,,,,,,,,,,,,,,,,,,,,,,,,
tandemback 2,2,,,,,,550,21,170.5,20,21,455,,,,,,,,,,,,,,,,,,,,,,,,,
tandemback 1,2,,,,,,550,20,421,20,21,144,,,,,,,,,,,,,,,,,,,,,,,,,
Entity Name,level,Material,Room_Name,Unit_Location,Box_Model,Box_Type,F_LenX,F_LenY,F_LenZ,F_X,F_Y,F_Z,Box_width,Box_depth,Box_height,Skriting,skriting_width,carcass_thickness,door_thickness,backplank_thickness,dummy,VB main position,VB double position,screw position,Profile_Depth,Profile_Width,Profile_Distance,,,,,,,,,,
sliding wr 3 door WalltoExp,1,,Kitchen,East_Wall,Simple Box,WalltoExp,2400,600,2100,,,,2400,600,2100,110,2400,20,21,10,50,50,50,50,,,,,,,,,,,,,
shelf_plank 2,2,,,,,,760,490,20,870,100,1010,,,,,,,,,,,,,,,,,,,,,,,,,
shelf_plank 3,2,,,,,,760,490,20,1670,100,1010,,,,,,,,,,,,,,,,,,,,,,,,,
skriting 1,2,,,,,,2400,20,110,0,0,0,,,,,,,,,,,,,,,,,,,,,,,,,
back plank 2,2,,,,,,800,10,1990,850,590,110,,,,,,,,,,,,,,,,,,,,,,,,,
shelf_plank 1,2,,,,,,760,490,20,70,100,1010,,,,,,,,,,,,,,,,,,,,,,,,,
door plank 1,2,,,,,,810,21,1918,70,79,130,,,,,,,,,,,,,,,,,,,,,,,,,
door plank 2,2,,,,,,830,21,1918,850,58,130,,,,,,,,,,,,,,,,,,,,,,,,,
back plank 3,2,,,,,,790,10,1990,1650,590,110,,,,,,,,,,,,,,,,,,,,,,,,,
door plank 3,2,,,,,,810,21,1918,1620,79,130,,,,,,,,,,,,,,,,,,,,,,,,,
back plank 1,2,,,,,,800,10,1990,50,550,110,,,,,,,,,,,,,,,,,,,,,,,,,
vertical plank 1,2,,,,,,20,490,1950,830,100,130,,,,,,,,,,,,,,,,,,,,,,,,,
Screw_hole,3,,,,,,4,4,20,0,50,890,,,,,,,,,,,,,,,,,,,,,,,,,
Screw_hole,3,,,,,,4,4,20,0,245,890,,,,,,,,,,,,,,,,,,,,,,,,,
Screw_hole,3,,,,,,4,4,20,0,440,890,,,,,,,,,,,,,,,,,,,,,,,,,
vertical plank 2,2,,,,,,20,490,1950,850,100,130,,,,,,,,,,,,,,,,,,,,,,,,,
Screw_hole,3,,,,,,4,4,20,20,50,890,,,,,,,,,,,,,,,,,,,,,,,,,
Screw_hole,3,,,,,,4,4,20,20,245,890,,,,,,,,,,,,,,,,,,,,,,,,,
Screw_hole,3,,,,,,4,4,20,20,440,890,,,,,,,,,,,,,,,,,,,,,,,,,
vertical plank 3,2,,,,,,20,490,1950,1630,100,130,,,,,,,,,,,,,,,,,,,,,,,,,
Screw_hole,3,,,,,,4,4,20,0,50,890,,,,,,,,,,,,,,,,,,,,,,,,,
Screw_hole,3,,,,,,4,4,20,0,245,890,,,,,,,,,,,,,,,,,,,,,,,,,
Screw_hole,3,,,,,,4,4,20,0,440,890,,,,,,,,,,,,,,,,,,,,,,,,,
vertical plank 4,2,,,,,,20,490,1950,1650,100,130,,,,,,,,,,,,,,,,,,,,,,,,,
Screw_hole,3,,,,,,4,4,20,20,50,890,,,,,,,,,,,,,,,,,,,,,,,,,
Screw_hole,3,,,,,,4,4,20,20,245,890,,,,,,,,,,,,,,,,,,,,,,,,,
Screw_hole,3,,,,,,4,4,20,20,440,890,,,,,,,,,,,,,,,,,,,,,,,,,
bottom plank,2,,,,,,2360,590,20,70,0,110,,,,,,,,,,,,,,,,,,,,,,,,,
Screw_hole,3,,,,,,4,4,20,770,150,20,,,,,,,,,,,,,,,,,,,,,,,,,
Screw_hole,3,,,,,,4,4,20,770,345,20,,,,,,,,,,,,,,,,,,,,,,,,,
Screw_hole,3,,,,,,4,4,20,770,540,20,,,,,,,,,,,,,,,,,,,,,,,,,
Screw_hole,3,,,,,,4,4,20,790,150,20,,,,,,,,,,,,,,,,,,,,,,,,,
Screw_hole,3,,,,,,4,4,20,790,345,20,,,,,,,,,,,,,,,,,,,,,,,,,
Screw_hole,3,,,,,,4,4,20,790,540,20,,,,,,,,,,,,,,,,,,,,,,,,,
Screw_hole,3,,,,,,4,4,20,1570,150,20,,,,,,,,,,,,,,,,,,,,,,,,,
Screw_hole,3,,,,,,4,4,20,1570,345,20,,,,,,,,,,,,,,,,,,,,,,,,,
Screw_hole,3,,,,,,4,4,20,1570,540,20,,,,,,,,,,,,,,,,,,,,,,,,,
Screw_hole,3,,,,,,4,4,20,1590,150,20,,,,,,,,,,,,,,,,,,,,,,,,,
Screw_hole,3,,,,,,4,4,20,1590,345,20,,,,,,,,,,,,,,,,,,,,,,,,,
Screw_hole,3,,,,,,4,4,20,1590,540,20,,,,,,,,,,,,,,,,,,,,,,,,,
top plank,2,,,,,,2360,590,20,70,0,2080,,,,,,,,,,,,,,,,,,,,,,,,,
VB_Main_Hole,3,,,,,,20,20,16,2350.5,50,0,,,,,,,,,,,,,,,,,,,,,,,,,
VB_Main_Hole,3,,,,,,20,20,16,2350.5,295,0,,,,,,,,,,,,,,,,,,,,,,,,,
VB_Main_Hole,3,,,,,,20,20,16,2350.5,540,0,,,,,,,,,,,,,,,,,,,,,,,,,
Screw_hole,3,,,,,,4,4,20,770,150,0,,,,,,,,,,,,,,,,,,,,,,,,,
Screw_hole,3,,,,,,4,4,20,770,345,0,,,,,,,,,,,,,,,,,,,,,,,,,
Screw_hole,3,,,,,,4,4,20,770,540,0,,,,,,,,,,,,,,,,,,,,,,,,,
Screw_hole,3,,,,,,4,4,20,790,150,0,,,,,,,,,,,,,,,,,,,,,,,,,
Screw_hole,3,,,,,,4,4,20,790,345,0,,,,,,,,,,,,,,,,,,,,,,,,,
Screw_hole,3,,,,,,4,4,20,790,540,0,,,,,,,,,,,,,,,,,,,,,,,,,
Screw_hole,3,,,,,,4,4,20,1570,150,0,,,,,,,,,,,,,,,,,,,,,,,,,
Screw_hole,3,,,,,,4,4,20,1570,345,0,,,,,,,,,,,,,,,,,,,,,,,,,
Screw_hole,3,,,,,,4,4,20,1570,540,0,,,,,,,,,,,,,,,,,,,,,,,,,
Screw_hole,3,,,,,,4,4,20,1590,150,0,,,,,,,,,,,,,,,,,,,,,,,,,
Screw_hole,3,,,,,,4,4,20,1590,345,0,,,,,,,,,,,,,,,,,,,,,,,,,
Screw_hole,3,,,,,,4,4,20,1590,540,0,,,,,,,,,,,,,,,,,,,,,,,,,
left plank,2,,,,,,20,590,2100,50,0,0,,,,,,,,,,,,,,,,,,,,,,,,,
Screw_hole,3,,,,,,4,4,20,20,50,2090,,,,,,,,,,,,,,,,,,,,,,,,,
Screw_hole,3,,,,,,4,4,20,20,197.5,2090,,,,,,,,,,,,,,,,,,,,,,,,,
Screw_hole,3,,,,,,4,4,20,20,392.5,2090,,,,,,,,,,,,,,,,,,,,,,,,,
Screw_hole,3,,,,,,4,4,20,20,540,2090,,,,,,,,,,,,,,,,,,,,,,,,,
Screw_hole,3,,,,,,4,4,20,20,150,1020,,,,,,,,,,,,,,,,,,,,,,,,,
Screw_hole,3,,,,,,4,4,20,20,345,1020,,,,,,,,,,,,,,,,,,,,,,,,,
Screw_hole,3,,,,,,4,4,20,20,540,1020,,,,,,,,,,,,,,,,,,,,,,,,,
Screw_hole,3,,,,,,4,4,20,20,50,120,,,,,,,,,,,,,,,,,,,,,,,,,
Screw_hole,3,,,,,,4,4,20,20,197.5,120,,,,,,,,,,,,,,,,,,,,,,,,,
Screw_hole,3,,,,,,4,4,20,20,392.5,120,,,,,,,,,,,,,,,,,,,,,,,,,
Screw_hole,3,,,,,,4,4,20,20,540,120,,,,,,,,,,,,,,,,,,,,,,,,,
right plank,2,,,,,,20,602,2100,2430,0,0,,,,,,,,,,,,,,,,,,,,,,,,,
VB_Double_hole,3,,,,,,5,5,11,0,50,2089,,,,,,,,,,,,,,,,,,,,,,,,,
VB_Double_hole,3,,,,,,5,5,11,0,295,2089,,,,,,,,,,,,,,,,,,,,,,,,,
VB_Double_hole,3,,,,,,5,5,11,0,540,2089,,,,,,,,,,,,,,,,,,,,,,,,,
slot groove,3,,,,,,10,10,1995,0,600,105,,,,,,,,,,,,,,,,,,,,,,,,,
Dummy,2,,,,,,50,20,1990,0,0,110,,,,,,,,,,,,,,,,,,,,,,,,,
Entity Name,level,Material,Room_Name,Unit_Location,Box_Model,Box_Type,F_LenX,F_LenY,F_LenZ,F_X,F_Y,F_Z,Box_width,Box_depth,Box_height,Skriting,skriting_width,carcass_thickness,door_thickness,backplank_thickness,dummy,VB main position,VB double position,screw position,Profile_Depth,Profile_Width,Profile_Distance,,,,,,,,,,
2Door Sliding WR ExptoWall,1,,MasterBedroom,East_Wall,Simple Box,ExptoWall,1100,550,2100,,,,1100,550,2100,110,1130,20,21,11,50,50,50,50,,,,,,,,,,,,,
Skriting,2,,,,,,1130,20,110,20,0,0,,,,,,,,,,,,,,,,,,,,,,,,,
Door2,2,,,,,,560,21,1918,520,79,130,,,,,,,,,,,,,,,,,,,,,,,,,
Back Plank 1,2,,,,,,540,11,1990,10,539,110,,,,,,,,,,,,,,,,,,,,,,,,,
Bottom Plank,2,,,,,,1060,539,20,20,0,110,,,,,,,,,,,,,,,,,,,,,,,,,
Screw_hole,3,,,,,,4,4,20,520,150,20,,,,,,,,,,,,,,,,,,,,,,,,,
Screw_hole,3,,,,,,4,4,20,520,319.5,20,,,,,,,,,,,,,,,,,,,,,,,,,
Screw_hole,3,,,,,,4,4,20,520,489,20,,,,,,,,,,,,,,,,,,,,,,,,,
Screw_hole,3,,,,,,4,4,20,540,150,20,,,,,,,,,,,,,,,,,,,,,,,,,
Screw_hole,3,,,,,,4,4,20,540,319.5,20,,,,,,,,,,,,,,,,,,,,,,,,,
Screw_hole,3,,,,,,4,4,20,540,489,20,,,,,,,,,,,,,,,,,,,,,,,,,
Door1,2,,,,,,560,21,1918,20,58,130,,,,,,,,,,,,,,,,,,,,,,,,,
Dummy Plank,2,,,,,,50,20,1990,1100,0,110,,,,,,,,,,,,,,,,,,,,,,,,,
plank,2,,,,,,50,530,20,1100,20,2080,,,,,,,,,,,,,,,,,,,,,,,,,
vertical 2,2,,,,,,20,439,1950,550,100,130,,,,,,,,,,,,,,,,,,,,,,,,,
Screw_hole,3,,,,,,4,4,20,20,50,890,,,,,,,,,,,,,,,,,,,,,,,,,
Screw_hole,3,,,,,,4,4,20,20,219.5,890,,,,,,,,,,,,,,,,,,,,,,,,,
Screw_hole,3,,,,,,4,4,20,20,389,890,,,,,,,,,,,,,,,,,,,,,,,,,
vertical 1,2,,,,,,20,439,1950,530,100,130,,,,,,,,,,,,,,,,,,,,,,,,,
Screw_hole,3,,,,,,4,4,20,0,50,890,,,,,,,,,,,,,,,,,,,,,,,,,
Screw_hole,3,,,,,,4,4,20,0,219.5,890,,,,,,,,,,,,,,,,,,,,,,,,,
Screw_hole,3,,,,,,4,4,20,0,389,890,,,,,,,,,,,,,,,,,,,,,,,,,
shelf 1,2,,,,,,510,439,20,20,100,1010,,,,,,,,,,,,,,,,,,,,,,,,,
shelf 2,2,,,,,,510,439,20,570,100,1010,,,,,,,,,,,,,,,,,,,,,,,,,
top plank,2,,,,,,1060,539,20,20,0,2080,,,,,,,,,,,,,,,,,,,,,,,,,
VB_Main_Hole,3,,,,,,20,20,16,9.5,50,0,,,,,,,,,,,,,,,,,,,,,,,,,
VB_Main_Hole,3,,,,,,20,20,16,9.5,269.5,0,,,,,,,,,,,,,,,,,,,,,,,,,
VB_Main_Hole,3,,,,,,20,20,16,9.5,489,0,,,,,,,,,,,,,,,,,,,,,,,,,
Screw_hole,3,,,,,,4,4,20,259.5,150,0,,,,,,,,,,,,,,,,,,,,,,,,,
Screw_hole,3,,,,,,4,4,20,259.5,319.5,0,,,,,,,,,,,,,,,,,,,,,,,,,
Screw_hole,3,,,,,,4,4,20,259.5,489,0,,,,,,,,,,,,,,,,,,,,,,,,,
Screw_hole,3,,,,,,4,4,20,279.5,150,0,,,,,,,,,,,,,,,,,,,,,,,,,
Screw_hole,3,,,,,,4,4,20,279.5,319.5,0,,,,,,,,,,,,,,,,,,,,,,,,,
Screw_hole,3,,,,,,4,4,20,279.5,489,0,,,,,,,,,,,,,,,,,,,,,,,,,
left plank,2,,,,,,20,552,2100,0,0,0,,,,,,,,,,,,,,,,,,,,,,,,,
VB_Double_hole,3,,,,,,5,5,11,20,50,2089,,,,,,,,,,,,,,,,,,,,,,,,,
VB_Double_hole,3,,,,,,5,5,11,20,269.5,2089,,,,,,,,,,,,,,,,,,,,,,,,,
VB_Double_hole,3,,,,,,5,5,11,20,489,2089,,,,,,,,,,,,,,,,,,,,,,,,,
slot groove,3,,,,,,10,11,1995,20,539,105,,,,,,,,,,,,,,,,,,,,,,,,,
right plank,2,,,,,,20,539,2100,1080,0,0,,,,,,,,,,,,,,,,,,,,,,,,,
Screw_hole,3,,,,,,4,4,20,0,50,2090,,,,,,,,,,,,,,,,,,,,,,,,,
Screw_hole,3,,,,,,4,4,20,0,184.75,2090,,,,,,,,,,,,,,,,,,,,,,,,,
Screw_hole,3,,,,,,4,4,20,0,354.25,2090,,,,,,,,,,,,,,,,,,,,,,,,,
Screw_hole,3,,,,,,4,4,20,0,489,2090,,,,,,,,,,,,,,,,,,,,,,,,,
Screw_hole,3,,,,,,4,4,20,0,150,1020,,,,,,,,,,,,,,,,,,,,,,,,,
Screw_hole,3,,,,,,4,4,20,0,319.5,1020,,,,,,,,,,,,,,,,,,,,,,,,,
Screw_hole,3,,,,,,4,4,20,0,489,1020,,,,,,,,,,,,,,,,,,,,,,,,,
Screw_hole,3,,,,,,4,4,20,0,50,120,,,,,,,,,,,,,,,,,,,,,,,,,
Screw_hole,3,,,,,,4,4,20,0,184.75,120,,,,,,,,,,,,,,,,,,,,,,,,,
Screw_hole,3,,,,,,4,4,20,0,354.25,120,,,,,,,,,,,,,,,,,,,,,,,,,
Screw_hole,3,,,,,,4,4,20,0,489,120,,,,,,,,,,,,,,,,,,,,,,,,,
Back Plank 2,2,,,,,,550,11,1990,550,539,110,,,,,,,,,,,,,,,,,,,,,,,,,
Entity Name,level,Material,Room_Name,Unit_Location,Box_Model,Box_Type,F_LenX,F_LenY,F_LenZ,F_X,F_Y,F_Z,Box_width,Box_depth,Box_height,frame_depth,,carcass_thickness,door_thickness,top_dummy_wiidth,top_dummy_height,,,,,,,,,,,,,,,,
Loft 1Door Btm not Exp,1,,Kitchen,West_Wall,Simple Box,ExptoBox,800,550,600,,,,800,550,600,90,,20,21,800,50,,,,,,,,,,,,,,,,
Left Plank,2,,,,,,20,529,600,0,21,0,,,,,,,,,,,,,,,,,,,,,,,,,
Top Plank,2,,,,,,760,90,20,20,21,580,,,,,,,,,,,,,,,,,,,,,,,,,
Right Plank,2,,,,,,20,90,600,780,21,0,,,,,,,,,,,,,,,,,,,,,,,,,
Bottom Plank 1,2,,,,,,760,90,20,20,21,0,,,,,,,,,,,,,,,,,,,,,,,,,
dummy plank,2,,,,,,800,20,50,0,0,550,,,,,,,,,,,,,,,,,,,,,,,,,
Door,2,,,,,,798,21,548,0,0,0,,,,,,,,,,,,,,,,,,,,,,,,,
Hinge_Hole,3,,,,,,35,35,0,23.5,21,100,,,,,,,,,,,,,,,,,,,,,,,,,
Hinge_Hole,3,,,,,,35,35,0,23.5,21,448,,,,,,,,,,,,,,,,,,,,,,,,,
Entity Name,level,Material,Room_Name,Unit_Location,Box_Model,Box_Type,F_LenX,F_LenY,F_LenZ,F_X,F_Y,F_Z,Box_width,Box_depth,Box_height,frame_depth,carcass_thickness,door_thickness,top_dummy_wiidth,top_dummy_height,bottom_thickness,boottom_width,,,,,,,,,,,,,,,
Loft 2Door Bottom exp,1,,Kitchen,East_Wall,Loft,BoxtoBox,900,550,700,,,,900,550,700,90,20,21,900,50,20,900,,,,,,,,,,,,,,,
Top plank,2,,,,,,860,90,20,20,21,680,,,,,,,,,,,,,,,,,,,,,,,,,
Right plank,2,,,,,,20,90,660,880,21,20,,,,,,,,,,,,,,,,,,,,,,,,,
Left plank,2,,,,,,20,90,680,0,21,20,,,,,,,,,,,,,,,,,,,,,,,,,
Bottom plank Exposed,2,,,,,,900,529,20,0,21,0,,,,,,,,,,,,,,,,,,,,,,,,,
Bottom plank 2,2,,,,,,860,90,20,20,21,20,,,,,,,,,,,,,,,,,,,,,,,,,
top dummy,2,,,,,,900,21,50,0,0,650,,,,,,,,,,,,,,,,,,,,,,,,,
Door 2,2,,,,,,448,21,648,450,0,0,,,,,,,,,,,,,,,,,,,,,,,,,
Hinge_Hole,3,,,,,,35,35,0,424.5,21,120,,,,,,,,,,,,,,,,,,,,,,,,,
Hinge_Hole,3,,,,,,35,35,0,424.5,21,548,,,,,,,,,,,,,,,,,,,,,,,,,
Door 1,2,,,,,,448,21,648,0,0,0,,,,,,,,,,,,,,,,,,,,,,,,,
Hinge_Hole,3,,,,,,35,35,0,23.5,21,120,,,,,,,,,,,,,,,,,,,,,,,,,
Hinge_Hole,3,,,,,,35,35,0,23.5,21,548,,,,,,,,,,,,,,,,,,,,,,,,,
Bottom plank 1,2,,,,,,860,90,20,20,21,40,,,,,,,,,,,,,,,,,,,,,,,,,
Entity Name,level,Material,Room_Name,Unit_Location,Box_Model,Box_Type,F_LenX,F_LenY,F_LenZ,F_X,F_Y,F_Z,Box_width,Box_depth,Box_height,frame_depth,carcass_thickness,door_thickness,top_dummy_wiidth,top_dummy_height,bottom_thickness,boottom_width,dummy,,,,,,,,,,,,,,
Loft 1Door bottom exp,1,,Kitchen,East_Wall,Loft,BoxtoWall,900,550,700,,,,900,550,700,90,20,21,900,50,20,900,50,,,,,,,,,,,,,,
Top plank,2,,,,,,860,90,20,20,21,680,,,,,,,,,,,,,,,,,,,,,,,,,
Right plank,2,,,,,,20,90,660,880,21,20,,,,,,,,,,,,,,,,,,,,,,,,,
Left plank,2,,,,,,20,90,680,0,21,20,,,,,,,,,,,,,,,,,,,,,,,,,
Bottom plank Exposed,2,,,,,,900,529,20,0,21,0,,,,,,,,,,,,,,,,,,,,,,,,,
Bottom plank 2,2,,,,,,860,90,20,20,21,20,,,,,,,,,,,,,,,,,,,,,,,,,
top dummy,2,,,,,,900,21,50,0,0,650,,,,,,,,,,,,,,,,,,,,,,,,,
Door 1,2,,,,,,898,21,648,0,0,0,,,,,,,,,,,,,,,,,,,,,,,,,
Hinge_Hole,3,,,,,,35,35,0,23.5,21,120,,,,,,,,,,,,,,,,,,,,,,,,,
Hinge_Hole,3,,,,,,35,35,0,23.5,21,548,,,,,,,,,,,,,,,,,,,,,,,,,
Bottom plank 1,2,,,,,,860,90,20,20,21,40,,,,,,,,,,,,,,,,,,,,,,,,,
Dummy Plank,2,,,,,,50,20,680,900,21,20,,,,,,,,,,,,,,,,,,,,,,,,,
Entity Name,level,Material,Room_Name,Unit_Location,Box_Model,Box_Type,F_LenX,F_LenY,F_LenZ,F_X,F_Y,F_Z,Box_width,Box_depth,Box_height,frame_depth,carcass_thickness,door_thickness,top_dummy_wiidth,top_dummy_height,bottom_thickness,boottom_width,dummy,,,,,,,,,,,,,,
Loft 2Door Bottom exp,1,,Kitchen,East_Wall,Loft,BoxtoWall,900,550,700,,,,900,550,700,90,20,21,900,50,20,900,50,,,,,,,,,,,,,,
Top plank,2,,,,,,860,90,20,20,21,680,,,,,,,,,,,,,,,,,,,,,,,,,
Right plank,2,,,,,,20,90,660,880,21,20,,,,,,,,,,,,,,,,,,,,,,,,,
Left plank,2,,,,,,20,90,680,0,21,20,,,,,,,,,,,,,,,,,,,,,,,,,
Bottom plank Exposed,2,,,,,,900,529,20,0,21,0,,,,,,,,,,,,,,,,,,,,,,,,,
Bottom plank 2,2,,,,,,860,90,20,20,21,20,,,,,,,,,,,,,,,,,,,,,,,,,
top dummy,2,,,,,,900,21,50,0,0,650,,,,,,,,,,,,,,,,,,,,,,,,,
Door 2,2,,,,,,448,21,648,450,0,0,,,,,,,,,,,,,,,,,,,,,,,,,
Hinge_Hole,3,,,,,,35,35,0,424.5,21,120,,,,,,,,,,,,,,,,,,,,,,,,,
Hinge_Hole,3,,,,,,35,35,0,424.5,21,548,,,,,,,,,,,,,,,,,,,,,,,,,
Door 1,2,,,,,,448,21,648,0,0,0,,,,,,,,,,,,,,,,,,,,,,,,,
Hinge_Hole,3,,,,,,35,35,0,23.5,21,120,,,,,,,,,,,,,,,,,,,,,,,,,
Hinge_Hole,3,,,,,,35,35,0,23.5,21,548,,,,,,,,,,,,,,,,,,,,,,,,,
Bottom plank 1,2,,,,,,860,90,20,20,21,40,,,,,,,,,,,,,,,,,,,,,,,,,
Dummy Plank,2,,,,,,50,20,680,900,21,20,,,,,,,,,,,,,,,,,,,,,,,,,
Entity Name,level,Material,Room_Name,Unit_Location,Box_Model,Box_Type,F_LenX,F_LenY,F_LenZ,F_X,F_Y,F_Z,Box_width,Box_depth,Box_height,frame_depth,carcass_thickness,door_thickness,top_dummy_wiidth,top_dummy_height,bottom_thickness,boottom_width,dummy,,,,,,,,,,,,,,
Loft 2Door boxtobox ,1,,Kitchen,East_Wall,Loft,BoxtoBox,800,110,700,,,,800,110,700,90,20,20,800,50,0,0,0,,,,,,,,,,,,,,
Dummy plank top,2,,,,,,800,20,50,0,0,650,,,,,,,,,,,,,,,,,,,,,,,,,
Right plank,2,,,,,,20,90,700,780,20,0,,,,,,,,,,,,,,,,,,,,,,,,,
Top plank,2,,,,,,760,90,20,20,20,680,,,,,,,,,,,,,,,,,,,,,,,,,
Door 1,2,,,,,,398,20,648,0,0,0,,,,,,,,,,,,,,,,,,,,,,,,,
Hinge_Hole,3,,,,,,35,35,0,23.5,20,100,,,,,,,,,,,,,,,,,,,,,,,,,
Hinge_Hole,3,,,,,,35,35,0,23.5,20,548,,,,,,,,,,,,,,,,,,,,,,,,,
Door 2,2,,,,,,398,20,650,400,0,0,,,,,,,,,,,,,,,,,,,,,,,,,
Hinge_Hole,3,,,,,,35,35,0,374.5,20,100,,,,,,,,,,,,,,,,,,,,,,,,,
Hinge_Hole,3,,,,,,35,35,0,374.5,20,550,,,,,,,,,,,,,,,,,,,,,,,,,
Bottom plank 2,2,,,,,,760,90,20,20,20,0,,,,,,,,,,,,,,,,,,,,,,,,,
Left plank,2,,,,,,20,90,700,0,20,0,,,,,,,,,,,,,,,,,,,,,,,,,
Bottom plank 1,2,,,,,,760,90,20,20,20,20,,,,,,,,,,,,,,,,,,,,,,,,,
Entity Name,level,Material,Room_Name,Unit_Location,Box_Model,Box_Type,F_LenX,F_LenY,F_LenZ,F_X,F_Y,F_Z,Box_width,Box_depth,Box_height,frame_depth,carcass_thickness,door_thickness,top_dummy_wiidth,top_dummy_height,bottom_thickness,boottom_width,dummy,,,,,,,,,,,,,,
Loft 2Door Walltobox ,1,,Kitchen,East_Wall,Loft,WalltoBox,800,110,700,,,,800,110,700,90,20,20,800,50,0,0,50,,,,,,,,,,,,,,
Dummy plank top,2,,,,,,800,20,50,50,0,650,,,,,,,,,,,,,,,,,,,,,,,,,
Right plank,2,,,,,,20,90,700,830,20,0,,,,,,,,,,,,,,,,,,,,,,,,,
Top plank,2,,,,,,760,90,20,70,20,680,,,,,,,,,,,,,,,,,,,,,,,,,
Door 1,2,,,,,,398,20,648,50,0,0,,,,,,,,,,,,,,,,,,,,,,,,,
Hinge_Hole,3,,,,,,35,35,0,23.5,20,100,,,,,,,,,,,,,,,,,,,,,,,,,
Hinge_Hole,3,,,,,,35,35,0,23.5,20,548,,,,,,,,,,,,,,,,,,,,,,,,,
Door 2,2,,,,,,398,20,650,450,0,0,,,,,,,,,,,,,,,,,,,,,,,,,
Hinge_Hole,3,,,,,,35,35,0,374.5,20,100,,,,,,,,,,,,,,,,,,,,,,,,,
Hinge_Hole,3,,,,,,35,35,0,374.5,20,550,,,,,,,,,,,,,,,,,,,,,,,,,
Bottom plank 2,2,,,,,,760,90,20,70,20,0,,,,,,,,,,,,,,,,,,,,,,,,,
Left plank,2,,,,,,20,90,700,50,20,0,,,,,,,,,,,,,,,,,,,,,,,,,
Bottom plank 1,2,,,,,,760,90,20,20,20,20,,,,,,,,,,,,,,,,,,,,,,,,,
Dummy Plank,2,,,,,,50,20,700,0,20,0,,,,,,,,,,,,,,,,,,,,,,,,,
Entity Name,level,Material,Room_Name,Unit_Location,Box_Model,Box_Type,F_LenX,F_LenY,F_LenZ,F_X,F_Y,F_Z,Box_width,Box_depth,Box_height,frame_depth,carcass_thickness,door_thickness,top_dummy_wiidth,top_dummy_height,bottom_thickness,boottom_width,dummy,,,,,,,,,,,,,,
Loft 2Door Bottom exp,1,,Kitchen,East_Wall,Loft,WalltoBox,900,550,700,,,,900,550,700,90,20,21,900,50,20,900,50,,,,,,,,,,,,,,
Top plank,2,,,,,,860,90,20,70,21,680,,,,,,,,,,,,,,,,,,,,,,,,,
Right plank,2,,,,,,20,90,660,930,21,20,,,,,,,,,,,,,,,,,,,,,,,,,
Left plank,2,,,,,,20,90,680,50,21,20,,,,,,,,,,,,,,,,,,,,,,,,,
Bottom plank Exposed,2,,,,,,900,529,20,0,21,0,,,,,,,,,,,,,,,,,,,,,,,,,
Bottom plank 2,2,,,,,,860,90,20,70,21,20,,,,,,,,,,,,,,,,,,,,,,,,,
top dummy,2,,,,,,900,21,50,50,0,650,,,,,,,,,,,,,,,,,,,,,,,,,
Door 2,2,,,,,,448,21,648,500,0,0,,,,,,,,,,,,,,,,,,,,,,,,,
Hinge_Hole,3,,,,,,35,35,0,424.5,21,120,,,,,,,,,,,,,,,,,,,,,,,,,
Hinge_Hole,3,,,,,,35,35,0,424.5,21,648,,,,,,,,,,,,,,,,,,,,,,,,,
Door 1,2,,,,,,448,21,648,50,0,0,,,,,,,,,,,,,,,,,,,,,,,,,
Hinge_Hole,3,,,,,,35,35,0,23.5,21,120,,,,,,,,,,,,,,,,,,,,,,,,,
Hinge_Hole,3,,,,,,35,35,0,23.5,21,548,,,,,,,,,,,,,,,,,,,,,,,,,
Bottom plank 1,2,,,,,,860,90,20,70,21,40,,,,,,,,,,,,,,,,,,,,,,,,,
Dummy Plank,2,,,,,,50,20,680,0,21,20,,,,,,,,,,,,,,,,,,,,,,,,,
Entity Name,level,Material,Room_Name,Unit_Location,Box_Model,Box_Type,F_LenX,F_LenY,F_LenZ,F_X,F_Y,F_Z,Box_width,Box_depth,Box_height,frame_depth,carcass_thickness,door_thickness,top_dummy_wiidth,top_dummy_height,bottom_thickness,boottom_width,dummy,,,,,,,,,,,,,,
Loft 1Door bottom exp,1,,Kitchen,East_Wall,Loft,WalltoBox,900,550,700,,,,900,550,700,90,20,21,900,50,20,900,50,,,,,,,,,,,,,,
Top plank,2,,,,,,860,90,20,70,21,680,,,,,,,,,,,,,,,,,,,,,,,,,
Right plank,2,,,,,,20,90,660,930,21,20,,,,,,,,,,,,,,,,,,,,,,,,,
Left plank,2,,,,,,20,90,680,50,21,20,,,,,,,,,,,,,,,,,,,,,,,,,
Bottom plank Exposed,2,,,,,,900,529,20,0,21,0,,,,,,,,,,,,,,,,,,,,,,,,,
Bottom plank 2,2,,,,,,860,90,20,70,21,20,,,,,,,,,,,,,,,,,,,,,,,,,
top dummy,2,,,,,,900,21,50,50,0,650,,,,,,,,,,,,,,,,,,,,,,,,,
Door 1,2,,,,,,898,21,648,50,0,0,,,,,,,,,,,,,,,,,,,,,,,,,
Hinge_Hole,3,,,,,,35,35,0,23.5,21,120,,,,,,,,,,,,,,,,,,,,,,,,,
Hinge_Hole,3,,,,,,35,35,0,23.5,21,548,,,,,,,,,,,,,,,,,,,,,,,,,
Bottom plank 1,2,,,,,,860,90,20,70,21,40,,,,,,,,,,,,,,,,,,,,,,,,,
Dummy Plank,2,,,,,,50,20,680,0,21,20,,,,,,,,,,,,,,,,,,,,,,,,,
Entity Name,level,Material,Room_Name,Unit_Location,Box_Model,Box_Type,F_LenX,F_LenY,F_LenZ,F_X,F_Y,F_Z,Box_width,Box_depth,Box_height,,,carcass_thickness,door_thickness,backplank_thickness,Unit_depth_left,Unit_depth_right,screw position,VB main position,VB double position,,,,,,,,,,,,
WM_L_corner 2,1,,Kitchen,East_Wall,Simple Box,BoxtoBox,1000,1150,810,,,,1000,1150,810,,,20,21,10,600,600,50,50,50,,,,,,,,,,,,
door 2 L corner,2,,,,,,419,21,808,579,550,20,,,,,,,,,,,,,,,,,,,,,,,,,
left back plank 2,2,,,,,,10,1150,800,0,0,10,,,,,,,,,,,,,,,,,,,,,,,,,
left plank,2,,,,,,569,20,790,10,0,20,,,,,,,,,,,,,,,,,,,,,,,,,
Screw_hole,3,,,,,,4,4,20,50,20,780,,,,,,,,,,,,,,,,,,,,,,,,,
Screw_hole,3,,,,,,4,4,20,192.25,20,780,,,,,,,,,,,,,,,,,,,,,,,,,
Screw_hole,3,,,,,,4,4,20,376.75,20,780,,,,,,,,,,,,,,,,,,,,,,,,,
Screw_hole,3,,,,,,4,4,20,519,20,780,,,,,,,,,,,,,,,,,,,,,,,,,
VB_Main_Hole,3,,,,,,20,20,16,50,20,9.5,,,,,,,,,,,,,,,,,,,,,,,,,
VB_Main_Hole,3,,,,,,20,20,16,284.5,20,9.5,,,,,,,,,,,,,,,,,,,,,,,,,
VB_Main_Hole,3,,,,,,20,20,16,519,20,9.5,,,,,,,,,,,,,,,,,,,,,,,,,
right plank,2,,,,,,20,559,790,980,571,20,,,,,,,,,,,,,,,,,,,,,,,,,
Screw_hole,3,,,,,,4,4,20,0,50,780,,,,,,,,,,,,,,,,,,,,,,,,,
Screw_hole,3,,,,,,4,4,20,0,189.75,780,,,,,,,,,,,,,,,,,,,,,,,,,
Screw_hole,3,,,,,,4,4,20,0,369.25,780,,,,,,,,,,,,,,,,,,,,,,,,,
Screw_hole,3,,,,,,4,4,20,0,509,780,,,,,,,,,,,,,,,,,,,,,,,,,
VB_Main_Hole,3,,,,,,16,20,20,0,50,9.5,,,,,,,,,,,,,,,,,,,,,,,,,
VB_Main_Hole,3,,,,,,16,20,20,0,279.5,9.5,,,,,,,,,,,,,,,,,,,,,,,,,
VB_Main_Hole,3,,,,,,16,20,20,0,509,9.5,,,,,,,,,,,,,,,,,,,,,,,,,
door 1 L_corner,2,,,,,,21,548,808,579,0,0,,,,,,,,,,,,,,,,,,,,,,,,,
top plank L corner,2,,,,,,970,1110,20,10,20,790,,,,,,,,,,,,,,,,,,,,,,,,,
slot groove right,3,,,,,,,,,,,,,,,,,,,,,,,,,,,,,,,,,,,,
slot groove left,3,,,,,,,,,,,,,,,,,,,,,,,,,,,,,,,,,,,,
bottom plank L corner,2,,,,,,1002,1152,20,-2,0,0,,,,,,,,,,,,,,,,,,,,,,,,,
slot groove right,3,,,,,,,,,,,,,,,,,,,,,,,,,,,,,,,,,,,,
slot groove left,3,,,,,,,,,,,,,,,,,,,,,,,,,,,,,,,,,,,,
VB_Double_hole,3,,,,,,5,5,11,62,11,20,,,,,,,,,,,,,,,,,,,,,,,,,
VB_Double_hole,3,,,,,,5,5,11,296.5,11,20,,,,,,,,,,,,,,,,,,,,,,,,,
VB_Double_hole,3,,,,,,5,5,11,531,11,20,,,,,,,,,,,,,,,,,,,,,,,,,
VB_Double_Hole,3,,,,,,5,5,11,991,621,20,,,,,,,,,,,,,,,,,,,,,,,,,
VB_Double_Hole,3,,,,,,5,5,11,991,850.5,20,,,,,,,,,,,,,,,,,,,,,,,,,
VB_Double_Hole,3,,,,,,5,5,11,991,1080,20,,,,,,,,,,,,,,,,,,,,,,,,,
slot groove,3,,,,,,,,,,,,,,,,,,,,,,,,,,,,,,,,,,,,
slot groove,3,,,,,,,,,,,,,,,,,,,,,,,,,,,,,,,,,,,,
shelf plank L corner,2,,,,,,970,1110,20,10,20,395,,,,,,,,,,,,,,,,,,,,,,,,,
slot groove right,3,,,,,,,,,,,,,,,,,,,,,,,,,,,,,,,,,,,,
slot groove left,3,,,,,,,,,,,,,,,,,,,,,,,,,,,,,,,,,,,,
right back plank,2,,,,,,990,20,800,10,1130,10,,,,,,,,,,,,,,,,,,,,,,,,,
Screw_hole,3,,,,,,4,4,20,50,0,790,,,,,,,,,,,,,,,,,,,,,,,,,
Screw_hole,3,,,,,,4,4,20,272.5,0,790,,,,,,,,,,,,,,,,,,,,,,,,,
Screw_hole,3,,,,,,4,4,20,495,0,790,,,,,,,,,,,,,,,,,,,,,,,,,
Screw_hole,3,,,,,,4,4,20,717.5,0,790,,,,,,,,,,,,,,,,,,,,,,,,,
Screw_hole,3,,,,,,4,4,20,940,0,790,,,,,,,,,,,,,,,,,,,,,,,,,
Entity Name,level,Material,Room_Name,Unit_Location,Box_Model,Box_Type,LenX,LenY,LenZ,X,Y,Z,Box_width,Box_depth,Box_height,ply_thk,facia_thk,bottom_thk,,,,,,,,,,,,,,,,,,,
Outer Draw  1,1,,ChildrenBedroom,East_Wall,Siimple_Box,BoxtoBox,600,400,300,,,,600,400,300,20,20,10,,,,,,,,,,,,,,,,,,,
Draw_Facia Plank,2,,,,,,598,20,298,0,0,0,,,,,,,,,,,,,,,,,,,,,,,,,
Draw_back Plank,2,,,,,,494,20,250,53,380,20,,,,,,,,,,,,,,,,,,,,,,,,,
Draw_Front Plank,2,,,,,,494,20,230,53,20,20,,,,,,,,,,,,,,,,,,,,,,,,,
bottom D plank,2,,,,,,534,400,10,33,20,10,,,,,,,,,,,,,,,,,,,,,,,,,
Draw_Left Plank,2,,,,,,20,400,250,33,20,20,,,,,,,,,,,,,,,,,,,,,,,,,
Screw_hole,3,,,,,,4,4,20,20,10,30,,,,,,,,,,,,,,,,,,,,,,,,,
Screw_hole,3,,,,,,4,4,20,20,10,200,,,,,,,,,,,,,,,,,,,,,,,,,
Screw_hole,3,,,,,,4,4,20,20,390,30,,,,,,,,,,,,,,,,,,,,,,,,,
Screw_hole,3,,,,,,4,4,20,20,390,200,,,,,,,,,,,,,,,,,,,,,,,,,
Draw_Right Plank,2,,,,,,20,400,250,547,20,20,,,,,,,,,,,,,,,,,,,,,,,,,
Screw_hole,3,,,,,,4,4,20,0,10,30,,,,,,,,,,,,,,,,,,,,,,,,,
Screw_hole,3,,,,,,4,4,20,0,10,200,,,,,,,,,,,,,,,,,,,,,,,,,
Screw_hole,3,,,,,,4,4,20,0,390,30,,,,,,,,,,,,,,,,,,,,,,,,,
Screw_hole,3,,,,,,4,4,20,0,390,200,,,,,,,,,,,,,,,,,,,,,,,,,
Entity Name,level,Material,Room_Name,Unit_Location,Box_Model,Box_Type,LenX,LenY,LenZ,X,Y,Z,Box_width,Box_depth,Box_height,ply_thk,facia_thk,bottom_thk,,,,,,,,,,,,,,,,,,,
Draw_Box 1,1,,Kitchen,East_Wall,Siimple_Box,BoxtoBox,600,500,300,,,,600,500,300,20,20,10,,,,,,,,,,,,,,,,,,,
Draw_Facia Plank,2,,,,,,598,20,298,0,0,0,,,,,,,,,,,,,,,,,,,,,,,,,
bottom D plank,2,,,,,,534,500,10,33,20,30,,,,,,,,,,,,,,,,,,,,,,,,,
Draw_Left Plank,2,,,,,,20,500,230,33,20,40,,,,,,,,,,,,,,,,,,,,,,,,,
Screw_hole,3,,,,,,4,4,20,20,10,30,,,,,,,,,,,,,,,,,,,,,,,,,
Screw_hole,3,,,,,,4,4,20,20,10,180,,,,,,,,,,,,,,,,,,,,,,,,,
Screw_hole,3,,,,,,4,4,20,20,490,30,,,,,,,,,,,,,,,,,,,,,,,,,
Screw_hole,3,,,,,,4,4,20,20,490,180,,,,,,,,,,,,,,,,,,,,,,,,,
Draw_Right Plank,2,,,,,,20,500,230,547,20,40,,,,,,,,,,,,,,,,,,,,,,,,,
Screw_hole,3,,,,,,4,4,20,0,10,30,,,,,,,,,,,,,,,,,,,,,,,,,
Screw_hole,3,,,,,,4,4,20,0,10,180,,,,,,,,,,,,,,,,,,,,,,,,,
Screw_hole,3,,,,,,4,4,20,0,490,30,,,,,,,,,,,,,,,,,,,,,,,,,
Screw_hole,3,,,,,,4,4,20,0,490,180,,,,,,,,,,,,,,,,,,,,,,,,,
Draw_back Plank,2,,,,,,494,20,230,53,480,40,,,,,,,,,,,,,,,,,,,,,,,,,
Draw_Front Plank,2,,,,,,494,20,210,53,20,40,,,,,,,,,,,,,,,,,,,,,,,,,
Entity Name,level,Material,Room_Name,Unit_Location,Box_Model,Box_Type,LenX,LenY,LenZ,X,Y,Z,Draw_width,Draw_Depth,Draw_height,Ply_thk,Bottom_thk,Channel_depth,Dummy_width,screw position,,,,,,,,,,,,,,,,,
d draw,1,,Kitchen,East_Wall,Simple Box,BoxtoBox,900,500,200,,,,900,500,200,20,10,450,30,30,,,,,,,,,,,,,,,,,
drawback plank R,2,,,,,,314,20,150,503,450,10,,,,,,,,,,,,,,,,,,,,,,,,,
drawfront plank R,2,,,,,,314,20,130,503,20,10,,,,,,,,,,,,,,,,,,,,,,,,,
bottom D plank L,2,,,,,,354,450,10,63,20,0,,,,,,,,,,,,,,,,,,,,,,,,,
drawfacia plank R,2,,,,,,418,20,198,480,0,0,,,,,,,,,,,,,,,,,,,,,,,,,
drawdummy plank 2,2,,,,,,30,20,200,0,480,0,,,,,,,,,,,,,,,,,,,,,,,,,
drawdummy plank 4,2,,,,,,30,20,200,870,480,0,,,,,,,,,,,,,,,,,,,,,,,,,
draw dummy plank 3,2,,,,,,30,20,200,870,20,0,,,,,,,,,,,,,,,,,,,,,,,,,
drawback plank L,2,,,,,,314,20,150,83,450,10,,,,,,,,,,,,,,,,,,,,,,,,,
drawfront plank L,2,,,,,,314,20,130,83,20,10,,,,,,,,,,,,,,,,,,,,,,,,,
maindummy plank 4,2,,,,,,20,480,200,850,20,0,,,,,,,,,,,,,,,,,,,,,,,,,
bottom D plank R,2,,,,,,354,450,10,483,20,0,,,,,,,,,,,,,,,,,,,,,,,,,
drawfacia plank L,2,,,,,,418,20,198,30,0,0,,,,,,,,,,,,,,,,,,,,,,,,,
maindummy plank 3,2,,,,,,20,480,200,450,20,0,,,,,,,,,,,,,,,,,,,,,,,,,
draw dummy plank 1,2,,,,,,30,20,200,0,20,0,,,,,,,,,,,,,,,,,,,,,,,,,
maindummy plank 2,2,,,,,,20,480,200,430,20,0,,,,,,,,,,,,,,,,,,,,,,,,,
maindummy plank 1,2,,,,,,20,480,200,30,20,0,,,,,,,,,,,,,,,,,,,,,,,,,
drawleft plank L,2,,,,,,20,450,150,63,20,10,,,,,,,,,,,,,,,,,,,,,,,,,
Screw_hole,3,,,,,,4,4,20,20,10,30,,,,,,,,,,,,,,,,,,,,,,,,,
Screw_hole,3,,,,,,4,4,20,20,10,100,,,,,,,,,,,,,,,,,,,,,,,,,
Screw_hole,3,,,,,,4,4,20,20,440,30,,,,,,,,,,,,,,,,,,,,,,,,,
Screw_hole,3,,,,,,4,4,20,20,440,100,,,,,,,,,,,,,,,,,,,,,,,,,
drawright plank L,2,,,,,,20,450,150,397,20,10,,,,,,,,,,,,,,,,,,,,,,,,,
Screw_hole,3,,,,,,4,4,20,20,10,30,,,,,,,,,,,,,,,,,,,,,,,,,
Screw_hole,3,,,,,,4,4,20,20,10,100,,,,,,,,,,,,,,,,,,,,,,,,,
Screw_hole,3,,,,,,4,4,20,20,440,30,,,,,,,,,,,,,,,,,,,,,,,,,
Screw_hole,3,,,,,,4,4,20,20,440,100,,,,,,,,,,,,,,,,,,,,,,,,,
drawleft plank R,2,,,,,,20,450,150,483,20,10,,,,,,,,,,,,,,,,,,,,,,,,,
Screw_hole,3,,,,,,4,4,20,0,10,30,,,,,,,,,,,,,,,,,,,,,,,,,
Screw_hole,3,,,,,,4,4,20,0,10,100,,,,,,,,,,,,,,,,,,,,,,,,,
Screw_hole,3,,,,,,4,4,20,0,440,30,,,,,,,,,,,,,,,,,,,,,,,,,
Screw_hole,3,,,,,,4,4,20,0,440,100,,,,,,,,,,,,,,,,,,,,,,,,,
drawright plank R,2,,,,,,20,450,150,817,20,10,,,,,,,,,,,,,,,,,,,,,,,,,
Screw_hole,3,,,,,,4,4,20,20,10,30,,,,,,,,,,,,,,,,,,,,,,,,,
Screw_hole,3,,,,,,4,4,20,20,10,100,,,,,,,,,,,,,,,,,,,,,,,,,
Screw_hole,3,,,,,,4,4,20,20,440,30,,,,,,,,,,,,,,,,,,,,,,,,,
Screw_hole,3,,,,,,4,4,20,20,440,100,,,,,,,,,,,,,,,,,,,,,,,,,
Entity Name,level,Material,Room_Name,Unit_Location,Box_Model,Box_Type,LenX,LenY,LenZ,X,Y,Z,Draw_width,Draw_Depth,Draw_height,Ply_thickness,Bottom_thickness,Channel_depth,Dummy_width,screw position,,,,,,,,,,,,,,,,,
Single draw (WR),1,,Kitchen,East_Wall,Simple Box,BoxtoBox,600,430,200,,,,600,430,200,20,10,400,30,30,,,,,,,,,,,,,,,,,
drawfacia,2,,,,,,538,20,198,30,0,0,,,,,,,,,,,,,,,,,,,,,,,,,
drawdummy_1,2,,,,,,30,20,200,0,20,0,,,,,,,,,,,,,,,,,,,,,,,,,
drawdummy_3,2,,,,,,30,20,200,570,20,0,,,,,,,,,,,,,,,,,,,,,,,,,
drawdummy_2,2,,,,,,30,20,200,0,410,0,,,,,,,,,,,,,,,,,,,,,,,,,
maindummy_1,2,,,,,,20,410,200,30,20,0,,,,,,,,,,,,,,,,,,,,,,,,,
drawdummy_4,2,,,,,,30,20,200,570,410,0,,,,,,,,,,,,,,,,,,,,,,,,,
maindummy_2,2,,,,,,20,410,200,550,20,0,,,,,,,,,,,,,,,,,,,,,,,,,
drawback,2,,,,,,434,20,150,83,400,10,,,,,,,,,,,,,,,,,,,,,,,,,
drawfront,2,,,,,,434,20,130,83,20,10,,,,,,,,,,,,,,,,,,,,,,,,,
bottom D plank,2,,,,,,474,400,10,63,20,0,,,,,,,,,,,,,,,,,,,,,,,,,
drawleft,2,,,,,,20,400,150,63,20,10,,,,,,,,,,,,,,,,,,,,,,,,,
Screw_hole,3,,,,,,4,4,20,20,10,30,,,,,,,,,,,,,,,,,,,,,,,,,
Screw_hole,3,,,,,,4,4,20,20,10,100,,,,,,,,,,,,,,,,,,,,,,,,,
Screw_hole,3,,,,,,4,4,20,20,390,30,,,,,,,,,,,,,,,,,,,,,,,,,
Screw_hole,3,,,,,,4,4,20,20,390,100,,,,,,,,,,,,,,,,,,,,,,,,,
drawright,2,,,,,,20,400,150,517,20,10,,,,,,,,,,,,,,,,,,,,,,,,,
Screw_hole,3,,,,,,4,4,20,0,10,30,,,,,,,,,,,,,,,,,,,,,,,,,
Screw_hole,3,,,,,,4,4,20,0,10,100,,,,,,,,,,,,,,,,,,,,,,,,,
Screw_hole,3,,,,,,4,4,20,0,390,30,,,,,,,,,,,,,,,,,,,,,,,,,
Screw_hole,3,,,,,,4,4,20,0,390,100,,,,,,,,,,,,,,,,,,,,,,,,,
,,,,,,,,,,,,,,,,,,,,,,,,,,,,,,,,,,,,,
Entity Name,level,Material,Room_Name,Unit_Location,Box_Model,Box_Type,LenX,LenY,LenZ,X,Y,Z,Box_width,Box_depth,Box_height,carcass_thickness,,,,,,,,,,,,,,,,,,,,,
,,,,,,,450,300,18,,,,450,300,18,18,,,,,,,,,,,,,,,,,,,,,
adjustable plank,2,,,,,,450,300,18,0,0,0,,,,,,,,,,,,,,,,,,,,,,,,,
,,,,,,,,,,,,,,,,,,,,,,,,,,,,,,,,,,,,,
Entity Name,level,Material,Room_Name,Unit_Location,Box_Model,Box_Type,LenX,LenY,LenZ,X,Y,Z,Box_width,Box_depth,Box_height,carcass_thickness,backplank_thickness,screw position,,,,,,,,,,,,,,,,,,,
Open Box (BoxToBox),1,,KITCHEN,East_Wall,Open Box,BoxtoBox,500,300,300,,,,500,300,300,20,10,50,,,,,,,,,,,,,,,,,,,
Bottom Plank,2,,,,,,460,290,20,20,0,0,,,,,,,,,,,,,,,,,,,,,,,,,
Back Plank,2,,,,,,500,10,300,0,290,0,,,,,,,,,,,,,,,,,,,,,,,,,
Right Plank,2,,,,,,20,290,300,480,0,0,,,,,,,,,,,,,,,,,,,,,,,,,
Screw_hole,3,,,,,,4,4,20,0,50,290,,,,,,,,,,,,,,,,,,,,,,,,,
Screw_hole,3,,,,,,4,4,20,0,145,290,,,,,,,,,,,,,,,,,,,,,,,,,
Screw_hole,3,,,,,,4,4,20,0,240,290,,,,,,,,,,,,,,,,,,,,,,,,,
Screw_hole,3,,,,,,4,4,20,0,50,10,,,,,,,,,,,,,,,,,,,,,,,,,
Screw_hole,3,,,,,,4,4,20,0,145,10,,,,,,,,,,,,,,,,,,,,,,,,,
Screw_hole,3,,,,,,4,4,20,0,240,10,,,,,,,,,,,,,,,,,,,,,,,,,
Top Plank,2,,,,,,460,290,20,20,0,280,,,,,,,,,,,,,,,,,,,,,,,,,
Left Plank,2,,,,,,20,290,300,0,0,0,,,,,,,,,,,,,,,,,,,,,,,,,
Screw_hole,3,,,,,,4,4,20,20,50,290,,,,,,,,,,,,,,,,,,,,,,,,,
Screw_hole,3,,,,,,4,4,20,20,145,290,,,,,,,,,,,,,,,,,,,,,,,,,
Screw_hole,3,,,,,,4,4,20,20,240,290,,,,,,,,,,,,,,,,,,,,,,,,,
Screw_hole,3,,,,,,4,4,20,20,50,10,,,,,,,,,,,,,,,,,,,,,,,,,
Screw_hole,3,,,,,,4,4,20,20,145,10,,,,,,,,,,,,,,,,,,,,,,,,,
Screw_hole,3,,,,,,4,4,20,20,240,10,,,,,,,,,,,,,,,,,,,,,,,,,
Entity Name,level,Material,Room_Name,Unit_Location,Box_Model,Box_Type,F_LenX,F_LenY,F_LenZ,F_X,F_Y,F_Z,Box_width,Box_depth,Box_height,Skriting,skriting_width,carcass_thickness,door_thickness,backplank_thickness,VB main position,VB double positiion,screw position,Profile_Depth,Profile_Width,Profile_Distance,,,,,,,,,,,
WM_2D (Btm not Exp),1,,Kitchen,East_Wall,WallMount,BoxtoBox,800,550,600,,,,800,550,600,0,0,20,20,10,50,50,50,,,,,,,,,,,,,,
back plank,2,,,,,,800,10,600,0,540,0,,,,,,,,,,,,,,,,,,,,,,,,,
shelf plank H,2,,,,,,760,500,20,20,40,290,,,,,,,,,,,,,,,,,,,,,,,,,
left plank,2,,,,,,20,520,600,0,20,0,,,,,,,,,,,,,,,,,,,,,,,,,
Screw_hole,3,,,,,,4,4,20,20,50,590,,,,,,,,,,,,,,,,,,,,,,,,,
Screw_hole,3,,,,,,4,4,20,20,260,590,,,,,,,,,,,,,,,,,,,,,,,,,
Screw_hole,3,,,,,,4,4,20,20,470,590,,,,,,,,,,,,,,,,,,,,,,,,,
Screw_hole,3,,,,,,4,4,4,20,50,10,,,,,,,,,,,,,,,,,,,,,,,,,
Screw_hole,3,,,,,,4,4,4,20,260,10,,,,,,,,,,,,,,,,,,,,,,,,,
Screw_hole,3,,,,,,4,4,4,20,470,10,,,,,,,,,,,,,,,,,,,,,,,,,
top plank,2,,,,,,760,520,20,20,20,580,,,,,,,,,,,,,,,,,,,,,,,,,
right plank,2,,,,,,20,520,580,780,20,20,,,,,,,,,,,,,,,,,,,,,,,,,
Screw_hole,3,,,,,,4,4,20,0,50,570,,,,,,,,,,,,,,,,,,,,,,,,,
Screw_hole,3,,,,,,4,4,20,0,290,570,,,,,,,,,,,,,,,,,,,,,,,,,
Screw_hole,3,,,,,,4,4,20,0,530,570,,,,,,,,,,,,,,,,,,,,,,,,,
Screw_hole,3,,,,,,4,4,4,0,50,10,,,,,,,,,,,,,,,,,,,,,,,,,
Screw_hole,3,,,,,,4,4,4,0,260,10,,,,,,,,,,,,,,,,,,,,,,,,,
Screw_hole,3,,,,,,4,4,4,0,470,10,,,,,,,,,,,,,,,,,,,,,,,,,
Door 1,2,,,,,,398,20,598,0,0,0,,,,,,,,,,,,,,,,,,,,,,,,,
Hinge_Hole,3,,,,,,35,35,0,23.5,20,100,,,,,,,,,,,,,,,,,,,,,,,,,
Hinge_Hole,3,,,,,,35,35,0,23.5,35,249.5,,,,,,,,,,,,,,,,,,,,,,,,,
Hinge_Hole,3,,,,,,35,35,0,23.5,20,348.5,,,,,,,,,,,,,,,,,,,,,,,,,
Hinge_Hole,3,,,,,,35,35,0,23.5,20,498,,,,,,,,,,,,,,,,,,,,,,,,,
Door 2,2,,,,,,398,20,598,400,0,0,,,,,,,,,,,,,,,,,,,,,,,,,
Hinge_Hole,3,,,,,,35,35,0,374.5,20,100,,,,,,,,,,,,,,,,,,,,,,,,,
Hinge_Hole,3,,,,,,35,35,0,23.5,35,249.5,,,,,,,,,,,,,,,,,,,,,,,,,
Hinge_Hole,3,,,,,,35,35,0,374.5,20,348.5,,,,,,,,,,,,,,,,,,,,,,,,,
Hinge_Hole,3,,,,,,35,35,0,374.5,20,498,,,,,,,,,,,,,,,,,,,,,,,,,
bottom plank,2,,,,,,760,520,20,20,20,0,,,,,,,,,,,,,,,,,,,,,,,,,
,,,,,,,,,,,,,,,,,,,,,,,,,,,,,,,,,,,,,
Entity Name,level,Material,Room_Name,Unit_Location,Box_Model,Box_Type,LenX,LenY,LenZ,X,Y,Z,Box_width,Box_depth,Box_height,Skriting,skriting_width,carcass_thickness,door_thickness,backplank_thickness,VB main position,VB double position,screw position,Profile_Depth,Profile_Width,Profile_Distance,,,,,,,,,,,
WM_Box_2D (Btm not Exp),1,,Kitchen,East_Wall,WallMount,ExptoExp,800,550,600,,,,800,550,600,0,0,20,20,10,50,50,50,6,17,100,,,,,,,,,,,
back plank,2,,,,,,780,10,600,10,540,0,,,,,,,,,,,,,,,,,,,,,,,,,
shelf plank H,2,,,,,,760,500,20,20,40,290,,,,,,,,,,,,,,,,,,,,,,,,,
left plank,2,,,,,,20,532,600,0,20,0,,,,,,,,,,,,,,,,,,,,,,,,,
VB_Double_hole,3,,,,,,5,5,11,20,50,589,,,,,,,,,,,,,,,,,,,,,,,,,
VB_Double_hole,3,,,,,,5,5,11,20,470,589,,,,,,,,,,,,,,,,,,,,,,,,,
slot groove,3,,,,,,10,10,600,20,520,0,,,,,,,,,,,,,,,,,,,,,,,,,
VB_Double_hole,3,,,,,,5,5,11,20,50,11,,,,,,,,,,,,,,,,,,,,,,,,,
VB_Double_hole,3,,,,,,5,5,11,20,470,11,,,,,,,,,,,,,,,,,,,,,,,,,
top plank,2,,,,,,760,520,20,20,20,580,,,,,,,,,,,,,,,,,,,,,,,,,
VB_Main_Hole,3,,,,,,20,20,16,9.5,50,0,,,,,,,,,,,,,,,,,,,,,,,,,
VB_Main_Hole,3,,,,,,20,20,16,9.5,470,0,,,,,,,,,,,,,,,,,,,,,,,,,
VB_Main_Hole,3,,,,,,20,20,16,750.5,50,0,,,,,,,,,,,,,,,,,,,,,,,,,
VB_Main_Hole,3,,,,,,20,20,16,750.5,470,0,,,,,,,,,,,,,,,,,,,,,,,,,
right plank,2,,,,,,20,532,600,780,20,0,,,,,,,,,,,,,,,,,,,,,,,,,
VB_Double_hole,3,,,,,,5,5,11,0,50,11,,,,,,,,,,,,,,,,,,,,,,,,,
VB_Double_hole,3,,,,,,5,5,11,0,470,11,,,,,,,,,,,,,,,,,,,,,,,,,
slot groove,3,,,,,,10,10,595,0,530,5,,,,,,,,,,,,,,,,,,,,,,,,,
VB_Double_hole,3,,,,,,5,5,11,0,50,589,,,,,,,,,,,,,,,,,,,,,,,,,
VB_Double_hole,3,,,,,,5,5,11,0,470,589,,,,,,,,,,,,,,,,,,,,,,,,,
Door 1,2,,,,,,398,20,598,0,0,0,,,,,,,,,,,,,,,,,,,,,,,,,
Hinge_Hole,3,,,,,,35,35,14,23.5,20,100,,,,,,,,,,,,,,,,,,,,,,,,,
Hinge_Hole,3,,,,,,35,35,14,23.5,20,299,,,,,,,,,,,,,,,,,,,,,,,,,
Hinge_Hole,3,,,,,,35,35,14,23.5,20,498,,,,,,,,,,,,,,,,,,,,,,,,,
Door 2,2,,,,,,398,20,598,400,0,0,,,,,,,,,,,,,,,,,,,,,,,,,
Hinge_Hole,3,,,,,,35,35,14,374.5,20,100,,,,,,,,,,,,,,,,,,,,,,,,,
Hinge_Hole,3,,,,,,35,35,14,374.5,20,299,,,,,,,,,,,,,,,,,,,,,,,,,
Hinge_Hole,3,,,,,,35,35,14,374.5,20,498,,,,,,,,,,,,,,,,,,,,,,,,,
bottom plank,2,,,,,,760,520,20,20,20,0,,,,,,,,,,,,,,,,,,,,,,,,,
VB_Main_Hole,3,,,,,,20,20,16,9.5,50,20,,,,,,,,,,,,,,,,,,,,,,,,,
VB_Main_Hole,3,,,,,,20,20,16,9.5,470,20,,,,,,,,,,,,,,,,,,,,,,,,,
VB_Main_Hole,3,,,,,,20,20,16,750.5,50,20,,,,,,,,,,,,,,,,,,,,,,,,,
VB_Main_Hole,3,,,,,,20,20,16,750.5,470,20,,,,,,,,,,,,,,,,,,,,,,,,,
,,,,,,,,,,,,,,,,,,,,,,,,,,,,,,,,,,,,,
Entity Name,level,Material,Room_Name,Unit_Location,Box_Model,Box_Type,LenX,LenY,LenZ,X,Y,Z,Box_width,Box_depth,Box_height,Skriting,skriting_width,carcass_thickness,door_thickness,backplank_thickness,VB main position,VB double position,screw position,,,,,,,,,,,,,,
WM_2D (Btm not Exp),1,,Kitchen,East_Wall,WallMount,BoxtoExp,700,400,600,,,,700,400,600,0,0,20,20,10,50,50,50,,,,,,,,,,,,,,
back plank,2,,,,,,690,10,600,0,390,0,,,,,,,,,,,,,,,,,,,,,,,,,
shelf plank H,2,,,,,,660,350,20,20,40,300,,,,,,,,,,,,,,,,,,,,,,,,,
top plank,2,,,,,,660,370,20,20,20,580,,,,,,,,,,,,,,,,,,,,,,,,,
VB_Main_Hole,3,,,,,,20,20,16,650.5,50,0,,,,,,,,,,,,,,,,,,,,,,,,,
VB_Main_Hole,3,,,,,,20,20,16,650.5,320,0,,,,,,,,,,,,,,,,,,,,,,,,,
left plank,2,,,,,,20,370,580,0,20,20,,,,,,,,,,,,,,,,,,,,,,,,,
Screw_hole,3,,,,,,4,4,660,20,50,10,,,,,,,,,,,,,,,,,,,,,,,,,
Screw_hole,3,,,,,,4,4,660,20,185,10,,,,,,,,,,,,,,,,,,,,,,,,,
Screw_hole,3,,,,,,4,4,660,20,320,10,,,,,,,,,,,,,,,,,,,,,,,,,
Screw_hole,3,,,,,,4,4,20,20,50,570,,,,,,,,,,,,,,,,,,,,,,,,,
Screw_hole,3,,,,,,4,4,20,20,185,570,,,,,,,,,,,,,,,,,,,,,,,,,
Screw_hole,3,,,,,,4,4,20,20,320,570,,,,,,,,,,,,,,,,,,,,,,,,,
right plank,2,,,,,,20,382,600,680,20,0,,,,,,,,,,,,,,,,,,,,,,,,,
VB_Double_hole,3,,,,,,5,5,11,0,50,589,,,,,,,,,,,,,,,,,,,,,,,,,
VB_Double_hole,3,,,,,,5,5,11,0,320,589,,,,,,,,,,,,,,,,,,,,,,,,,
slot groove,3,,,,,,10,10,595,0,380,5,,,,,,,,,,,,,,,,,,,,,,,,,
VB_Double_hole,3,,,,,,5,5,11,0,50,11,,,,,,,,,,,,,,,,,,,,,,,,,
VB_Double_hole,3,,,,,,5,5,11,0,320,11,,,,,,,,,,,,,,,,,,,,,,,,,
bottom plank,2,,,,,,680,370,20,0,20,0,,,,,,,,,,,,,,,,,,,,,,,,,
VB_Main_Hole,3,,,,,,20,20,16,670.5,50,20,,,,,,,,,,,,,,,,,,,,,,,,,
VB_Main_Hole,3,,,,,,20,20,16,670.5,320,20,,,,,,,,,,,,,,,,,,,,,,,,,
Door 2,2,,,,,,348,20,598,350,0,0,,,,,,,,,,,,,,,,,,,,,,,,,
Hinge_Hole,3,,,,,,35,35,14,324.5,20,100,,,,,,,,,,,,,,,,,,,,,,,,,
Hinge_Hole,3,,,,,,35,35,14,324.5,20,299,,,,,,,,,,,,,,,,,,,,,,,,,
Hinge_Hole,3,,,,,,35,35,14,324.5,20,498,,,,,,,,,,,,,,,,,,,,,,,,,
Door 1,2,,,,,,348,20,598,0,0,0,,,,,,,,,,,,,,,,,,,,,,,,,
Hinge_Hole,3,,,,,,35,35,14,23.5,20,100,,,,,,,,,,,,,,,,,,,,,,,,,
Hinge_Hole,3,,,,,,35,35,14,23.5,20,299,,,,,,,,,,,,,,,,,,,,,,,,,
Hinge_Hole,3,,,,,,35,35,14,23.5,20,498,,,,,,,,,,,,,,,,,,,,,,,,,
,,,,,,,,,,,,,,,,,,,,,,,,,,,,,,,,,,,,,
Entity Name,level,Material,Room_Name,Unit_Location,Box_Model,Box_Type,LenX,LenY,LenZ,X,Y,Z,Box_width,Box_depth,Box_height,Skriting,skriting_width,carcass_thickness,door_thickness,backplank_thickness,VB main position,VB double position,screw position,,,,,,,,,,,,,,
WM_2D (Btm not Exp),1,,Kitchen,East_Wall,WallMount,ExptoBox,700,400,600,,,,700,400,600,0,0,20,20,10,50,50,50,,,,,,,,,,,,,,
back plank,2,,,,,,690,10,600,10,390,0,,,,,,,,,,,,,,,,,,,,,,,,,
shelf plank H,2,,,,,,660,350,20,20,40,300,,,,,,,,,,,,,,,,,,,,,,,,,
top plank,2,,,,,,660,370,20,20,20,580,,,,,,,,,,,,,,,,,,,,,,,,,
VB_Main_Hole,3,,,,,,20,20,16,9.5,50,0,,,,,,,,,,,,,,,,,,,,,,,,,
VB_Main_Hole,3,,,,,,20,20,16,9.5,320,0,,,,,,,,,,,,,,,,,,,,,,,,,
left plank,2,,,,,,20,382,600,0,20,0,,,,,,,,,,,,,,,,,,,,,,,,,
VB_Double_hole,3,,,,,,5,5,11,20,50,589,,,,,,,,,,,,,,,,,,,,,,,,,
VB_Double_hole,3,,,,,,5,5,11,20,320,589,,,,,,,,,,,,,,,,,,,,,,,,,
VB_Double_hole,3,,,,,,5,5,11,20,50,11,,,,,,,,,,,,,,,,,,,,,,,,,
VB_Double_hole,3,,,,,,5,5,11,20,320,11,,,,,,,,,,,,,,,,,,,,,,,,,
slot groove,3,,,,,,10,10,595,20,370,5,,,,,,,,,,,,,,,,,,,,,,,,,
right plank,2,,,,,,20,370,600,680,20,0,,,,,,,,,,,,,,,,,,,,,,,,,
Screw_hole,3,,,,,,4,4,20,0,50,590,,,,,,,,,,,,,,,,,,,,,,,,,
Screw_hole,3,,,,,,4,4,20,0,185,590,,,,,,,,,,,,,,,,,,,,,,,,,
Screw_hole,3,,,,,,4,4,20,0,320,590,,,,,,,,,,,,,,,,,,,,,,,,,
Screw_hole,3,,,,,,4,4,4,0,50,10,,,,,,,,,,,,,,,,,,,,,,,,,
Screw_hole,3,,,,,,4,4,4,0,185,10,,,,,,,,,,,,,,,,,,,,,,,,,
Screw_hole,3,,,,,,4,4,4,0,320,10,,,,,,,,,,,,,,,,,,,,,,,,,
bottom plank,2,,,,,,680,370,20,0,20,0,,,,,,,,,,,,,,,,,,,,,,,,,
VB_Main_Hole,3,,,,,,20,20,16,9.5,50,20,,,,,,,,,,,,,,,,,,,,,,,,,
VB_Main_Hole,3,,,,,,20,20,16,9.5,320,20,,,,,,,,,,,,,,,,,,,,,,,,,
Door 2,2,,,,,,348,20,598,350,0,0,,,,,,,,,,,,,,,,,,,,,,,,,
Hinge_Hole,3,,,,,,35,35,14,324.5,20,100,,,,,,,,,,,,,,,,,,,,,,,,,
Hinge_Hole,3,,,,,,35,35,14,324.5,20,299,,,,,,,,,,,,,,,,,,,,,,,,,
Hinge_Hole,3,,,,,,35,35,14,324.5,20,498,,,,,,,,,,,,,,,,,,,,,,,,,
Door 1,2,,,,,,348,20,598,0,0,0,,,,,,,,,,,,,,,,,,,,,,,,,
Hinge_Hole,3,,,,,,35,35,14,23.5,20,100,,,,,,,,,,,,,,,,,,,,,,,,,
Hinge_Hole,3,,,,,,35,35,14,23.5,20,299,,,,,,,,,,,,,,,,,,,,,,,,,
Hinge_Hole,3,,,,,,35,35,14,23.5,20,498,,,,,,,,,,,,,,,,,,,,,,,,,
,,,,,,,,,,,,,,,,,,,,,,,,,,,,,,,,,,,,,
,,,,,,,,,,,,,,,,,,,,,,,,,,,,,,,,,,,,,
Entity Name,level,Material,Room_Name,Unit_Location,Box_Model,Box_Type,LenX,LenY,LenZ,X,Y,Z,Box_width,Box_depth,Box_height,Skriting,skriting_width,carcass_thickness,door_thickness,backplank_thickness,VB main position,VB double positiion,screw position,Profile_Depth,Profile_Width,Profile_Distance,,,,,,,,,,,
K_Base 2Door ,1,,Kitchen,East_Wall,Simple Box,ExptoBox,750,600,810,,,,750,600,810,110,710,20,20,10,50,50,50,,,,,,,,,,,,,,
shelf plank,2,,,,,,710,550,20,20,40,450,,,,,,,,,,,,,,,,,,,,,,,,,
back_plank,2,,,,,,740,10,700,10,590,110,,,,,,,,,,,,,,,,,,,,,,,,,
skriting,2,,,,,,710,20,110,20,20,0,,,,,,,,,,,,,,,,,,,,,,,,,
bottom plank,2,,,,,,710,570,20,20,20,110,,,,,,,,,,,,,,,,,,,,,,,,,
top plank,2,,,,,,710,570,20,20,20,790,,,,,,,,,,,,,,,,,,,,,,,,,
VB_Main_Hole,3,,,,,,20,20,16,9.5,50,0,,,,,,,,,,,,,,,,,,,,,,,,,
VB_Main_Hole,3,,,,,,20,20,16,9.5,285,0,,,,,,,,,,,,,,,,,,,,,,,,,
VB_Main_Hole,3,,,,,,20,20,16,9.5,520,0,,,,,,,,,,,,,,,,,,,,,,,,,
left plank,2,,,,,,20,582,810,0,20,0,,,,,,,,,,,,,,,,,,,,,,,,,
VB_Double_hole,3,,,,,,5,5,11,20,50,799,,,,,,,,,,,,,,,,,,,,,,,,,
VB_Double_hole,3,,,,,,5,5,11,20,285,799,,,,,,,,,,,,,,,,,,,,,,,,,
VB_Double_hole,3,,,,,,5,5,11,20,520,799,,,,,,,,,,,,,,,,,,,,,,,,,
slot groove,3,,,,,,10,10,705,20,570,105,,,,,,,,,,,,,,,,,,,,,,,,,
right plank,2,,,,,,20,570,810,730,20,0,,,,,,,,,,,,,,,,,,,,,,,,,
Screw_hole,3,,,,,,4,4,20,0,50,800,,,,,,,,,,,,,,,,,,,,,,,,,
Screw_hole,3,,,,,,4,4,20,0,192.5,800,,,,,,,,,,,,,,,,,,,,,,,,,
Screw_hole,3,,,,,,4,4,20,0,377.5,800,,,,,,,,,,,,,,,,,,,,,,,,,
Screw_hole,3,,,,,,4,4,20,0,520,800,,,,,,,,,,,,,,,,,,,,,,,,,
Screw_hole,3,,,,,,4,4,20,0,50,120,,,,,,,,,,,,,,,,,,,,,,,,,
Screw_hole,3,,,,,,4,4,20,0,192.5,120,,,,,,,,,,,,,,,,,,,,,,,,,
Screw_hole,3,,,,,,4,4,20,0,377.5,120,,,,,,,,,,,,,,,,,,,,,,,,,
Screw_hole,3,,,,,,4,4,20,0,520,120,,,,,,,,,,,,,,,,,,,,,,,,,
Door 1,2,,,,,,373,20,698,0,0,110,,,,,,,,,,,,,,,,,,,,,,,,,
Hinge_Hole,3,,,,,,35,35,14,23.5,20,100,,,,,,,,,,,,,,,,,,,,,,,,,
Hinge_Hole,3,,,,,,35,35,14,23.5,20,349,,,,,,,,,,,,,,,,,,,,,,,,,
Hinge_Hole,3,,,,,,35,35,14,23.5,20,598,,,,,,,,,,,,,,,,,,,,,,,,,
Door 2,2,,,,,,373,20,698,375,0,110,,,,,,,,,,,,,,,,,,,,,,,,,
Hinge_Hole,3,,,,,,35,35,14,349.5,20,100,,,,,,,,,,,,,,,,,,,,,,,,,
Hinge_Hole,3,,,,,,35,35,14,349.5,20,349,,,,,,,,,,,,,,,,,,,,,,,,,
Hinge_Hole,3,,,,,,35,35,14,349.5,20,598,,,,,,,,,,,,,,,,,,,,,,,,,
Entity Name,level,Material,Room_Name,Unit_Location,Box_Model,Box_Type,LenX,LenY,LenZ,X,Y,Z,Box_width,Box_depth,Box_height,Skriting,skriting_width,carcass_thickness,door_thickness,backplank_thickness,VB main position,VB double position,screw position,,,,,,,,,,,,,,
WM_1Door Btm Exp,1,,Kitchen,East_Wall,WallMount,BoxtoBox,450,450,600,,,,450,450,600,0,0,20,20,10,50,50,50,,,,,,,,,,,,,,
Back Plank,2,,,,,,450,10,590,0,440,10,,,,,,,,,,,,,,,,,,,,,,,,,
Top Plank,2,,,,,,410,420,20,20,20,580,,,,,,,,,,,,,,,,,,,,,,,,,
Shelf_H,2,,,,,,410,410,20,20,40,290,,,,,,,,,,,,,,,,,,,,,,,,,
Door,2,,,,,,448,20,598,0,0,0,,,,,,,,,,,,,,,,,,,,,,,,,
Hinge_Hole,3,,,,,,35,35,14,23.5,20,100,,,,,,,,,,,,,,,,,,,,,,,,,
Hinge_Hole,3,,,,,,35,35,14,23.5,20,299,,,,,,,,,,,,,,,,,,,,,,,,,
Hinge_Hole,3,,,,,,35,35,14,23.5,20,498,,,,,,,,,,,,,,,,,,,,,,,,,
bottom plank,2,,,,,,450,432,20,0,20,0,,,,,,,,,,,,,,,,,,,,,,,,,
VB_Double_Hole,3,,,,,,5,5,11,11,50,20,,,,,,,,,,,,,,,,,,,,,,,,,
VB_Double_Hole,3,,,,,,5,5,11,11,370,20,,,,,,,,,,,,,,,,,,,,,,,,,
VB_Double_Hole,3,,,,,,5,5,11,439,50,20,,,,,,,,,,,,,,,,,,,,,,,,,
VB_Double_Hole,3,,,,,,5,5,11,439,370,20,,,,,,,,,,,,,,,,,,,,,,,,,
slot groove,3,,,,,,,10,10,0,430,20,,,,,,,,,,,,,,,,,,,,,,,10,0,-2
left plank,2,,,,,,20,420,580,0,20,20,,,,,,,,,,,,,,,,,,,,,,,,,
VB_Main_Hole,3,,,,,,16,20,20,20,50,9.5,,,,,,,,,,,,,,,,,,,,,,,,,
VB_Main_Hole,3,,,,,,16,20,20,20,370,9.5,,,,,,,,,,,,,,,,,,,,,,,,,
Screw_hole,3,,,,,,4,4,20,20,50,570,,,,,,,,,,,,,,,,,,,,,,,,,
Screw_hole,3,,,,,,4,4,20,20,210,570,,,,,,,,,,,,,,,,,,,,,,,,,
Screw_hole,3,,,,,,4,4,20,20,370,570,,,,,,,,,,,,,,,,,,,,,,,,,
right plank,2,,,,,,20,420,580,430,20,20,,,,,,,,,,,,,,,,,,,,,,,,,
Screw_hole,3,,,,,,4,4,20,0,50,570,,,,,,,,,,,,,,,,,,,,,,,,,
Screw_hole,3,,,,,,4,4,20,0,210,570,,,,,,,,,,,,,,,,,,,,,,,,,
Screw_hole,3,,,,,,4,4,20,0,370,570,,,,,,,,,,,,,,,,,,,,,,,,,
VB_Main_Hole,3,,,,,,16,20,20,0,50,9.5,,,,,,,,,,,,,,,,,,,,,,,,,
VB_Main_Hole,3,,,,,,16,20,20,0,370,9.5,,,,,,,,,,,,,,,,,,,,,,,,,
Entity Name,level,Material,Room_Name,Unit_Location,Box_Model,Box_Type,LenX,LenY,LenZ,X,Y,Z,Box_width,Box_depth,Box_height,Skriting,skriting_width,carcass_thickness,door_thickness,backplank_thickness,VB main position,VB double position,screw position,Dummy,,,,,,,,,,,,,
WM_1Door Btm Exp,1,,Kitchen,East_Wall,WallMount,BoxtoWall,450,450,600,,,,450,450,600,0,0,20,20,10,50,50,50,50,,,,,,,,,,,,,
Back Plank,2,,,,,,450,10,590,0,440,10,,,,,,,,,,,,,,,,,,,,,,,,,
Top Plank,2,,,,,,410,420,20,20,20,580,,,,,,,,,,,,,,,,,,,,,,,,,
Shelf_H,2,,,,,,410,410,20,20,40,290,,,,,,,,,,,,,,,,,,,,,,,,,
Door,2,,,,,,448,20,598,0,0,0,,,,,,,,,,,,,,,,,,,,,,,,,
Hinge_Hole,3,,,,,,35,35,14,23.5,20,100,,,,,,,,,,,,,,,,,,,,,,,,,
Hinge_Hole,3,,,,,,35,35,14,23.5,20,299,,,,,,,,,,,,,,,,,,,,,,,,,
Hinge_Hole,3,,,,,,35,35,14,23.5,20,498,,,,,,,,,,,,,,,,,,,,,,,,,
bottom plank,2,,,,,,500,432,20,0,20,0,,,,,,,,,,,,,,,,,,,,,,,,,
VB_Double_Hole,3,,,,,,5,5,11,11,50,20,,,,,,,,,,,,,,,,,,,,,,,,,
VB_Double_Hole,3,,,,,,5,5,11,11,370,20,,,,,,,,,,,,,,,,,,,,,,,,,
VB_Double_Hole,3,,,,,,5,5,11,439,50,20,,,,,,,,,,,,,,,,,,,,,,,,,
VB_Double_Hole,3,,,,,,5,5,11,439,370,20,,,,,,,,,,,,,,,,,,,,,,,,,
slot groove,3,,,,,,455,10,10,0,430,20,,,,,,,,,,,,,,,,,,,,,,,10,0,-2
left plank,2,,,,,,20,420,580,0,20,20,,,,,,,,,,,,,,,,,,,,,,,,,
VB_Main_Hole,3,,,,,,16,20,20,20,50,9.5,,,,,,,,,,,,,,,,,,,,,,,,,
VB_Main_Hole,3,,,,,,16,20,20,20,370,9.5,,,,,,,,,,,,,,,,,,,,,,,,,
Screw_hole,3,,,,,,4,4,20,20,50,570,,,,,,,,,,,,,,,,,,,,,,,,,
Screw_hole,3,,,,,,4,4,20,20,210,570,,,,,,,,,,,,,,,,,,,,,,,,,
Screw_hole,3,,,,,,4,4,20,20,370,570,,,,,,,,,,,,,,,,,,,,,,,,,
right plank,2,,,,,,20,420,580,430,20,20,,,,,,,,,,,,,,,,,,,,,,,,,
Screw_hole,3,,,,,,4,4,20,0,50,570,,,,,,,,,,,,,,,,,,,,,,,,,
Screw_hole,3,,,,,,4,4,20,0,210,570,,,,,,,,,,,,,,,,,,,,,,,,,
Screw_hole,3,,,,,,4,4,20,0,370,570,,,,,,,,,,,,,,,,,,,,,,,,,
VB_Main_Hole,3,,,,,,16,20,20,0,50,9.5,,,,,,,,,,,,,,,,,,,,,,,,,
VB_Main_Hole,3,,,,,,16,20,20,0,370,9.5,,,,,,,,,,,,,,,,,,,,,,,,,
Dummy Plank,2,,,,,,50,20,580,450,20,20,,,,,,,,,,,,,,,,,,,,,,,,,
Entity Name,level,Material,Room_Name,Unit_Location,Box_Model,Box_Type,LenX,LenY,LenZ,X,Y,Z,Box_width,Box_depth,Box_height,Skriting,skriting_width,carcass_thickness,door_thickness,backplank_thickness,VB main position,VB double position,screw position,Dummy,,,,,,,,,,,,,
WM_1Door Btm Exp,1,,Kitchen,East_Wall,WallMount,WalltoBox,450,450,600,,,,450,450,600,0,0,20,20,10,50,50,50,50,,,,,,,,,,,,,
Back Plank,2,,,,,,450,10,590,50,440,10,,,,,,,,,,,,,,,,,,,,,,,,,
Top Plank,2,,,,,,410,420,20,70,20,580,,,,,,,,,,,,,,,,,,,,,,,,,
Shelf_H,2,,,,,,410,410,20,70,40,290,,,,,,,,,,,,,,,,,,,,,,,,,
Door,2,,,,,,448,20,598,50,0,0,,,,,,,,,,,,,,,,,,,,,,,,,
Hinge_Hole,3,,,,,,35,35,14,23.5,20,100,,,,,,,,,,,,,,,,,,,,,,,,,
Hinge_Hole,3,,,,,,35,35,14,23.5,20,299,,,,,,,,,,,,,,,,,,,,,,,,,
Hinge_Hole,3,,,,,,35,35,14,23.5,20,498,,,,,,,,,,,,,,,,,,,,,,,,,
bottom plank,2,,,,,,500,432,20,0,20,0,,,,,,,,,,,,,,,,,,,,,,,,,
VB_Double_Hole,3,,,,,,5,5,11,11,50,20,,,,,,,,,,,,,,,,,,,,,,,,,
VB_Double_Hole,3,,,,,,5,5,11,11,370,20,,,,,,,,,,,,,,,,,,,,,,,,,
VB_Double_Hole,3,,,,,,5,5,11,439,50,20,,,,,,,,,,,,,,,,,,,,,,,,,
VB_Double_Hole,3,,,,,,5,5,11,439,370,20,,,,,,,,,,,,,,,,,,,,,,,,,
slot groove,3,,,,,,455,10,10,0,430,20,,,,,,,,,,,,,,,,,,,,,,,10,0,-2
left plank,2,,,,,,20,420,580,50,20,20,,,,,,,,,,,,,,,,,,,,,,,,,
VB_Main_Hole,3,,,,,,16,20,20,20,50,9.5,,,,,,,,,,,,,,,,,,,,,,,,,
VB_Main_Hole,3,,,,,,16,20,20,20,370,9.5,,,,,,,,,,,,,,,,,,,,,,,,,
Screw_hole,3,,,,,,4,4,20,20,50,570,,,,,,,,,,,,,,,,,,,,,,,,,
Screw_hole,3,,,,,,4,4,20,20,210,570,,,,,,,,,,,,,,,,,,,,,,,,,
Screw_hole,3,,,,,,4,4,20,20,370,570,,,,,,,,,,,,,,,,,,,,,,,,,
right plank,2,,,,,,20,420,580,480,20,20,,,,,,,,,,,,,,,,,,,,,,,,,
Screw_hole,3,,,,,,4,4,20,0,50,570,,,,,,,,,,,,,,,,,,,,,,,,,
Screw_hole,3,,,,,,4,4,20,0,210,570,,,,,,,,,,,,,,,,,,,,,,,,,
Screw_hole,3,,,,,,4,4,20,0,370,570,,,,,,,,,,,,,,,,,,,,,,,,,
VB_Main_Hole,3,,,,,,16,20,20,0,50,9.5,,,,,,,,,,,,,,,,,,,,,,,,,
VB_Main_Hole,3,,,,,,16,20,20,0,370,9.5,,,,,,,,,,,,,,,,,,,,,,,,,
Dummy Plank,2,,,,,,50,20,580,0,20,20,,,,,,,,,,,,,,,,,,,,,,,,,
Entity Name,level,Material,Room_Name,Unit_Location,Box_Model,Box_Type,LenX,LenY,LenZ,X,Y,Z,Box_width,Box_depth,Box_height,Skriting,skriting_width,carcass_thickness,door_thickness,backplank_thickness,VB main position,VB double position,screw position,,,,,,,,,,,,,,
WM_1Door Btm Exp,1,,Kitchen,East_Wall,WallMount,ExptoBox,450,400,600,,,,450,400,600,0,0,20,20,10,50,50,50,,,,,,,,,,,,,,
Back Plank,2,,,,,,440,10,590,10,390,10,,,,,,,,,,,,,,,,,,,,,,,,,
Shelf_H,2,,,,,,410,350,20,20,40,290,,,,,,,,,,,,,,,,,,,,,,,,,
top plank,2,,,,,,410,370,20,20,20,580,,,,,,,,,,,,,,,,,,,,,,,,,
VB_Main_Hole,3,,,,,,20,20,16,9.5,50,0,,,,,,,,,,,,,,,,,,,,,,,,,
VB_Main_Hole,3,,,,,,20,20,16,9.5,320,0,,,,,,,,,,,,,,,,,,,,,,,,,
left plank,2,,,,,,20,382,600,0,20,0,,,,,,,,,,,,,,,,,,,,,,,,,
VB_Double_hole,3,,,,,,5,5,11,20,50,589,,,,,,,,,,,,,,,,,,,,,,,,,
VB_Double_hole,3,,,,,,5,5,11,20,320,589,,,,,,,,,,,,,,,,,,,,,,,,,
VB_Double_hole,3,,,,,,5,5,11,20,50,11,,,,,,,,,,,,,,,,,,,,,,,,,
VB_Double_hole,3,,,,,,5,5,11,20,320,11,,,,,,,,,,,,,,,,,,,,,,,,,
slot groove,3,,,,,,10,10,595,20,370,5,,,,,,,,,,,,,,,,,,,,,,,,,
bottom plank,2,,,,,,430,382,20,20,20,0,,,,,,,,,,,,,,,,,,,,,,,,,
VB_Main_Hole,3,,,,,,20,20,16,9.5,50,20,,,,,,,,,,,,,,,,,,,,,,,,,
VB_Main_Hole,3,,,,,,20,20,16,9.5,320,20,,,,,,,,,,,,,,,,,,,,,,,,,
VB_Double_Hole,3,,,,,,5,5,11,419,50,20,,,,,,,,,,,,,,,,,,,,,,,,,
VB_Double_Hole,3,,,,,,5,5,11,419,320,20,,,,,,,,,,,,,,,,,,,,,,,,,
slot groove,3,,,,,,430,10,10,0,380,20,,,,,,,,,,,,,,,,,,,,,,,,,
right plank,2,,,,,,20,370,580,430,20,20,,,,,,,,,,,,,,,,,,,,,,,,,
VB_Main_Hole,3,,,,,,16,20,20,0,50,9.5,,,,,,,,,,,,,,,,,,,,,,,,,
VB_Main_Hole,3,,,,,,16,20,20,0,320,9.5,,,,,,,,,,,,,,,,,,,,,,,,,
Screw_hole,3,,,,,,4,4,20,0,50,569,,,,,,,,,,,,,,,,,,,,,,,,,
Screw_hole,3,,,,,,4,4,20,0,185,569,,,,,,,,,,,,,,,,,,,,,,,,,
Screw_hole,3,,,,,,4,4,20,0,320,569,,,,,,,,,,,,,,,,,,,,,,,,,
Door,2,,,,,,448,20,598,0,0,0,,,,,,,,,,,,,,,,,,,,,,,,,
Hinge_Hole,3,,,,,,35,35,14,23.5,20,100,,,,,,,,,,,,,,,,,,,,,,,,,
Hinge_Hole,3,,,,,,35,35,14,23.5,20,299,,,,,,,,,,,,,,,,,,,,,,,,,
Hinge_Hole,3,,,,,,35,35,14,23.5,20,498,,,,,,,,,,,,,,,,,,,,,,,,,
Entity Name,level,Material,Room_Name,Unit_Location,Box_Model,Box_Type,LenX,LenY,LenZ,X,Y,Z,Box_width,Box_depth,Box_height,Skriting,skriting_width,carcass_thickness,door_thickness,backplank_thickness,VB main position,VB double position,screw position,,,,,,,,,,,,,,
WM_1Door Btm Exp,1,,Kitchen,East_Wall,WallMount,BoxtoExp,450,400,600,,,,450,400,600,0,0,20,20,10,50,50,50,,,,,,,,,,,,,,
Back Plank,2,,,,,,440,10,590,0,390,10,,,,,,,,,,,,,,,,,,,,,,,,,
Shelf_H,2,,,,,,410,350,20,20,40,290,,,,,,,,,,,,,,,,,,,,,,,,,
top plank,2,,,,,,410,370,20,20,20,580,,,,,,,,,,,,,,,,,,,,,,,,,
VB_Main_Hole,3,,,,,,20,20,16,400.5,50,0,,,,,,,,,,,,,,,,,,,,,,,,,
VB_Main_Hole,3,,,,,,20,20,16,400.5,320,0,,,,,,,,,,,,,,,,,,,,,,,,,
left plank,2,,,,,,20,370,600,0,20,0,,,,,,,,,,,,,,,,,,,,,,,,,
VB_Main_Hole,3,,,,,,16,20,20,20,50,9.5,,,,,,,,,,,,,,,,,,,,,,,,,
VB_Main_Hole,3,,,,,,16,20,20,20,320,9.5,,,,,,,,,,,,,,,,,,,,,,,,,
Screw_hole,3,,,,,,4,4,20,20,50,590,,,,,,,,,,,,,,,,,,,,,,,,,
Screw_hole,3,,,,,,4,4,20,20,185,590,,,,,,,,,,,,,,,,,,,,,,,,,
Screw_hole,3,,,,,,4,4,20,20,320,590,,,,,,,,,,,,,,,,,,,,,,,,,
bottom plank,2,,,,,,430,382,20,0,20,0,,,,,,,,,,,,,,,,,,,,,,,,,
VB_Main_Hole,3,,,,,,20,20,16,420.5,50,20,,,,,,,,,,,,,,,,,,,,,,,,,
VB_Main_Hole,3,,,,,,20,20,16,420.5,320,20,,,,,,,,,,,,,,,,,,,,,,,,,
VB_Double_Hole,3,,,,,,5,5,11,11,50,20,,,,,,,,,,,,,,,,,,,,,,,,,
VB_Double_Hole,3,,,,,,5,5,11,11,320,20,,,,,,,,,,,,,,,,,,,,,,,,,
slot groove,3,,,,,,430,10,10,11,380,20,,,,,,,,,,,,,,,,,,,,,,,,,
right plank,2,,,,,,20,382,580,430,20,20,,,,,,,,,,,,,,,,,,,,,,,,,
VB_Double_hole,3,,,,,,5,5,11,0,50,569,,,,,,,,,,,,,,,,,,,,,,,,,
VB_Double_hole,3,,,,,,5,5,11,0,320,569,,,,,,,,,,,,,,,,,,,,,,,,,
VB_Double_hole,3,,,,,,5,5,11,0,50,11,,,,,,,,,,,,,,,,,,,,,,,,,
VB_Double_hole,3,,,,,,5,5,11,0,320,11,,,,,,,,,,,,,,,,,,,,,,,,,
slot groove,3,,,,,,0,10,575,0,380,5,,,,,,,,,,,,,,,,,,,,,,,,,
Door,2,,,,,,448,20,598,0,0,0,,,,,,,,,,,,,,,,,,,,,,,,,
Hinge_Hole,3,,,,,,35,35,14,23.5,20,100,,,,,,,,,,,,,,,,,,,,,,,,,
Hinge_Hole,3,,,,,,35,35,14,23.5,20,299,,,,,,,,,,,,,,,,,,,,,,,,,
Hinge_Hole,3,,,,,,35,35,14,23.5,20,498,,,,,,,,,,,,,,,,,,,,,,,,,
,,,,,,,,,,,,,,,,,,,,,,,,,,,,,,,,,,,,,
Entity Name,level,Material,Room_Name,Unit_Location,Box_Model,Box_Type,LenX,LenY,LenZ,X,Y,Z,Box_width,Box_depth,Box_height,carcass_thickness,backplank_thickness,top plank width,screw position,,,,,,,,,,,,,,,,,,
TV unit (2Box) ExptoBox,1,,Kitchen,East_Wall,Simple Box,ExptoBox,500,400,300,,,,500,400,300,20,10,520,50,,,,,,,,,,,,,,,,,,
Back Plank,2,,,,,,490,10,280,10,390,0,,,,,,,,,,,,,,,,,,,,,,,,,
vertical plank 2,2,,,,,,20,370,240,250,20,20,,,,,,,,,,,,,,,,,,,,,,,,,
vertical plank 1,2,,,,,,20,370,240,230,20,20,,,,,,,,,,,,,,,,,,,,,,,,,
top plank exposed,2,,,,,,520,400,20,0,0,280,,,,,,,,,,,,,,,,,,,,,,,,,
bottom plank,2,,,,,,460,370,20,20,20,0,,,,,,,,,,,,,,,,,,,,,,,,,
Screw_hole,3,,,,,,4,4,20,240,50,20,,,,,,,,,,,,,,,,,,,,,,,,,
Screw_hole,3,,,,,,4,4,20,240,185,20,,,,,,,,,,,,,,,,,,,,,,,,,
Screw_hole,3,,,,,,4,4,20,240,320,20,,,,,,,,,,,,,,,,,,,,,,,,,
Screw_hole,3,,,,,,4,4,20,260,50,20,,,,,,,,,,,,,,,,,,,,,,,,,
Screw_hole,3,,,,,,4,4,20,260,185,20,,,,,,,,,,,,,,,,,,,,,,,,,
Screw_hole,3,,,,,,4,4,20,260,320,20,,,,,,,,,,,,,,,,,,,,,,,,,
left plank,2,,,,,,20,382,280,0,20,0,,,,,,,,,,,,,,,,,,,,,,,,,
slot groove,3,,,,,,10,10,280,20,370,0,,,,,,,,,,,,,,,,,,,,,,,,,
right plank,2,,,,,,20,370,280,480,20,0,,,,,,,,,,,,,,,,,,,,,,,,,
Screw_hole,3,,,,,,4,4,20,0,50,270,,,,,,,,,,,,,,,,,,,,,,,,,
Screw_hole,3,,,,,,4,4,20,0,185,270,,,,,,,,,,,,,,,,,,,,,,,,,
Screw_hole,3,,,,,,4,4,20,0,320,270,,,,,,,,,,,,,,,,,,,,,,,,,
Screw_hole,3,,,,,,4,4,20,0,50,10,,,,,,,,,,,,,,,,,,,,,,,,,
Screw_hole,3,,,,,,4,4,20,0,185,10,,,,,,,,,,,,,,,,,,,,,,,,,
Screw_hole,3,,,,,,4,4,20,0,320,10,,,,,,,,,,,,,,,,,,,,,,,,,
top plank,2,,,,,,460,370,20,20,20,260,,,,,,,,,,,,,,,,,,,,,,,,,
Screw_hole,3,,,,,,4,4,20,220,50,0,,,,,,,,,,,,,,,,,,,,,,,,,
Screw_hole,3,,,,,,4,4,20,220,185,0,,,,,,,,,,,,,,,,,,,,,,,,,
Screw_hole,3,,,,,,4,4,20,220,320,0,,,,,,,,,,,,,,,,,,,,,,,,,
Screw_hole,3,,,,,,4,4,20,240,50,0,,,,,,,,,,,,,,,,,,,,,,,,,
Screw_hole,3,,,,,,4,4,20,240,185,0,,,,,,,,,,,,,,,,,,,,,,,,,
Screw_hole,3,,,,,,4,4,20,240,320,0,,,,,,,,,,,,,,,,,,,,,,,,,
,,,,,,,,,,,,,,,,,,,,,,,,,,,,,,,,,,,,,
Entity Name,level,Material,Room_Name,Unit_Location,Box_Model,Box_Type,LenX,LenY,LenZ,X,Y,Z,Box_width,Box_depth,Box_height,carcass_thickness,backplank_thickness,top plank width,screw position,,,,,,,,,,,,,,,,,,
TV unit (2Box) BoxtoExp,1,,Kitchen,East_Wall,Simple Box,BoxtoExp,500,400,300,,,,500,400,300,20,10,520,50,,,,,,,,,,,,,,,,,,
Back Plank,2,,,,,,490,10,280,0,390,0,,,,,,,,,,,,,,,,,,,,,,,,,
vertical plank 2,2,,,,,,20,370,240,250,20,20,,,,,,,,,,,,,,,,,,,,,,,,,
vertical plank 1,2,,,,,,20,370,240,230,20,20,,,,,,,,,,,,,,,,,,,,,,,,,
top plank exposed,2,,,,,,520,400,20,0,0,280,,,,,,,,,,,,,,,,,,,,,,,,,
bottom plank,2,,,,,,460,370,20,20,20,0,,,,,,,,,,,,,,,,,,,,,,,,,
Screw_hole,3,,,,,,4,4,20,240,50,20,,,,,,,,,,,,,,,,,,,,,,,,,
Screw_hole,3,,,,,,4,4,20,240,185,20,,,,,,,,,,,,,,,,,,,,,,,,,
Screw_hole,3,,,,,,4,4,20,240,320,20,,,,,,,,,,,,,,,,,,,,,,,,,
Screw_hole,3,,,,,,4,4,20,260,50,20,,,,,,,,,,,,,,,,,,,,,,,,,
Screw_hole,3,,,,,,4,4,20,260,185,20,,,,,,,,,,,,,,,,,,,,,,,,,
Screw_hole,3,,,,,,4,4,20,260,320,20,,,,,,,,,,,,,,,,,,,,,,,,,
left plank,2,,,,,,20,370,280,0,20,0,,,,,,,,,,,,,,,,,,,,,,,,,
slot groove,1,,,,,,10,10,280,20,358,0,,,,,,,,,,,,,,,,,,,,,,,,,
right plank,2,,,,,,20,370,280,480,20,0,,,,,,,,,,,,,,,,,,,,,,,,,
Screw_hole,3,,,,,,4,4,20,0,50,270,,,,,,,,,,,,,,,,,,,,,,,,,
Screw_hole,3,,,,,,4,4,20,0,185,270,,,,,,,,,,,,,,,,,,,,,,,,,
Screw_hole,3,,,,,,4,4,20,0,320,270,,,,,,,,,,,,,,,,,,,,,,,,,
Screw_hole,3,,,,,,4,4,20,0,50,10,,,,,,,,,,,,,,,,,,,,,,,,,
Screw_hole,3,,,,,,4,4,20,0,185,10,,,,,,,,,,,,,,,,,,,,,,,,,
Screw_hole,3,,,,,,4,4,20,0,320,10,,,,,,,,,,,,,,,,,,,,,,,,,
top plank,2,,,,,,460,370,20,20,20,260,,,,,,,,,,,,,,,,,,,,,,,,,
Screw_hole,3,,,,,,4,4,20,220,50,0,,,,,,,,,,,,,,,,,,,,,,,,,
Screw_hole,3,,,,,,4,4,20,220,185,0,,,,,,,,,,,,,,,,,,,,,,,,,
Screw_hole,3,,,,,,4,4,20,220,320,0,,,,,,,,,,,,,,,,,,,,,,,,,
Screw_hole,3,,,,,,4,4,20,240,50,0,,,,,,,,,,,,,,,,,,,,,,,,,
Screw_hole,3,,,,,,4,4,20,240,185,0,,,,,,,,,,,,,,,,,,,,,,,,,
Screw_hole,3,,,,,,4,4,20,240,320,0,,,,,,,,,,,,,,,,,,,,,,,,,
,,,,,,,,,,,,,,,,,,,,,,,,,,,,,,,,,,,,,
Entity Name,level,Material,Room_Name,Unit_Location,Box_Model,Box_Type,LenX,LenY,LenZ,X,Y,Z,Box_width,Box_depth,Box_height,Skriting,skriting_width,carcass_thickness,door_thickness,backplank_thickness,side box depth,Dummy,screw position,,,,,,,,,,,,,,
K_Base_Corner Unit Door(R),1,,Kitchen,North_Wall,Simple Box,BoxtoBox,1250,600,810,,,,1250,600,810,110,600,20,20,10,550,50,50,,,,,,,,,,,,,,
skriting,2,,,,,,600,20,110,550,20,0,,,,,,,,,,,,,,,,,,,,,,,,,
back plank,2,,,,,,1250,10,700,0,590,110,,,,,,,,,,,,,,,,,,,,,,,,,
bottom plank,2,,,,,,1210,570,20,20,20,110,,,,,,,,,,,,,,,,,,,,,,,,,
dummy plank big,2,,,,,,550,20,700,0,0,110,,,,,,,,,,,,,,,,,,,,,,,,,
top plank,2,,,,,,1210,570,20,20,20,790,,,,,,,,,,,,,,,,,,,,,,,,,
shelf plank,2,,,,,,1210,550,20,20,40,450,,,,,,,,,,,,,,,,,,,,,,,,,
dummy plank small,2,,,,,,50,20,700,550,0,110,,,,,,,,,,,,,,,,,,,,,,,,,
Door,2,,,,,,648,20,698,600,0,110,,,,,,,,,,,,,,,,,,,,,,,,,
Hinge_Hole,3,,,,,,35,35,14,624.5,20,100,,,,,,,,,,,,,,,,,,,,,,,,,
Hinge_Hole,3,,,,,,35,35,14,624.5,20,349,,,,,,,,,,,,,,,,,,,,,,,,,
Hinge_Hole,3,,,,,,35,35,14,624.5,20,598,,,,,,,,,,,,,,,,,,,,,,,,,
left plank,2,,,,,,20,570,810,0,20,0,,,,,,,,,,,,,,,,,,,,,,,,,
Screw_hole,3,,,,,,4,4,20,20,50,120,,,,,,,,,,,,,,,,,,,,,,,,,
Screw_hole,3,,,,,,4,4,20,20,192.5,120,,,,,,,,,,,,,,,,,,,,,,,,,
Screw_hole,3,,,,,,4,4,20,20,377.5,120,,,,,,,,,,,,,,,,,,,,,,,,,
Screw_hole,3,,,,,,4,4,20,20,520,120,,,,,,,,,,,,,,,,,,,,,,,,,
Screw_hole,3,,,,,,4,4,20,20,50,800,,,,,,,,,,,,,,,,,,,,,,,,,
Screw_hole,3,,,,,,4,4,20,20,192.5,800,,,,,,,,,,,,,,,,,,,,,,,,,
Screw_hole,3,,,,,,4,4,20,20,377.5,800,,,,,,,,,,,,,,,,,,,,,,,,,
Screw_hole,3,,,,,,4,4,20,20,520,800,,,,,,,,,,,,,,,,,,,,,,,,,
right plank,2,,,,,,20,570,810,1230,20,0,,,,,,,,,,,,,,,,,,,,,,,,,
Screw_hole,3,,,,,,4,4,20,0,50,800,,,,,,,,,,,,,,,,,,,,,,,,,
Screw_hole,3,,,,,,4,4,20,0,192.5,800,,,,,,,,,,,,,,,,,,,,,,,,,
Screw_hole,3,,,,,,4,4,20,0,377.5,800,,,,,,,,,,,,,,,,,,,,,,,,,
Screw_hole,3,,,,,,4,4,20,0,520,800,,,,,,,,,,,,,,,,,,,,,,,,,
Screw_hole,3,,,,,,4,4,20,0,50,120,,,,,,,,,,,,,,,,,,,,,,,,,
Screw_hole,3,,,,,,4,4,20,0,192.5,120,,,,,,,,,,,,,,,,,,,,,,,,,
Screw_hole,3,,,,,,4,4,4,0,377.5,120,,,,,,,,,,,,,,,,,,,,,,,,,
Screw_hole,3,,,,,,4,4,4,0,520,120,,,,,,,,,,,,,,,,,,,,,,,,,
Entity Name,level,Material,Room_Name,Unit_Location,Box_Model,Box_Type,LenX,LenY,LenZ,X,Y,Z,Box_width,Box_depth,Box_height,Skriting,skriting_width,carcass_thickness,door_thickness,backplank_thickness,side box depth,Dummy,screw position,,,,,,,,,,,,,,
K_Base_Corner Unit Door(L),1,,Kitchen,North_Wall,Simple Box,BoxtoBox,1250,600,810,,,,1250,600,810,110,600,20,20,10,550,50,50,,,,,,,,,,,,,,
skriting,2,,,,,,600,20,110,550,20,0,,,,,,,,,,,,,,,,,,,,,,,,,
back plank,2,,,,,,1250,10,700,0,590,110,,,,,,,,,,,,,,,,,,,,,,,,,
bottom plank,2,,,,,,1210,570,20,20,20,110,,,,,,,,,,,,,,,,,,,,,,,,,
dummy plank big,2,,,,,,550,20,700,700,0,110,,,,,,,,,,,,,,,,,,,,,,,,,
top plank,2,,,,,,1210,570,20,20,20,790,,,,,,,,,,,,,,,,,,,,,,,,,
shelf plank,2,,,,,,1210,550,20,20,40,450,,,,,,,,,,,,,,,,,,,,,,,,,
dummy plank small,2,,,,,,50,20,700,650,0,110,,,,,,,,,,,,,,,,,,,,,,,,,
Door,2,,,,,,648,20,698,0,0,110,,,,,,,,,,,,,,,,,,,,,,,,,
Hinge_Hole,3,,,,,,35,35,14,624.5,20,100,,,,,,,,,,,,,,,,,,,,,,,,,
Hinge_Hole,3,,,,,,35,35,14,624.5,20,349,,,,,,,,,,,,,,,,,,,,,,,,,
Hinge_Hole,3,,,,,,35,35,14,624.5,20,598,,,,,,,,,,,,,,,,,,,,,,,,,
left plank,2,,,,,,20,570,810,0,20,0,,,,,,,,,,,,,,,,,,,,,,,,,
Screw_hole,3,,,,,,4,4,20,20,50,120,,,,,,,,,,,,,,,,,,,,,,,,,
Screw_hole,3,,,,,,4,4,20,20,192.5,120,,,,,,,,,,,,,,,,,,,,,,,,,
Screw_hole,3,,,,,,4,4,20,20,377.5,120,,,,,,,,,,,,,,,,,,,,,,,,,
Screw_hole,3,,,,,,4,4,20,20,520,120,,,,,,,,,,,,,,,,,,,,,,,,,
Screw_hole,3,,,,,,4,4,20,20,50,800,,,,,,,,,,,,,,,,,,,,,,,,,
Screw_hole,3,,,,,,4,4,20,20,192.5,800,,,,,,,,,,,,,,,,,,,,,,,,,
Screw_hole,3,,,,,,4,4,20,20,377.5,800,,,,,,,,,,,,,,,,,,,,,,,,,
Screw_hole,3,,,,,,4,4,20,20,520,800,,,,,,,,,,,,,,,,,,,,,,,,,
right plank,2,,,,,,20,570,810,1230,20,0,,,,,,,,,,,,,,,,,,,,,,,,,
Screw_hole,3,,,,,,4,4,20,0,50,800,,,,,,,,,,,,,,,,,,,,,,,,,
Screw_hole,3,,,,,,4,4,20,0,192.5,800,,,,,,,,,,,,,,,,,,,,,,,,,
Screw_hole,3,,,,,,4,4,20,0,377.5,800,,,,,,,,,,,,,,,,,,,,,,,,,
Screw_hole,3,,,,,,4,4,20,0,520,800,,,,,,,,,,,,,,,,,,,,,,,,,
Screw_hole,3,,,,,,4,4,20,0,50,120,,,,,,,,,,,,,,,,,,,,,,,,,
Screw_hole,3,,,,,,4,4,20,0,192.5,120,,,,,,,,,,,,,,,,,,,,,,,,,
Screw_hole,3,,,,,,4,4,4,0,377.5,120,,,,,,,,,,,,,,,,,,,,,,,,,
Screw_hole,3,,,,,,4,4,4,0,520,120,,,,,,,,,,,,,,,,,,,,,,,,,
,,,,,,,,,,,,,,,,,,,,,,,,,,,,,,,,,,,,,
Entity Name,level,Material,Room_Name,Unit_Location,Box_Model,Box_Type,F_LenX,F_LenY,F_LenZ,F_X,F_Y,F_Z,Box_width,Box_depth,Box_height,Skriting,skriting_width,carcass_thickness,door_thickness,backplank_thickness,VB main position,VB double positiion,screw position,Profile_Depth,Profile_Width,Profile_Distance,,,,,,,,,,,
WM_1D (Btm not Exp),1,,Kitchen,East_Wall,WallMount,BoxtoBox,400,350,600,,,,400,350,600,0,0,20,20,10,50,50,50,,,,,,,,,,,,,,
back plank,2,,,,,,400,10,600,0,340,0,,,,,,,,,,,,,,,,,,,,,,,,,
shelf plank H,2,,,,,,360,300,20,20,40,290,,,,,,,,,,,,,,,,,,,,,,,,,
left plank,2,,,,,,20,320,600,0,20,0,,,,,,,,,,,,,,,,,,,,,,,,,
Screw_hole,3,,,,,,4,4,20,20,50,590,,,,,,,,,,,,,,,,,,,,,,,,,
Screw_hole,3,,,,,,4,4,20,20,160,590,,,,,,,,,,,,,,,,,,,,,,,,,
Screw_hole,3,,,,,,4,4,20,20,270,590,,,,,,,,,,,,,,,,,,,,,,,,,
Screw_hole,3,,,,,,4,4,4,20,50,10,,,,,,,,,,,,,,,,,,,,,,,,,
Screw_hole,3,,,,,,4,4,4,20,160,10,,,,,,,,,,,,,,,,,,,,,,,,,
Screw_hole,3,,,,,,4,4,4,20,270,10,,,,,,,,,,,,,,,,,,,,,,,,,
top plank,2,,,,,,360,320,20,20,20,580,,,,,,,,,,,,,,,,,,,,,,,,,
right plank,2,,,,,,20,320,580,380,20,20,,,,,,,,,,,,,,,,,,,,,,,,,
Screw_hole,3,,,,,,4,4,20,0,50,570,,,,,,,,,,,,,,,,,,,,,,,,,
Screw_hole,3,,,,,,4,4,20,0,290,570,,,,,,,,,,,,,,,,,,,,,,,,,
Screw_hole,3,,,,,,4,4,20,0,530,570,,,,,,,,,,,,,,,,,,,,,,,,,
Screw_hole,3,,,,,,4,4,4,0,50,10,,,,,,,,,,,,,,,,,,,,,,,,,
Screw_hole,3,,,,,,4,4,4,0,160,10,,,,,,,,,,,,,,,,,,,,,,,,,
Screw_hole,3,,,,,,4,4,4,0,270,10,,,,,,,,,,,,,,,,,,,,,,,,,
Door,2,,,,,,398,20,598,0,0,0,,,,,,,,,,,,,,,,,,,,,,,,,
Hinge_Hole,3,,,,,,35,35,0,23.5,20,100,,,,,,,,,,,,,,,,,,,,,,,,,
Hinge_Hole,3,,,,,,35,35,0,23.5,35,249.5,,,,,,,,,,,,,,,,,,,,,,,,,
Hinge_Hole,3,,,,,,35,35,0,23.5,20,348.5,,,,,,,,,,,,,,,,,,,,,,,,,
Hinge_Hole,3,,,,,,35,35,0,23.5,20,498,,,,,,,,,,,,,,,,,,,,,,,,,
bottom plank,2,,,,,,360,320,20,20,20,0,,,,,,,,,,,,,,,,,,,,,,,,,
,,,,,,,,,,,,,,,,,,,,,,,,,,,,,,,,,,,,,
Entity Name,level,Material,Room_Name,Unit_Location,Box_Model,Box_Type,LenX,LenY,LenZ,X,Y,Z,Box_width,Box_depth,Box_height,Skriting,skriting_width,carcass_thickness,door_thickness,backplank_thickness,VB main position,VB double position,screw position,Profile_Depth,Profile_Width,Profile_Distance,,,,,,,,,,,
WM_Box_1D (Btm not Exp),1,,Kitchen,East_Wall,WallMount,ExptoExp,400,300,600,,,,400,300,600,0,0,20,20,10,50,50,50,6,17,100,,,,,,,,,,,
back plank,2,,,,,,380,10,600,10,290,0,,,,,,,,,,,,,,,,,,,,,,,,,
shelf plank H,2,,,,,,360,250,20,20,40,290,,,,,,,,,,,,,,,,,,,,,,,,,
left plank,2,,,,,,20,282,600,0,20,0,,,,,,,,,,,,,,,,,,,,,,,,,
VB_Double_hole,3,,,,,,5,5,11,20,50,589,,,,,,,,,,,,,,,,,,,,,,,,,
VB_Double_hole,3,,,,,,5,5,11,20,220,589,,,,,,,,,,,,,,,,,,,,,,,,,
slot groove,3,,,,,,10,10,600,20,270,0,,,,,,,,,,,,,,,,,,,,,,,,,
VB_Double_hole,3,,,,,,5,5,11,20,50,11,,,,,,,,,,,,,,,,,,,,,,,,,
VB_Double_hole,3,,,,,,5,5,11,20,220,11,,,,,,,,,,,,,,,,,,,,,,,,,
top plank,2,,,,,,360,270,20,20,20,580,,,,,,,,,,,,,,,,,,,,,,,,,
VB_Main_Hole,3,,,,,,20,20,16,9.5,50,0,,,,,,,,,,,,,,,,,,,,,,,,,
VB_Main_Hole,3,,,,,,20,20,16,9.5,220,0,,,,,,,,,,,,,,,,,,,,,,,,,
VB_Main_Hole,3,,,,,,20,20,16,350.5,50,0,,,,,,,,,,,,,,,,,,,,,,,,,
VB_Main_Hole,3,,,,,,20,20,16,350.5,220,0,,,,,,,,,,,,,,,,,,,,,,,,,
right plank,2,,,,,,20,282,600,380,20,0,,,,,,,,,,,,,,,,,,,,,,,,,
VB_Double_hole,3,,,,,,5,5,11,0,50,11,,,,,,,,,,,,,,,,,,,,,,,,,
VB_Double_hole,3,,,,,,5,5,11,0,220,11,,,,,,,,,,,,,,,,,,,,,,,,,
slot groove,3,,,,,,10,10,595,0,280,5,,,,,,,,,,,,,,,,,,,,,,,,,
VB_Double_hole,3,,,,,,5,5,11,0,50,589,,,,,,,,,,,,,,,,,,,,,,,,,
VB_Double_hole,3,,,,,,5,5,11,0,220,589,,,,,,,,,,,,,,,,,,,,,,,,,
Door,2,,,,,,398,20,598,0,0,0,,,,,,,,,,,,,,,,,,,,,,,,,
Hinge_Hole,3,,,,,,35,35,14,23.5,20,100,,,,,,,,,,,,,,,,,,,,,,,,,
Hinge_Hole,3,,,,,,35,35,14,23.5,20,299,,,,,,,,,,,,,,,,,,,,,,,,,
Hinge_Hole,3,,,,,,35,35,14,23.5,20,498,,,,,,,,,,,,,,,,,,,,,,,,,
bottom plank,2,,,,,,360,270,20,20,20,0,,,,,,,,,,,,,,,,,,,,,,,,,
VB_Main_Hole,3,,,,,,20,20,16,9.5,50,20,,,,,,,,,,,,,,,,,,,,,,,,,
VB_Main_Hole,3,,,,,,20,20,16,9.5,220,20,,,,,,,,,,,,,,,,,,,,,,,,,
VB_Main_Hole,3,,,,,,20,20,16,350.5,50,20,,,,,,,,,,,,,,,,,,,,,,,,,
VB_Main_Hole,3,,,,,,20,20,16,350.5,220,20,,,,,,,,,,,,,,,,,,,,,,,,,
,,,,,,,,,,,,,,,,,,,,,,,,,,,,,,,,,,,,,
Entity Name,level,Material,Room_Name,Unit_Location,Box_Model,Box_Type,LenX,LenY,LenZ,X,Y,Z,Box_width,Box_depth,Box_height,Skriting,skriting_width,carcass_thickness,door_thickness,backplank_thickness,VB main position,VB double position,screw position,,,,,,,,,,,,,,
WM_1D (Btm not Exp),1,,Kitchen,East_Wall,WallMount,BoxtoExp,400,400,600,,,,400,400,600,0,0,20,20,10,50,50,50,,,,,,,,,,,,,,
back plank,2,,,,,,390,10,600,0,390,0,,,,,,,,,,,,,,,,,,,,,,,,,
shelf plank H,2,,,,,,360,350,20,20,40,300,,,,,,,,,,,,,,,,,,,,,,,,,
top plank,2,,,,,,360,370,20,20,20,580,,,,,,,,,,,,,,,,,,,,,,,,,
VB_Main_Hole,3,,,,,,20,20,16,350.5,50,0,,,,,,,,,,,,,,,,,,,,,,,,,
VB_Main_Hole,3,,,,,,20,20,16,350.5,320,0,,,,,,,,,,,,,,,,,,,,,,,,,
left plank,2,,,,,,20,370,580,0,20,20,,,,,,,,,,,,,,,,,,,,,,,,,
Screw_hole,3,,,,,,4,4,360,20,50,10,,,,,,,,,,,,,,,,,,,,,,,,,
Screw_hole,3,,,,,,4,4,360,20,185,10,,,,,,,,,,,,,,,,,,,,,,,,,
Screw_hole,3,,,,,,4,4,360,20,320,10,,,,,,,,,,,,,,,,,,,,,,,,,
Screw_hole,3,,,,,,4,4,20,20,50,570,,,,,,,,,,,,,,,,,,,,,,,,,
Screw_hole,3,,,,,,4,4,20,20,185,570,,,,,,,,,,,,,,,,,,,,,,,,,
Screw_hole,3,,,,,,4,4,20,20,320,570,,,,,,,,,,,,,,,,,,,,,,,,,
right plank,2,,,,,,20,382,600,380,20,0,,,,,,,,,,,,,,,,,,,,,,,,,
VB_Double_hole,3,,,,,,5,5,11,0,50,589,,,,,,,,,,,,,,,,,,,,,,,,,
VB_Double_hole,3,,,,,,5,5,11,0,320,589,,,,,,,,,,,,,,,,,,,,,,,,,
slot groove,3,,,,,,10,10,595,0,380,5,,,,,,,,,,,,,,,,,,,,,,,,,
VB_Double_hole,3,,,,,,5,5,11,0,50,11,,,,,,,,,,,,,,,,,,,,,,,,,
VB_Double_hole,3,,,,,,5,5,11,0,320,11,,,,,,,,,,,,,,,,,,,,,,,,,
bottom plank,2,,,,,,380,370,20,0,20,0,,,,,,,,,,,,,,,,,,,,,,,,,
VB_Main_Hole,3,,,,,,20,20,16,370.5,50,20,,,,,,,,,,,,,,,,,,,,,,,,,
VB_Main_Hole,3,,,,,,20,20,16,370.5,320,20,,,,,,,,,,,,,,,,,,,,,,,,,
Door,2,,,,,,398,20,598,0,0,0,,,,,,,,,,,,,,,,,,,,,,,,,
Hinge_Hole,3,,,,,,35,35,14,23.5,20,100,,,,,,,,,,,,,,,,,,,,,,,,,
Hinge_Hole,3,,,,,,35,35,14,23.5,20,299,,,,,,,,,,,,,,,,,,,,,,,,,
Hinge_Hole,3,,,,,,35,35,14,23.5,20,498,,,,,,,,,,,,,,,,,,,,,,,,,
,,,,,,,,,,,,,,,,,,,,,,,,,,,,,,,,,,,,,
Entity Name,level,Material,Room_Name,Unit_Location,Box_Model,Box_Type,LenX,LenY,LenZ,X,Y,Z,Box_width,Box_depth,Box_height,Skriting,skriting_width,carcass_thickness,door_thickness,backplank_thickness,VB main position,VB double position,screw position,,,,,,,,,,,,,,
WM_1D (Btm not Exp),1,,Kitchen,East_Wall,WallMount,ExptoBox,400,300,600,,,,400,300,600,0,0,20,20,10,50,50,50,,,,,,,,,,,,,,
back plank,2,,,,,,390,10,600,10,290,0,,,,,,,,,,,,,,,,,,,,,,,,,
shelf plank H,2,,,,,,360,250,20,20,40,300,,,,,,,,,,,,,,,,,,,,,,,,,
top plank,2,,,,,,360,270,20,20,20,580,,,,,,,,,,,,,,,,,,,,,,,,,
VB_Main_Hole,3,,,,,,20,20,16,9.5,50,0,,,,,,,,,,,,,,,,,,,,,,,,,
VB_Main_Hole,3,,,,,,20,20,16,9.5,220,0,,,,,,,,,,,,,,,,,,,,,,,,,
left plank,2,,,,,,20,282,600,0,20,0,,,,,,,,,,,,,,,,,,,,,,,,,
VB_Double_hole,3,,,,,,5,5,11,20,50,589,,,,,,,,,,,,,,,,,,,,,,,,,
VB_Double_hole,3,,,,,,5,5,11,20,220,589,,,,,,,,,,,,,,,,,,,,,,,,,
VB_Double_hole,3,,,,,,5,5,11,20,50,11,,,,,,,,,,,,,,,,,,,,,,,,,
VB_Double_hole,3,,,,,,5,5,11,20,220,11,,,,,,,,,,,,,,,,,,,,,,,,,
slot groove,3,,,,,,10,10,595,20,270,5,,,,,,,,,,,,,,,,,,,,,,,,,
right plank,2,,,,,,20,270,600,380,20,0,,,,,,,,,,,,,,,,,,,,,,,,,
Screw_hole,3,,,,,,4,4,20,0,50,590,,,,,,,,,,,,,,,,,,,,,,,,,
Screw_hole,3,,,,,,4,4,20,0,135,590,,,,,,,,,,,,,,,,,,,,,,,,,
Screw_hole,3,,,,,,4,4,20,0,220,590,,,,,,,,,,,,,,,,,,,,,,,,,
Screw_hole,3,,,,,,4,4,4,0,50,10,,,,,,,,,,,,,,,,,,,,,,,,,
Screw_hole,3,,,,,,4,4,4,0,135,10,,,,,,,,,,,,,,,,,,,,,,,,,
Screw_hole,3,,,,,,4,4,4,0,220,10,,,,,,,,,,,,,,,,,,,,,,,,,
bottom plank,2,,,,,,380,270,20,0,20,0,,,,,,,,,,,,,,,,,,,,,,,,,
VB_Main_Hole,3,,,,,,20,20,16,9.5,50,20,,,,,,,,,,,,,,,,,,,,,,,,,
VB_Main_Hole,3,,,,,,20,20,16,9.5,220,20,,,,,,,,,,,,,,,,,,,,,,,,,
Door,2,,,,,,398,20,598,0,0,0,,,,,,,,,,,,,,,,,,,,,,,,,
Hinge_Hole,3,,,,,,35,35,14,23.5,20,100,,,,,,,,,,,,,,,,,,,,,,,,,
Hinge_Hole,3,,,,,,35,35,14,23.5,20,299,,,,,,,,,,,,,,,,,,,,,,,,,
Hinge_Hole,3,,,,,,35,35,14,23.5,20,498,,,,,,,,,,,,,,,,,,,,,,,,,
,,,,,,,,,,,,,,,,,,,,,,,,,,,,,,,,,,,,,
Entity Name,level,Material,Room_Name,Unit_Location,Box_Model,Box_Type,F_LenX,F_LenY,F_LenZ,F_X,F_Y,F_Z,Box_width,Box_depth,Box_height,Skriting,skriting_width,carcass_thickness,door_thickness,backplank_thickness,Unit_depth_left,Unit_depth_right,screw position,,,,,,,,,,,,,,
 K_Base L Corner BoxtoBox,1,,Kitchen,East_Wall,K_Base L Corner,BoxtoBox,1000,1150,810,,,,1000,1150,810,110,600,20,21,10,500,500,50,,,,,,,,,,,,,,
door 2 L corner,2,,,,,,519,21,698,479,650,110,,,,,,,,,,,,,,,,,,,,,,,,,
skriting right,2,,,,,,600,20,110,479,671,0,,,,,,,,,,,,,,,,,,,,,,,,,
skriting Left,2,,,,,,20,670,110,479,20,0,,,,,,,,,,,,,,,,,,,,,,,,,
left back plank 2,2,,,,,,10,1150,700,0,0,110,,,,,,,,,,,,,,,,,,,,,,,,,
left plank,2,,,,,,469,20,810,10,0,0,,,,,,,,,,,,,,,,,,,,,,,,,
Screw_hole,3,,,,,,4,4,20,50,20,120,,,,,,,,,,,,,,,,,,,,,,,,,
Screw_hole,3,,,,,,4,4,20,167.25,20,120,,,,,,,,,,,,,,,,,,,,,,,,,
Screw_hole,3,,,,,,4,4,20,301.75,20,120,,,,,,,,,,,,,,,,,,,,,,,,,
Screw_hole,3,,,,,,4,4,20,419,20,120,,,,,,,,,,,,,,,,,,,,,,,,,
Screw_hole,3,,,,,,4,4,20,50,20,800,,,,,,,,,,,,,,,,,,,,,,,,,
Screw_hole,3,,,,,,4,4,20,167.25,20,800,,,,,,,,,,,,,,,,,,,,,,,,,
Screw_hole,3,,,,,,4,4,20,301.75,20,800,,,,,,,,,,,,,,,,,,,,,,,,,
Screw_hole,3,,,,,,4,4,20,419,20,800,,,,,,,,,,,,,,,,,,,,,,,,,
right plank,2,,,,,,20,459,810,980,671,0,,,,,,,,,,,,,,,,,,,,,,,,,
Screw_hole,3,,,,,,4,4,20,0,50,120,,,,,,,,,,,,,,,,,,,,,,,,,
Screw_hole,3,,,,,,4,4,20,0,164.75,120,,,,,,,,,,,,,,,,,,,,,,,,,
Screw_hole,3,,,,,,4,4,20,0,294.25,120,,,,,,,,,,,,,,,,,,,,,,,,,
Screw_hole,3,,,,,,4,4,20,0,409,120,,,,,,,,,,,,,,,,,,,,,,,,,
Screw_hole,3,,,,,,4,4,20,0,50,800,,,,,,,,,,,,,,,,,,,,,,,,,
Screw_hole,3,,,,,,4,4,20,0,164.75,800,,,,,,,,,,,,,,,,,,,,,,,,,
Screw_hole,3,,,,,,4,4,20,0,294.25,800,,,,,,,,,,,,,,,,,,,,,,,,,
Screw_hole,3,,,,,,4,4,20,0,409,800,,,,,,,,,,,,,,,,,,,,,,,,,
door 1 L_corner,2,,,,,,21,648,698,479,0,110,,,,,,,,,,,,,,,,,,,,,,,,,
top plank L corner,2,,,,,,970,1110,20,10,20,790,,,,,,,,,,,,,,,,,,,,,,,,,
slot groove right,3,,,,,,,,,,,,,,,,,,,,,,,,,,,,,,,,,,,,
slot groove left,3,,,,,,,,,,,,,,,,,,,,,,,,,,,,,,,,,,,,
bottom plank L corner,2,,,,,,970,1110,20,10,20,110,,,,,,,,,,,,,,,,,,,,,,,,,
slot groove right,3,,,,,,,,,,,,,,,,,,,,,,,,,,,,,,,,,,,,
slot groove left,3,,,,,,,,,,,,,,,,,,,,,,,,,,,,,,,,,,,,
shelf plank L corner,2,,,,,,970,1110,20,10,20,450,,,,,,,,,,,,,,,,,,,,,,,,,
slot groove right,3,,,,,,,,,,,,,,,,,,,,,,,,,,,,,,,,,,,,
slot groove left,3,,,,,,,,,,,,,,,,,,,,,,,,,,,,,,,,,,,,
right back plank,2,,,,,,990,20,700,10,1130,110,,,,,,,,,,,,,,,,,,,,,,,,,
Screw_hole,3,,,,,,4,4,20,50,0,120,,,,,,,,,,,,,,,,,,,,,,,,,
Screw_hole,3,,,,,,4,4,20,272.5,0,120,,,,,,,,,,,,,,,,,,,,,,,,,
Screw_hole,3,,,,,,4,4,20,495,0,120,,,,,,,,,,,,,,,,,,,,,,,,,
Screw_hole,3,,,,,,4,4,20,717.5,0,120,,,,,,,,,,,,,,,,,,,,,,,,,
Screw_hole,3,,,,,,4,4,20,940,0,120,,,,,,,,,,,,,,,,,,,,,,,,,
Screw_hole,3,,,,,,4,4,20,50,0,690,,,,,,,,,,,,,,,,,,,,,,,,,
Screw_hole,3,,,,,,4,4,20,272.5,0,690,,,,,,,,,,,,,,,,,,,,,,,,,
Screw_hole,3,,,,,,4,4,20,495,0,690,,,,,,,,,,,,,,,,,,,,,,,,,
Screw_hole,3,,,,,,4,4,20,717.5,0,690,,,,,,,,,,,,,,,,,,,,,,,,,
Screw_hole,3,,,,,,4,4,20,940,0,690,,,,,,,,,,,,,,,,,,,,,,,,,
,,,,,,,,,,,,,,,,,,,,,,,,,,,,,,,,,,,,,
Entity Name,level,Material,Room_Name,Unit_Location,Box_Model,Box_Type,LenX,LenY,LenZ,X,Y,Z,Box_width,Box_depth,Box_height,carcass_thickness,door_thickness,backplank_thickness,Side Box Depth,small dummy width,Wall Dummy,VB main position,VB double position,screw position,,,,,,,,,,,,,
WM Corner Unit (L Door) Btm Exp,1,,Kitchen,North_Wall,Simple Box,WalltoExp,,,,,,,800,350,600,20,20,10,350,50,50,50,50,50,,,,,,,,,,,,,
back plank,2,,,,,,740,10,590,50,340,10,,,,,,,,,,,,,,,,,,,,,,,,,
dummy plank big,2,,,,,,300,20,600,50,0,0,,,,,,,,,,,,,,,,,,,,,,,,,
shelf plank,2,,,,,,710,300,20,70,40,290,,,,,,,,,,,,,,,,,,,,,,,,,
dummy plank small,2,,,,,,50,20,600,350,0,0,,,,,,,,,,,,,,,,,,,,,,,,,
Door,2,,,,,,398,20,598,400,0,0,,,,,,,,,,,,,,,,,,,,,,,,,
Hinge_Hole,3,,,,,,35,35,14,374.5,20,100,,,,,,,,,,,,,,,,,,,,,,,,,
Hinge_Hole,3,,,,,,35,35,14,374.5,20,299,,,,,,,,,,,,,,,,,,,,,,,,,
Hinge_Hole,3,,,,,,35,35,14,374.5,20,498,,,,,,,,,,,,,,,,,,,,,,,,,
left plank,2,,,,,,20,320,580,50,20,20,,,,,,,,,,,,,,,,,,,,,,,,,
Screw_hole,3,,,,,,4,4,20,20,50,570,,,,,,,,,,,,,,,,,,,,,,,,,
Screw_hole,3,,,,,,4,4,20,20,160,570,,,,,,,,,,,,,,,,,,,,,,,,,
Screw_hole,3,,,,,,4,4,20,20,270,570,,,,,,,,,,,,,,,,,,,,,,,,,
VB_Main_Hole,3,,,,,,16,20,20,20,50,9.5,,,,,,,,,,,,,,,,,,,,,,,,,
VB_Main_Hole,3,,,,,,16,20,20,20,270,9.5,,,,,,,,,,,,,,,,,,,,,,,,,
right plank,2,,,,,,20,332,600,780,20,0,,,,,,,,,,,,,,,,,,,,,,,,,
slot groove,3,,,,,,10,10,595,0,330,5,,,,,,,,,,,,,,,,,,,,,,,,,
VB_Double_hole,3,,,,,,5,5,11,0,50,589,,,,,,,,,,,,,,,,,,,,,,,,,
VB_Double_hole,3,,,,,,5,5,11,0,270,589,,,,,,,,,,,,,,,,,,,,,,,,,
VB_Double_hole,3,,,,,,5,5,11,0,50,11,,,,,,,,,,,,,,,,,,,,,,,,,
VB_Double_hole,3,,,,,,5,5,11,0,270,11,,,,,,,,,,,,,,,,,,,,,,,,,
top_plank,2,,,,,,710,320,20,20,20,580,,,,,,,,,,,,,,,,,,,,,,,,,
VB_Main_Hole,3,,,,,,20,20,16,700.5,50,0,,,,,,,,,,,,,,,,,,,,,,,,,
VB_Main_Hole,3,,,,,,20,20,16,700.5,270,0,,,,,,,,,,,,,,,,,,,,,,,,,
bottom plank,2,,,,,,780,332,20,0,20,0,,,,,,,,,,,,,,,,,,,,,,,,,
slot groove,3,,,,,,735,10,10,45,330,20,,,,,,,,,,,,,,,,,,,,,,,,,
VB_Main_Hole,3,,,,,,20,20,16,770.5,50,20,,,,,,,,,,,,,,,,,,,,,,,,,
VB_Main_Hole,3,,,,,,20,20,16,770.5,270,20,,,,,,,,,,,,,,,,,,,,,,,,,
VB_Double_Hole,3,,,,,,5,5,11,61,50,20,,,,,,,,,,,,,,,,,,,,,,,,,
VB_Double_Hole,3,,,,,,5,5,11,61,270,20,,,,,,,,,,,,,,,,,,,,,,,,,
,,,,,,,,,,,,,,,,,,,,,,,,,,,,,,,,,,,,,
Entity Name,level,Material,Room_Name,Unit_Location,Box_Model,Box_Type,LenX,LenY,LenZ,X,Y,Z,Box_width,Box_depth,Box_height,carcass_thickness,door_thickness,backplank_thickness,Side Box Depth,small dummy width,Wall Dummy,VB main position,VB double position,screw position,,,,,,,,,,,,,
WM Corner Unit (L Door) Btm Exp,1,,Kitchen,North_Wall,Simple Box,WalltoBox,,,,,,,800,350,600,20,20,10,350,50,50,50,50,50,,,,,,,,,,,,,
back plank,2,,,,,,750,10,590,50,340,10,,,,,,,,,,,,,,,,,,,,,,,,,
dummy plank big,2,,,,,,300,20,600,50,0,0,,,,,,,,,,,,,,,,,,,,,,,,,
shelf plank,2,,,,,,710,300,20,70,40,290,,,,,,,,,,,,,,,,,,,,,,,,,
dummy plank small,2,,,,,,50,20,600,350,0,0,,,,,,,,,,,,,,,,,,,,,,,,,
Door,2,,,,,,398,20,598,400,0,0,,,,,,,,,,,,,,,,,,,,,,,,,
Hinge_Hole,3,,,,,,35,35,14,374.5,20,100,,,,,,,,,,,,,,,,,,,,,,,,,
Hinge_Hole,3,,,,,,35,35,14,374.5,20,299,,,,,,,,,,,,,,,,,,,,,,,,,
Hinge_Hole,3,,,,,,35,35,14,374.5,20,498,,,,,,,,,,,,,,,,,,,,,,,,,
left plank,2,,,,,,20,320,580,50,20,20,,,,,,,,,,,,,,,,,,,,,,,,,
Screw_hole,3,,,,,,4,4,20,20,50,570,,,,,,,,,,,,,,,,,,,,,,,,,
Screw_hole,3,,,,,,4,4,20,20,160,570,,,,,,,,,,,,,,,,,,,,,,,,,
Screw_hole,3,,,,,,4,4,20,20,270,570,,,,,,,,,,,,,,,,,,,,,,,,,
VB_Main_Hole,3,,,,,,16,20,20,20,50,9.5,,,,,,,,,,,,,,,,,,,,,,,,,
VB_Main_Hole,3,,,,,,16,20,20,20,270,9.5,,,,,,,,,,,,,,,,,,,,,,,,,
right plank,2,,,,,,20,320,580,780,20,20,,,,,,,,,,,,,,,,,,,,,,,,,
Screw_hole,3,,,,,,4,4,20,0,50,570,,,,,,,,,,,,,,,,,,,,,,,,,
Screw_hole,3,,,,,,4,4,20,0,160,570,,,,,,,,,,,,,,,,,,,,,,,,,
Screw_hole,3,,,,,,4,4,20,0,270,570,,,,,,,,,,,,,,,,,,,,,,,,,
VB_Main_Hole,3,,,,,,16,20,20,0,50,9.5,,,,,,,,,,,,,,,,,,,,,,,,,
VB_Main_Hole,3,,,,,,16,20,20,0,270,9.5,,,,,,,,,,,,,,,,,,,,,,,,,
top_plank,2,,,,,,710,320,20,20,20,580,,,,,,,,,,,,,,,,,,,,,,,,,
bottom plank,2,,,,,,800,332,20,0,20,0,,,,,,,,,,,,,,,,,,,,,,,,,
slot groove,3,,,,,,755,10,10,45,330,20,,,,,,,,,,,,,,,,,,,,,,,,,
VB_Double_Hole,3,,,,,,5,5,11,789,50,20,,,,,,,,,,,,,,,,,,,,,,,,,
VB_Double_Hole,3,,,,,,5,5,11,789,270,20,,,,,,,,,,,,,,,,,,,,,,,,,
VB_Double_Hole,3,,,,,,5,5,11,61,50,20,,,,,,,,,,,,,,,,,,,,,,,,,
VB_Double_Hole,3,,,,,,5,5,11,61,270,20,,,,,,,,,,,,,,,,,,,,,,,,,
,,,,,,,,,,,,,,,,,,,,,,,,,,,,,,,,,,,,,
Entity Name,level,Material,Room_Name,Unit_Location,Box_Model,Box_Type,LenX,LenY,LenZ,X,Y,Z,Box_width,Box_depth,Box_height,carcass_thickness,door_thickness,backplank_thickness,Side Box Depth,small dummy width,Wall Dummy,VB main position,VB double position,screw position,,,,,,,,,,,,,
WM Corner Unit (R Door) Btm Exp,1,,Kitchen,North_Wall,Simple Box,BoxtoWall,800,350,600,,,,800,350,600,20,20,10,350,50,50,50,50,50,,,,,,,,,,,,,
back plank,2,,,,,,750,10,590,0,340,10,,,,,,,,,,,,,,,,,,,,,,,,,
dummy plank big,2,,,,,,300,20,600,450,0,0,,,,,,,,,,,,,,,,,,,,,,,,,
shelf plank,2,,,,,,710,300,20,20,40,290,,,,,,,,,,,,,,,,,,,,,,,,,
dummy plank small,2,,,,,,50,20,600,400,0,0,,,,,,,,,,,,,,,,,,,,,,,,,
Door,2,,,,,,398,20,598,0,0,0,,,,,,,,,,,,,,,,,,,,,,,,,
Hinge_Hole,3,,,,,,35,35,14,23.5,20,100,,,,,,,,,,,,,,,,,,,,,,,,,
Hinge_Hole,3,,,,,,35,35,14,23.5,20,299,,,,,,,,,,,,,,,,,,,,,,,,,
Hinge_Hole,3,,,,,,35,35,14,23.5,20,498,,,,,,,,,,,,,,,,,,,,,,,,,
left plank,2,,,,,,20,320,580,0,20,20,,,,,,,,,,,,,,,,,,,,,,,,,
Screw_hole,3,,,,,,4,4,20,20,50,570,,,,,,,,,,,,,,,,,,,,,,,,,
Screw_hole,3,,,,,,4,4,20,20,160,570,,,,,,,,,,,,,,,,,,,,,,,,,
Screw_hole,3,,,,,,4,4,20,20,270,570,,,,,,,,,,,,,,,,,,,,,,,,,
VB_Main_Hole,3,,,,,,16,20,20,20,50,9.5,,,,,,,,,,,,,,,,,,,,,,,,,
VB_Main_Hole,3,,,,,,16,20,20,20,270,9.5,,,,,,,,,,,,,,,,,,,,,,,,,
right plank,2,,,,,,20,320,580,730,20,20,,,,,,,,,,,,,,,,,,,,,,,,,
Screw_hole,3,,,,,,4,4,20,0,50,570,,,,,,,,,,,,,,,,,,,,,,,,,
Screw_hole,3,,,,,,4,4,20,0,160,570,,,,,,,,,,,,,,,,,,,,,,,,,
Screw_hole,3,,,,,,4,4,20,0,270,570,,,,,,,,,,,,,,,,,,,,,,,,,
VB_Main_Hole,3,,,,,,16,20,20,0,50,9.5,,,,,,,,,,,,,,,,,,,,,,,,,
VB_Main_Hole,3,,,,,,16,20,20,0,270,9.5,,,,,,,,,,,,,,,,,,,,,,,,,
top_plank,2,,,,,,710,320,20,20,20,580,,,,,,,,,,,,,,,,,,,,,,,,,
bottom plank,2,,,,,,800,332,20,0,20,0,,,,,,,,,,,,,,,,,,,,,,,,,
slot groove,3,,,,,,755,10,10,0,330,20,,,,,,,,,,,,,,,,,,,,,,,,,
VB_Double_Hole,3,,,,,,5,5,11,11,50,20,,,,,,,,,,,,,,,,,,,,,,,,,
VB_Double_Hole,3,,,,,,5,5,11,11,270,20,,,,,,,,,,,,,,,,,,,,,,,,,
VB_Double_Hole,3,,,,,,5,5,11,739,50,20,,,,,,,,,,,,,,,,,,,,,,,,,
VB_Double_Hole,3,,,,,,5,5,11,739,270,20,,,,,,,,,,,,,,,,,,,,,,,,,
,,,,,,,,,,,,,,,,,,,,,,,,,,,,,,,,,,,,,
Entity Name,level,Material,Room_Name,Unit_Location,Box_Model,Box_Type,LenX,LenY,LenZ,X,Y,Z,Box_width,Box_depth,Box_height,carcass_thickness,backplank_thickness,Top plank width,screw position,,,,,,,,,,,,,,,,,,
TV Unit 3Box ExptoExp,1,,Kitchen,East_Wall,Simple Box,ExptoExp,,,,,,,1200,450,300,20,10,1200,50,,,,,,,,,,,,,,,,,,
Back Plank,2,,,,,,1180,10,280,10,440,0,,,,,,,,,,,,,,,,,,,,,,,,,
vertical plank 2,2,,,,,,20,420,240,400,20,20,,,,,,,,,,,,,,,,,,,,,,,,,
vertical plank 1,2,,,,,,20,420,240,380,20,20,,,,,,,,,,,,,,,,,,,,,,,,,
top plank exposed,2,,,,,,1200,450,20,0,0,280,,,,,,,,,,,,,,,,,,,,,,,,,
left plank,2,,,,,,20,432,280,0,20,0,,,,,,,,,,,,,,,,,,,,,,,,,
slot groove,3,,,,,,10,10,280,20,420,0,,,,,,,,,,,,,,,,,,,,,,,,,
vertical plank 4,2,,,,,,20,420,240,800,20,20,,,,,,,,,,,,,,,,,,,,,,,,,
vertical plank 3,2,,,,,,20,420,240,780,20,20,,,,,,,,,,,,,,,,,,,,,,,,,
bottom plank,2,,,,,,1160,420,20,20,20,0,,,,,,,,,,,,,,,,,,,,,,,,,
Screw_hole,3,,,,,,4,4,20,370,50,20,,,,,,,,,,,,,,,,,,,,,,,,,
Screw_hole,3,,,,,,4,4,20,370,370,20,,,,,,,,,,,,,,,,,,,,,,,,,
Screw_hole,3,,,,,,4,4,20,390,50,20,,,,,,,,,,,,,,,,,,,,,,,,,
Screw_hole,3,,,,,,4,4,20,390,370,20,,,,,,,,,,,,,,,,,,,,,,,,,
Screw_hole,3,,,,,,4,4,20,770,50,20,,,,,,,,,,,,,,,,,,,,,,,,,
Screw_hole,3,,,,,,4,4,20,770,370,20,,,,,,,,,,,,,,,,,,,,,,,,,
Screw_hole,3,,,,,,4,4,20,790,50,20,,,,,,,,,,,,,,,,,,,,,,,,,
Screw_hole,3,,,,,,4,4,20,790,370,20,,,,,,,,,,,,,,,,,,,,,,,,,
top plank,2,,,,,,1160,420,20,20,20,260,,,,,,,,,,,,,,,,,,,,,,,,,
Screw_hole,3,,,,,,4,4,20,370,50,0,,,,,,,,,,,,,,,,,,,,,,,,,
Screw_hole,3,,,,,,4,4,20,370,370,0,,,,,,,,,,,,,,,,,,,,,,,,,
Screw_hole,3,,,,,,4,4,20,390,50,0,,,,,,,,,,,,,,,,,,,,,,,,,
Screw_hole,3,,,,,,4,4,20,390,370,0,,,,,,,,,,,,,,,,,,,,,,,,,
Screw_hole,3,,,,,,4,4,20,770,50,0,,,,,,,,,,,,,,,,,,,,,,,,,
Screw_hole,3,,,,,,4,4,20,770,370,0,,,,,,,,,,,,,,,,,,,,,,,,,
Screw_hole,3,,,,,,4,4,20,790,50,0,,,,,,,,,,,,,,,,,,,,,,,,,
Screw_hole,3,,,,,,4,4,20,790,370,0,,,,,,,,,,,,,,,,,,,,,,,,,
right plank,2,,,,,,20,432,280,1180,20,0,,,,,,,,,,,,,,,,,,,,,,,,,
slot groove,3,,,,,,10,10,280,0,430,0,,,,,,,,,,,,,,,,,,,,,,,,,
,,,,,,,,,,,,,,,,,,,,,,,,,,,,,,,,,,,,,
Entity Name,level,Material,Room_Name,Unit_Location,Box_Model,Box_Type,F_LenX,F_LenY,F_LenZ,F_X,F_Y,F_Z,Box_width,Box_depth,Box_height,Skriting,skriting_width,carcass_thickness,door_thickness,backplank_thickness,Wall Dummy,,screw position,,,,,,,,,,,,,,
K_Base 2Door WalltoWall,1,,Kitchen,North_Wall,Simple Box,WalltoWall,700,600,800,,,,700,600,800,110,610,20,20,10,50,,50,,,,,,,,,,,,,,
skriting,2,,,,,,610,20,110,0,20,0,,,,,,,,,,,,,,,,,,,,,,,,,
back plank,2,,,,,,600,10,690,50,590,110,,,,,,,,,,,,,,,,,,,,,,,,,
bottom plank,2,,,,,,560,570,20,70,20,110,,,,,,,,,,,,,,,,,,,,,,,,,
top plank,2,,,,,,560,570,20,70,20,780,,,,,,,,,,,,,,,,,,,,,,,,,
shelf plank,2,,,,,,560,550,20,70,40,445,,,,,,,,,,,,,,,,,,,,,,,,,
left plank,2,,,,,,20,570,800,50,20,0,,,,,,,,,,,,,,,,,,,,,,,,,
Screw_hole,3,,,,,,4,4,20,20,50,790,,,,,,,,,,,,,,,,,,,,,,,,,
Screw_hole,3,,,,,,4,4,20,20,192.5,790,,,,,,,,,,,,,,,,,,,,,,,,,
Screw_hole,3,,,,,,4,4,20,20,377.5,760,,,,,,,,,,,,,,,,,,,,,,,,,
Screw_hole,3,,,,,,4,4,20,20,520,790,,,,,,,,,,,,,,,,,,,,,,,,,
Screw_hole,3,,,,,,4,4,20,20,50,120,,,,,,,,,,,,,,,,,,,,,,,,,
Screw_hole,3,,,,,,4,4,20,20,192.5,120,,,,,,,,,,,,,,,,,,,,,,,,,
Screw_hole,3,,,,,,4,4,20,20,377.5,120,,,,,,,,,,,,,,,,,,,,,,,,,
Screw_hole,3,,,,,,4,4,20,20,520,120,,,,,,,,,,,,,,,,,,,,,,,,,
right plank,2,,,,,,20,570,800,630,20,0,,,,,,,,,,,,,,,,,,,,,,,,,
Screw_hole,3,,,,,,4,4,20,0,50,120,,,,,,,,,,,,,,,,,,,,,,,,,
Screw_hole,3,,,,,,4,4,20,0,192.5,120,,,,,,,,,,,,,,,,,,,,,,,,,
Screw_hole,3,,,,,,4,4,20,0,377.5,120,,,,,,,,,,,,,,,,,,,,,,,,,
Screw_hole,3,,,,,,4,4,20,0,520,120,,,,,,,,,,,,,,,,,,,,,,,,,
Screw_hole,3,,,,,,4,4,20,0,50,790,,,,,,,,,,,,,,,,,,,,,,,,,
Screw_hole,3,,,,,,4,4,20,0,192.5,790,,,,,,,,,,,,,,,,,,,,,,,,,
Screw_hole,3,,,,,,4,4,20,0,377.5,790,,,,,,,,,,,,,,,,,,,,,,,,,
Screw_hole,3,,,,,,4,4,20,0,520,790,,,,,,,,,,,,,,,,,,,,,,,,,
door plank 1,2,,,,,,298,20,688,50,0,110,,,,,,,,,,,,,,,,,,,,,,,,,
hinge hole,3,,,,,,35,35,14,23.5,20,100,,,,,,,,,,,,,,,,,,,,,,,,,
hinge hole,3,,,,,,35,35,14,23.5,20,344,,,,,,,,,,,,,,,,,,,,,,,,,
hinge hole,3,,,,,,35,35,14,23.5,20,588,,,,,,,,,,,,,,,,,,,,,,,,,
Door plank 2,2,,,,,,298,20,688,350,0,110,,,,,,,,,,,,,,,,,,,,,,,,,
hinge hole,3,,,,,,35,35,14,274.5,20,100,,,,,,,,,,,,,,,,,,,,,,,,,
hinge hole,3,,,,,,35,35,14,274.5,20,344,,,,,,,,,,,,,,,,,,,,,,,,,
hinge hole,3,,,,,,35,35,14,274.5,20,588,,,,,,,,,,,,,,,,,,,,,,,,,
Dummy Plank,2,,,,,,50,20,690,0,20,110,,,,,,,,,,,,,,,,,,,,,,,,,
Dummy Plank,2,,,,,,50,20,690,650,20,110,,,,,,,,,,,,,,,,,,,,,,,,,
,,,,,,,,,,,,,,,,,,,,,,,,,,,,,,,,,,,,,
Entity Name,level,Material,Room_Name,Unit_Location,Box_Model,Box_Type,LenX,LenY,LenZ,X,Y,Z,Box_width,Box_depth,Box_height,Skriting,skriting_width,carcass_thickness,door_thickness,backplank_thickness,Draw Height,Draw Dummy,Wall Dummy,Shelf plank Height,channel depth,screw position,,,,,,,,,,,
Open_Wardrobe WalltoWall,1,,MasterBedroom,East_Wall,Openable WR,WalltoWall,1200,600,2100,,,,1200,600,2100,110,1230,20,21,10,150,30,50,1010,500,50,,,,,,,,,,,
skriting,2,,,,,,1230,20,110,0,21,0,,,,,,,,,,,,,,,,,,,,,,,,,
back plank,2,,,,,,1200,10,1990,50,590,110,,,,,,,,,,,,,,,,,,,,,,,,,
bottom plank,2,,,,,,1160,569,20,70,21,110,,,,,,,,,,,,,,,,,,,,,,,,,
top plank,2,,,,,,1160,569,20,70,21,2080,,,,,,,,,,,,,,,,,,,,,,,,,
Shelf plank H 1,2,,,,,,1160,549,20,70,41,495,,,,,,,,,,,,,,,,,,,,,,,,,
maindummy plank 1,2,,,,,,20,529,150,100,61,860,,,,,,,,,,,,,,,,,,,,,,,,,
drawdummy Plank 1,2,,,,,,30,20,150,70,61,860,,,,,,,,,,,,,,,,,,,,,,,,,
drawfront plank R,2,,,,,,444,20,80,653,61,870,,,,,,,,,,,,,,,,,,,,,,,,,
drawback Plank R,2,,,,,,444,20,100,653,541,870,,,,,,,,,,,,,,,,,,,,,,,,,
drawfacia plank R,2,,,,,,548,20,148,600,41,860,,,,,,,,,,,,,,,,,,,,,,,,,
bottom D plank R,2,,,,,,484,500,10,633,61,860,,,,,,,,,,,,,,,,,,,,,,,,,
drawright plank R,2,,,,,,20,500,100,1097,61,870,,,,,,,,,,,,,,,,,,,,,,,,,
Screw_hole,3,,,,,,4,4,20,0,10,50,,,,,,,,,,,,,,,,,,,,,,,,,
Screw_hole,3,,,,,,4,4,20,0,10,30,,,,,,,,,,,,,,,,,,,,,,,,,
Screw_hole,3,,,,,,4,4,20,0,490,50,,,,,,,,,,,,,,,,,,,,,,,,,
Screw_hole,3,,,,,,4,4,20,0,490,30,,,,,,,,,,,,,,,,,,,,,,,,,
drawleft plank R,2,,,,,,20,500,100,633,61,870,,,,,,,,,,,,,,,,,,,,,,,,,
Screw_hole,3,,,,,,4,4,20,20,10,50,,,,,,,,,,,,,,,,,,,,,,,,,
Screw_hole,3,,,,,,4,4,20,20,10,30,,,,,,,,,,,,,,,,,,,,,,,,,
Screw_hole,3,,,,,,4,4,20,20,490,50,,,,,,,,,,,,,,,,,,,,,,,,,
Screw_hole,3,,,,,,4,4,20,20,490,30,,,,,,,,,,,,,,,,,,,,,,,,,
drawdummy plank 2,2,,,,,,30,20,150,70,570,860,,,,,,,,,,,,,,,,,,,,,,,,,
maindummy plank 2,2,,,,,,20,529,150,580,61,860,,,,,,,,,,,,,,,,,,,,,,,,,
maindummy plank 3,2,,,,,,20,529,150,600,61,860,,,,,,,,,,,,,,,,,,,,,,,,,
maindummy plank 4,2,,,,,,20,529,150,1080,61,860,,,,,,,,,,,,,,,,,,,,,,,,,
drawdummy plank 3,2,,,,,,30,20,150,1100,61,860,,,,,,,,,,,,,,,,,,,,,,,,,
drawdummy plank 4,2,,,,,,30,20,150,1100,570,860,,,,,,,,,,,,,,,,,,,,,,,,,
Shelf plank fixed H,2,,,,,,1160,549,20,70,21,1010,,,,,,,,,,,,,,,,,,,,,,,,,
dummy plank R,2,,,,,,50,20,1990,1150,21,110,,,,,,,,,,,,,,,,,,,,,,,,,
Dummy Plank(top)  R,2,,,,,,50,559,20,1150,41,2080,,,,,,,,,,,,,,,,,,,,,,,,,
Drawfacia Plank L,2,,,,,,548,20,148,100,41,860,,,,,,,,,,,,,,,,,,,,,,,,,
drawleft Plank L,2,,,,,,20,500,100,133,61,870,,,,,,,,,,,,,,,,,,,,,,,,,
Screw_hole,3,,,,,,4,4,20,20,10,50,,,,,,,,,,,,,,,,,,,,,,,,,
Screw_hole,3,,,,,,4,4,20,20,10,30,,,,,,,,,,,,,,,,,,,,,,,,,
Screw_hole,3,,,,,,4,4,20,20,490,50,,,,,,,,,,,,,,,,,,,,,,,,,
Screw_hole,3,,,,,,4,4,20,20,490,30,,,,,,,,,,,,,,,,,,,,,,,,,
drawfront plank L,2,,,,,,444,20,80,153,61,870,,,,,,,,,,,,,,,,,,,,,,,,,
drawback plank L,2,,,,,,444,20,100,153,541,870,,,,,,,,,,,,,,,,,,,,,,,,,
bottom D plank L,2,,,,,,484,500,10,133,61,860,,,,,,,,,,,,,,,,,,,,,,,,,
drawright plank L,2,,,,,,20,500,100,547,61,870,,,,,,,,,,,,,,,,,,,,,,,,,
Screw_hole,3,,,,,,4,4,20,20,10,50,,,,,,,,,,,,,,,,,,,,,,,,,
Screw_hole,3,,,,,,4,4,20,20,10,30,,,,,,,,,,,,,,,,,,,,,,,,,
Screw_hole,3,,,,,,4,4,20,20,490,50,,,,,,,,,,,,,,,,,,,,,,,,,
Screw_hole,3,,,,,,4,4,20,20,490,30,,,,,,,,,,,,,,,,,,,,,,,,,
left plank,2,,,,,,20,569,2100,50,21,0,,,,,,,,,,,,,,,,,,,,,,,,,
Screw_hole,3,,,,,,4,4,20,20,50,2090,,,,,,,,,,,,,,,,,,,,,,,,,
Screw_hole,3,,,,,,4,4,20,20,192.25,2090,,,,,,,,,,,,,,,,,,,,,,,,,
Screw_hole,3,,,,,,4,4,20,20,376.75,2090,,,,,,,,,,,,,,,,,,,,,,,,,
Screw_hole,3,,,,,,4,4,20,20,519,2090,,,,,,,,,,,,,,,,,,,,,,,,,
Screw_hole,3,,,,,,4,4,20,20,70,1020,,,,,,,,,,,,,,,,,,,,,,,,,
Screw_hole,3,,,,,,4,4,20,20,192.25,1020,,,,,,,,,,,,,,,,,,,,,,,,,
Screw_hole,3,,,,,,4,4,20,20,376.75,1020,,,,,,,,,,,,,,,,,,,,,,,,,
Screw_hole,3,,,,,,4,4,20,20,519,1020,,,,,,,,,,,,,,,,,,,,,,,,,
Screw_hole,3,,,,,,4,4,20,20,50,120,,,,,,,,,,,,,,,,,,,,,,,,,
Screw_hole,3,,,,,,4,4,20,20,192.25,120,,,,,,,,,,,,,,,,,,,,,,,,,
Screw_hole,3,,,,,,4,4,20,20,376.75,120,,,,,,,,,,,,,,,,,,,,,,,,,
Screw_hole,3,,,,,,4,4,20,20,519,120,,,,,,,,,,,,,,,,,,,,,,,,,
right plank,2,,,,,,20,569,2100,1130,21,0,,,,,,,,,,,,,,,,,,,,,,,,,
Screw_hole,3,,,,,,4,4,20,0,50,2090,,,,,,,,,,,,,,,,,,,,,,,,,
Screw_hole,3,,,,,,4,4,20,0,192.25,2090,,,,,,,,,,,,,,,,,,,,,,,,,
Screw_hole,3,,,,,,4,4,20,0,376.75,2090,,,,,,,,,,,,,,,,,,,,,,,,,
Screw_hole,3,,,,,,4,4,20,0,519,2090,,,,,,,,,,,,,,,,,,,,,,,,,
Screw_hole,3,,,,,,4,4,20,0,70,1020,,,,,,,,,,,,,,,,,,,,,,,,,
Screw_hole,3,,,,,,4,4,20,0,192.25,1020,,,,,,,,,,,,,,,,,,,,,,,,,
Screw_hole,3,,,,,,4,4,20,0,376.75,1020,,,,,,,,,,,,,,,,,,,,,,,,,
Screw_hole,3,,,,,,4,4,20,0,519,1020,,,,,,,,,,,,,,,,,,,,,,,,,
Screw_hole,3,,,,,,4,4,20,0,50,120,,,,,,,,,,,,,,,,,,,,,,,,,
Screw_hole,3,,,,,,4,4,20,0,192.25,120,,,,,,,,,,,,,,,,,,,,,,,,,
Screw_hole,3,,,,,,4,4,20,0,376.75,120,,,,,,,,,,,,,,,,,,,,,,,,,
Screw_hole,3,,,,,,4,4,20,0,519,120,,,,,,,,,,,,,,,,,,,,,,,,,
Door 1,2,,,,,,598,21,1988,50,0,110,,,,,,,,,,,,,,,,,,,,,,,,,
Hinge_Hole,3,,,,,,35,35,14,23.5,21,100,,,,,,,,,,,,,,,,,,,,,,,,,
Hinge_Hole,3,,,,,,35,35,14,23.5,21,697,,,,,,,,,,,,,,,,,,,,,,,,,
Hinge_Hole,3,,,,,,35,35,14,23.5,21,1291,,,,,,,,,,,,,,,,,,,,,,,,,
Hinge_Hole,3,,,,,,35,35,14,23.5,21,1888,,,,,,,,,,,,,,,,,,,,,,,,,
Door 2,2,,,,,,598,21,1988,650,0,110,,,,,,,,,,,,,,,,,,,,,,,,,
Hinge_Hole,3,,,,,,35,35,14,574.5,21,100,,,,,,,,,,,,,,,,,,,,,,,,,
Hinge_Hole,3,,,,,,35,35,14,574.5,21,697,,,,,,,,,,,,,,,,,,,,,,,,,
Hinge_Hole,3,,,,,,35,35,14,574.5,21,1291,,,,,,,,,,,,,,,,,,,,,,,,,
Hinge_Hole,3,,,,,,35,35,14,574.5,21,1888,,,,,,,,,,,,,,,,,,,,,,,,,
dummy plank L,2,,,,,,50,20,1990,0,21,110,,,,,,,,,,,,,,,,,,,,,,,,,
Dummy Plank(top)  L,2,,,,,,50,559,20,0,41,2080,,,,,,,,,,,,,,,,,,,,,,,,,
,,,,,,,,,,,,,,,,,,,,,,,,,,,,,,,,,,,,,
Entity Name,level,Material,Room_Name,Unit_Location,Box_Model,Box_Type,LenX,LenY,LenZ,X,Y,Z,Box_width,Box_depth,Box_height,Skriting,skriting_width,carcass_thickness,door_thickness,backplank_thickness,Shelf plank Height,Draw Height,Draw Dummy,channel depth,VB main position,screw position,,,,,,,,,,,
Open_Wardrobe ExptoBox,1,,LivingRoom,East_Wall,Simple Box,ExptoBox,,,,,,,1200,600,2100,110,1160,20,21,10,1010,150,30,500,50,50,,,,,,,,,,,
Skriting,2,,,,,,1160,20,110,20,21,0,,,,,,,,,,,,,,,,,,,,,,,,,
Back Panel,2,,,,,,1190,10,1990,10,590,110,,,,,,,,,,,,,,,,,,,,,,,,,
Bottom Plank,2,,,,,,1160,569,20,20,21,110,,,,,,,,,,,,,,,,,,,,,,,,,
Shelf plank H Fixed,2,,,,,,1160,549,20,20,41,1010,,,,,,,,,,,,,,,,,,,,,,,,,
maindummy Plank 1,2,,,,,,20,549,150,50,61,860,,,,,,,,,,,,,,,,,,,,,,,,,
Drawdummy Plank 1,2,,,,,,30,20,150,20,61,860,,,,,,,,,,,,,,,,,,,,,,,,,
drawfront Plank R,2,,,,,,444,20,80,653,61,860,,,,,,,,,,,,,,,,,,,,,,,,,
Drawleft Plank L,2,,,,,,20,500,100,83,61,870,,,,,,,,,,,,,,,,,,,,,,,,,
Screw_hole,3,,,,,,4,4,20,20,10,50,,,,,,,,,,,,,,,,,,,,,,,,,
Screw_hole,3,,,,,,4,4,20,20,10,30,,,,,,,,,,,,,,,,,,,,,,,,,
Screw_hole,3,,,,,,4,4,20,20,490,50,,,,,,,,,,,,,,,,,,,,,,,,,
Screw_hole,3,,,,,,4,4,20,20,490,30,,,,,,,,,,,,,,,,,,,,,,,,,
drawfacia Plank R,2,,,,,,548,20,148,600,41,860,,,,,,,,,,,,,,,,,,,,,,,,,
Drawfront Plank L,2,,,,,,444,20,80,103,61,870,,,,,,,,,,,,,,,,,,,,,,,,,
bottom D Plank R,2,,,,,,484,500,10,633,61,860,,,,,,,,,,,,,,,,,,,,,,,,,
bottom D Plank L,2,,,,,,484,500,10,83,61,860,,,,,,,,,,,,,,,,,,,,,,,,,
Drawback Plank L,2,,,,,,444,20,100,103,541,870,,,,,,,,,,,,,,,,,,,,,,,,,
drawright Plank R,2,,,,,,20,500,100,1097,61,870,,,,,,,,,,,,,,,,,,,,,,,,,
Screw_hole,3,,,,,,4,4,20,0,10,50,,,,,,,,,,,,,,,,,,,,,,,,,
Screw_hole,3,,,,,,4,4,20,0,10,30,,,,,,,,,,,,,,,,,,,,,,,,,
Screw_hole,3,,,,,,4,4,20,0,490,50,,,,,,,,,,,,,,,,,,,,,,,,,
Screw_hole,3,,,,,,4,4,20,0,490,30,,,,,,,,,,,,,,,,,,,,,,,,,
drawleft Plank R,2,,,,,,20,500,100,633,61,870,,,,,,,,,,,,,,,,,,,,,,,,,
Screw_hole,3,,,,,,4,4,20,20,10,50,,,,,,,,,,,,,,,,,,,,,,,,,
Screw_hole,3,,,,,,4,4,20,20,10,30,,,,,,,,,,,,,,,,,,,,,,,,,
Screw_hole,3,,,,,,4,4,20,20,490,50,,,,,,,,,,,,,,,,,,,,,,,,,
Screw_hole,3,,,,,,4,4,20,20,490,30,,,,,,,,,,,,,,,,,,,,,,,,,
Drawright Plank L,2,,,,,,20,500,100,547,61,870,,,,,,,,,,,,,,,,,,,,,,,,,
Screw_hole,3,,,,,,4,4,20,20,10,50,,,,,,,,,,,,,,,,,,,,,,,,,
Screw_hole,3,,,,,,4,4,20,20,10,30,,,,,,,,,,,,,,,,,,,,,,,,,
Screw_hole,3,,,,,,4,4,20,20,490,50,,,,,,,,,,,,,,,,,,,,,,,,,
Screw_hole,3,,,,,,4,4,20,20,490,30,,,,,,,,,,,,,,,,,,,,,,,,,
Drawfacia Plank L,2,,,,,,548,20,148,50,41,860,,,,,,,,,,,,,,,,,,,,,,,,,
Drawdummy Plank 2,2,,,,,,30,20,150,20,570,860,,,,,,,,,,,,,,,,,,,,,,,,,
mainndummy Plank 2,2,,,,,,20,529,150,580,61,860,,,,,,,,,,,,,,,,,,,,,,,,,
maindummy Plank 3,2,,,,,,20,529,150,600,61,860,,,,,,,,,,,,,,,,,,,,,,,,,
maindummy Plank 4,2,,,,,,20,529,150,1130,61,860,,,,,,,,,,,,,,,,,,,,,,,,,
Drawdummy Plank 3,2,,,,,,30,20,150,1150,61,860,,,,,,,,,,,,,,,,,,,,,,,,,
Drawdummy Plank 4,2,,,,,,30,20,150,1150,570,860,,,,,,,,,,,,,,,,,,,,,,,,,
Shelf plank 3,2,,,,,,1160,549,20,20,41,465,,,,,,,,,,,,,,,,,,,,,,,,,
Shelf V Plank,2,,,,,,20,549,1050,590,41,1030,,,,,,,,,,,,,,,,,,,,,,,,,
top_plank,2,,,,,,1160,569,20,20,21,2080,,,,,,,,,,,,,,,,,,,,,,,,,
VB_Main_Hole,3,,,,,,20,20,16,9.5,50,0,,,,,,,,,,,,,,,,,,,,,,,,,
VB_Main_Hole,3,,,,,,20,20,16,9.5,284.5,0,,,,,,,,,,,,,,,,,,,,,,,,,
VB_Main_Hole,3,,,,,,20,20,16,9.5,519,0,,,,,,,,,,,,,,,,,,,,,,,,,
left plank,2,,,,,,20,581,2100,0,21,0,,,,,,,,,,,,,,,,,,,,,,,,,
VB_Double_hole,3,,,,,,5,5,11,20,50,2089,,,,,,,,,,,,,,,,,,,,,,,,,
VB_Double_hole,3,,,,,,5,5,11,20,284.5,2089,,,,,,,,,,,,,,,,,,,,,,,,,
VB_Double_hole,3,,,,,,5,5,11,20,519,2089,,,,,,,,,,,,,,,,,,,,,,,,,
slot groove,3,,,,,,10,10,1995,20,569,105,,,,,,,,,,,,,,,,,,,,,,,,,
right plank,2,,,,,,20,569,2100,1180,21,0,,,,,,,,,,,,,,,,,,,,,,,,,
Screw_hole,3,,,,,,4,4,20,0,50,2090,,,,,,,,,,,,,,,,,,,,,,,,,
Screw_hole,3,,,,,,4,4,20,0,192.25,2090,,,,,,,,,,,,,,,,,,,,,,,,,
Screw_hole,3,,,,,,4,4,20,0,376.75,2090,,,,,,,,,,,,,,,,,,,,,,,,,
Screw_hole,3,,,,,,4,4,20,0,519,2090,,,,,,,,,,,,,,,,,,,,,,,,,
Screw_hole,3,,,,,,4,4,20,0,70,1020,,,,,,,,,,,,,,,,,,,,,,,,,
Screw_hole,3,,,,,,4,4,20,0,192.25,1020,,,,,,,,,,,,,,,,,,,,,,,,,
Screw_hole,3,,,,,,4,4,20,0,376.75,1020,,,,,,,,,,,,,,,,,,,,,,,,,
Screw_hole,3,,,,,,4,4,20,0,519,1020,,,,,,,,,,,,,,,,,,,,,,,,,
Screw_hole,3,,,,,,4,4,20,0,50,120,,,,,,,,,,,,,,,,,,,,,,,,,
Screw_hole,3,,,,,,4,4,20,0,192.25,120,,,,,,,,,,,,,,,,,,,,,,,,,
Screw_hole,3,,,,,,4,4,20,0,376.75,120,,,,,,,,,,,,,,,,,,,,,,,,,
Screw_hole,3,,,,,,4,4,20,0,519,120,,,,,,,,,,,,,,,,,,,,,,,,,
Door 1,2,,,,,,598,21,1988,0,0,110,,,,,,,,,,,,,,,,,,,,,,,,,
Hinge_Hole,3,,,,,,35,35,14,23.5,21,100,,,,,,,,,,,,,,,,,,,,,,,,,
Hinge_Hole,3,,,,,,35,35,14,23.5,21,697,,,,,,,,,,,,,,,,,,,,,,,,,
Hinge_Hole,3,,,,,,35,35,14,23.5,21,1291,,,,,,,,,,,,,,,,,,,,,,,,,
Hinge_Hole,3,,,,,,35,35,14,23.5,21,1888,,,,,,,,,,,,,,,,,,,,,,,,,
Door 2,2,,,,,,598,21,1988,600,0,110,,,,,,,,,,,,,,,,,,,,,,,,,
Hinge_Hole,3,,,,,,35,35,14,574.5,21,100,,,,,,,,,,,,,,,,,,,,,,,,,
Hinge_Hole,3,,,,,,35,35,14,574.5,21,697,,,,,,,,,,,,,,,,,,,,,,,,,
Hinge_Hole,3,,,,,,35,35,14,574.5,21,1291,,,,,,,,,,,,,,,,,,,,,,,,,
Hinge_Hole,3,,,,,,35,35,14,574.5,21,1888,,,,,,,,,,,,,,,,,,,,,,,,,
,,,,,,,,,,,,,,,,,,,,,,,,,,,,,,,,,,,,,
Entity Name,level,Material,Room_Name,Unit_Location,Box_Model,Box_Type,LenX,LenY,LenZ,X,Y,Z,Box_width,Box_depth,Box_height 1,Box_height 2,Skriting,skriting_width,carcass_thickness,door_thickness,backplank_thickness,VB main position,VB double position,screw position,,,,,,,,,,,,,
shoerack,1,,Shoerack,East_Wall,Simple Box,ExptoExp,1200,500,900,,,,1200,500,900,450,110,1160,20,20,10,50,50,50,,,,,,,,,,,,,
skriting,2,,,,,,1160,20,110,20,20,0,,,,,,,,,,,,,,,,,,,,,,,,,
right plank 1,2,,,,,,20,482,880,780,20,0,,,,,,,,,,,,,,,,,,,,,,,,,
VB_Double_hole,3,,,,,,5,5,11,0,50,869,,,,,,,,,,,,,,,,,,,,,,,,,
VB_Double_hole,3,,,,,,5,5,11,0,235,869,,,,,,,,,,,,,,,,,,,,,,,,,
VB_Double_hole,3,,,,,,5,5,11,0,420,869,,,,,,,,,,,,,,,,,,,,,,,,,
slot groove,3,,,,,,10,10,775,0,480,105,,,,,,,,,,,,,,,,,,,,,,,,,
left palnk 1,2,,,,,,20,482,880,0,20,0,,,,,,,,,,,,,,,,,,,,,,,,,
VB_Double_hole,3,,,,,,5,5,11,20,50,869,,,,,,,,,,,,,,,,,,,,,,,,,
VB_Double_hole,3,,,,,,5,5,11,20,235,869,,,,,,,,,,,,,,,,,,,,,,,,,
VB_Double_hole,3,,,,,,5,5,11,20,420,869,,,,,,,,,,,,,,,,,,,,,,,,,
slot groove,3,,,,,,10,10,775,20,470,105,,,,,,,,,,,,,,,,,,,,,,,,,
Door 1,2,,,,,,398,20,768,0,0,110,,,,,,,,,,,,,,,,,,,,,,,,,
Hinge_Hole,3,,,,,,35,35,14,23.5,20,100,,,,,,,,,,,,,,,,,,,,,,,,,
Hinge_Hole,3,,,,,,35,35,14,23.5,20,384,,,,,,,,,,,,,,,,,,,,,,,,,
Hinge_Hole,3,,,,,,35,35,14,23.5,20,668,,,,,,,,,,,,,,,,,,,,,,,,,
bottom plank 1,2,,,,,,760,470,20,20,20,110,,,,,,,,,,,,,,,,,,,,,,,,,
back plank 2,2,,,,,,390,10,320,800,490,110,,,,,,,,,,,,,,,,,,,,,,,,,
left plank 2,2,,,,,,20,470,430,800,20,0,,,,,,,,,,,,,,,,,,,,,,,,,
Screw_hole,3,,,,,,4,4,20,20,50,420,,,,,,,,,,,,,,,,,,,,,,,,,
Screw_hole,3,,,,,,4,4,20,20,235,420,,,,,,,,,,,,,,,,,,,,,,,,,
Screw_hole,3,,,,,,4,4,20,20,420,420,,,,,,,,,,,,,,,,,,,,,,,,,
Screw_hole,3,,,,,,4,4,20,20,50,120,,,,,,,,,,,,,,,,,,,,,,,,,
Screw_hole,3,,,,,,4,4,20,20,235,120,,,,,,,,,,,,,,,,,,,,,,,,,
Screw_hole,3,,,,,,4,4,20,20,420,120,,,,,,,,,,,,,,,,,,,,,,,,,
right plank 2,2,,,,,,20,482,430,1180,20,0,,,,,,,,,,,,,,,,,,,,,,,,,
VB_Double_hole,3,,,,,,5,5,11,0,50,419,,,,,,,,,,,,,,,,,,,,,,,,,
VB_Double_hole,3,,,,,,5,5,11,0,235,419,,,,,,,,,,,,,,,,,,,,,,,,,
VB_Double_hole,3,,,,,,5,5,11,0,420,419,,,,,,,,,,,,,,,,,,,,,,,,,
slot groove,3,,,,,,10,10,325,0,480,105,,,,,,,,,,,,,,,,,,,,,,,,,
Door 3,2,,,,,,398,20,318,800,0,110,,,,,,,,,,,,,,,,,,,,,,,,,
Hinge_Hole,3,,,,,,35,35,14,23.5,20,80,,,,,,,,,,,,,,,,,,,,,,,,,
Hinge_Hole,3,,,,,,35,35,14,23.5,20,238,,,,,,,,,,,,,,,,,,,,,,,,,
back plank 1,2,,,,,,780,10,770,10,490,110,,,,,,,,,,,,,,,,,,,,,,,,,
Door 2,2,,,,,,398,20,768,400,0,110,,,,,,,,,,,,,,,,,,,,,,,,,
Hinge_Hole,3,,,,,,35,35,14,374.5,20,100,,,,,,,,,,,,,,,,,,,,,,,,,
Hinge_Hole,3,,,,,,35,35,14,374.5,20,384,,,,,,,,,,,,,,,,,,,,,,,,,
Hinge_Hole,3,,,,,,35,35,14,374.5,20,668,,,,,,,,,,,,,,,,,,,,,,,,,
top plank 2,2,,,,,,360,470,20,820,20,410,,,,,,,,,,,,,,,,,,,,,,,,,
VB_Main_Hole,3,,,,,,20,20,16,350.5,50,0,,,,,,,,,,,,,,,,,,,,,,,,,
VB_Main_Hole,3,,,,,,20,20,16,350.5,235,0,,,,,,,,,,,,,,,,,,,,,,,,,
VB_Main_Hole,3,,,,,,20,20,16,350.5,420,0,,,,,,,,,,,,,,,,,,,,,,,,,
shelf plank 2,2,,,,,,760,450,20,20,40,485,,,,,,,,,,,,,,,,,,,,,,,,,
bottom plank 2,2,,,,,,360,470,20,820,20,110,,,,,,,,,,,,,,,,,,,,,,,,,
top plank 1,2,,,,,,760,470,20,20,20,860,,,,,,,,,,,,,,,,,,,,,,,,,
VB_Main_Hole,3,,,,,,20,20,16,9.5,50,0,,,,,,,,,,,,,,,,,,,,,,,,,
VB_Main_Hole,3,,,,,,20,20,16,9.5,235,0,,,,,,,,,,,,,,,,,,,,,,,,,
VB_Main_Hole,3,,,,,,20,20,16,9.5,420,0,,,,,,,,,,,,,,,,,,,,,,,,,
VB_Main_Hole,3,,,,,,20,20,16,750.5,50,0,,,,,,,,,,,,,,,,,,,,,,,,,
VB_Main_Hole,3,,,,,,20,20,16,750.5,235,0,,,,,,,,,,,,,,,,,,,,,,,,,
VB_Main_Hole,3,,,,,,20,20,16,750.5,420,0,,,,,,,,,,,,,,,,,,,,,,,,,
shelf plank1,2,,,,,,760,450,20,20,40,667.5,,,,,,,,,,,,,,,,,,,,,,,,,
shelf plank 3,2,,,,,,760,450,20,20,40,302.5,,,,,,,,,,,,,,,,,,,,,,,,,
shelf plank 4,2,,,,,,360,450,20,820,40,260,,,,,,,,,,,,,,,,,,,,,,,,,
top plank exposed 2,2,,,,,,400,500,20,800,0,430,,,,,,,,,,,,,,,,,,,,,,,,,
top plank exposed 1,2,,,,,,800,500,20,0,0,880,,,,,,,,,,,,,,,,,,,,,,,,,
,,,,,,,,,,,,,,,,,,,,,,,,,,,,,,,,,,,,,
Entity Name,level,Material,Room_Name,Unit_Location,Box_Model,Box_Type,F_LenX,F_LenY,F_LenZ,F_X,F_Y,F_Z,Box_width,Box_depth,Box_height,Skriting,skriting_width,carcass_thickness,door_thickness,backplank_thickness,dummy,VB main position,VB double position,screw position,Profile_Depth,Profile_Width,Profile_Distance,,,,,,,,,,
2Door Sliding WR BoxtoWall,1,,MasterBedroom,East_Wall,Simple Box,BoxtoWall,1100,550,2100,,,,1100,550,2100,110,1130,20,21,11,50,50,50,50,,,,,,,,,,,,,
Skriting,2,,,,,,1130,20,110,20,0,0,,,,,,,,,,,,,,,,,,,,,,,,,
Door2,2,,,,,,560,21,1918,520,79,130,,,,,,,,,,,,,,,,,,,,,,,,,
Back Plank 1,2,,,,,,550,11,1990,0,539,110,,,,,,,,,,,,,,,,,,,,,,,,,
Bottom Plank,2,,,,,,1060,539,20,20,0,110,,,,,,,,,,,,,,,,,,,,,,,,,
Screw_hole,3,,,,,,4,4,20,520,150,20,,,,,,,,,,,,,,,,,,,,,,,,,
Screw_hole,3,,,,,,4,4,20,520,319.5,20,,,,,,,,,,,,,,,,,,,,,,,,,
Screw_hole,3,,,,,,4,4,20,520,489,20,,,,,,,,,,,,,,,,,,,,,,,,,
Screw_hole,3,,,,,,4,4,20,540,150,20,,,,,,,,,,,,,,,,,,,,,,,,,
Screw_hole,3,,,,,,4,4,20,540,319.5,20,,,,,,,,,,,,,,,,,,,,,,,,,
Screw_hole,3,,,,,,4,4,20,540,489,20,,,,,,,,,,,,,,,,,,,,,,,,,
Door1,2,,,,,,560,21,1918,20,58,130,,,,,,,,,,,,,,,,,,,,,,,,,
Dummy Plank,2,,,,,,50,20,1990,1100,0,110,,,,,,,,,,,,,,,,,,,,,,,,,
plank,2,,,,,,50,530,20,1100,20,2080,,,,,,,,,,,,,,,,,,,,,,,,,
vertical 2,2,,,,,,20,439,1950,550,100,130,,,,,,,,,,,,,,,,,,,,,,,,,
Screw_hole,3,,,,,,4,4,20,20,50,890,,,,,,,,,,,,,,,,,,,,,,,,,
Screw_hole,3,,,,,,4,4,20,20,219.5,890,,,,,,,,,,,,,,,,,,,,,,,,,
Screw_hole,3,,,,,,4,4,20,20,389,890,,,,,,,,,,,,,,,,,,,,,,,,,
vertical 1,2,,,,,,20,439,1950,530,100,130,,,,,,,,,,,,,,,,,,,,,,,,,
Screw_hole,3,,,,,,4,4,20,0,50,890,,,,,,,,,,,,,,,,,,,,,,,,,
Screw_hole,3,,,,,,4,4,20,0,219.5,890,,,,,,,,,,,,,,,,,,,,,,,,,
Screw_hole,3,,,,,,4,4,20,0,389,890,,,,,,,,,,,,,,,,,,,,,,,,,
shelf 1,2,,,,,,510,439,20,20,100,1010,,,,,,,,,,,,,,,,,,,,,,,,,
shelf 2,2,,,,,,510,439,20,570,100,1010,,,,,,,,,,,,,,,,,,,,,,,,,
top plank,2,,,,,,1060,539,20,20,0,2080,,,,,,,,,,,,,,,,,,,,,,,,,
VB_Main_Hole,3,,,,,,20,20,16,9.5,50,0,,,,,,,,,,,,,,,,,,,,,,,,,
VB_Main_Hole,3,,,,,,20,20,16,9.5,269.5,0,,,,,,,,,,,,,,,,,,,,,,,,,
VB_Main_Hole,3,,,,,,20,20,16,9.5,489,0,,,,,,,,,,,,,,,,,,,,,,,,,
Screw_hole,3,,,,,,4,4,20,259.5,150,0,,,,,,,,,,,,,,,,,,,,,,,,,
Screw_hole,3,,,,,,4,4,20,259.5,319.5,0,,,,,,,,,,,,,,,,,,,,,,,,,
Screw_hole,3,,,,,,4,4,20,259.5,489,0,,,,,,,,,,,,,,,,,,,,,,,,,
Screw_hole,3,,,,,,4,4,20,279.5,150,0,,,,,,,,,,,,,,,,,,,,,,,,,
Screw_hole,3,,,,,,4,4,20,279.5,319.5,0,,,,,,,,,,,,,,,,,,,,,,,,,
Screw_hole,3,,,,,,4,4,20,279.5,489,0,,,,,,,,,,,,,,,,,,,,,,,,,
left plank,2,,,,,,20,518,2100,0,0,0,,,,,,,,,,,,,,,,,,,,,,,,,
Screw_hole,3,,,,,,4,4,20,20,50,2090,,,,,,,,,,,,,,,,,,,,,,,,,
Screw_hole,3,,,,,,4,4,20,20,179.5,2090,,,,,,,,,,,,,,,,,,,,,,,,,
Screw_hole,3,,,,,,4,4,20,20,338.5,2090,,,,,,,,,,,,,,,,,,,,,,,,,
Screw_hole,3,,,,,,4,4,20,20,468,2090,,,,,,,,,,,,,,,,,,,,,,,,,
Screw_hole,3,,,,,,4,4,20,20,150,1020,,,,,,,,,,,,,,,,,,,,,,,,,
Screw_hole,3,,,,,,4,4,20,20,338.5,1020,,,,,,,,,,,,,,,,,,,,,,,,,
Screw_hole,3,,,,,,4,4,20,20,468,1020,,,,,,,,,,,,,,,,,,,,,,,,,
Screw_hole,3,,,,,,4,4,20,20,50,120,,,,,,,,,,,,,,,,,,,,,,,,,
Screw_hole,3,,,,,,4,4,20,20,179.5,120,,,,,,,,,,,,,,,,,,,,,,,,,
Screw_hole,3,,,,,,4,4,20,20,338.5,120,,,,,,,,,,,,,,,,,,,,,,,,,
Screw_hole,3,,,,,,4,4,20,20,468,120,,,,,,,,,,,,,,,,,,,,,,,,,
right plank,2,,,,,,20,539,2100,1080,0,0,,,,,,,,,,,,,,,,,,,,,,,,,
Screw_hole,3,,,,,,4,4,20,0,50,2090,,,,,,,,,,,,,,,,,,,,,,,,,
Screw_hole,3,,,,,,4,4,20,0,184.75,2090,,,,,,,,,,,,,,,,,,,,,,,,,
Screw_hole,3,,,,,,4,4,20,0,354.25,2090,,,,,,,,,,,,,,,,,,,,,,,,,
Screw_hole,3,,,,,,4,4,20,0,489,2090,,,,,,,,,,,,,,,,,,,,,,,,,
Screw_hole,3,,,,,,4,4,20,0,150,1020,,,,,,,,,,,,,,,,,,,,,,,,,
Screw_hole,3,,,,,,4,4,20,0,319.5,1020,,,,,,,,,,,,,,,,,,,,,,,,,
Screw_hole,3,,,,,,4,4,20,0,489,1020,,,,,,,,,,,,,,,,,,,,,,,,,
Screw_hole,3,,,,,,4,4,20,0,50,120,,,,,,,,,,,,,,,,,,,,,,,,,
Screw_hole,3,,,,,,4,4,20,0,184.75,120,,,,,,,,,,,,,,,,,,,,,,,,,
Screw_hole,3,,,,,,4,4,20,0,354.25,120,,,,,,,,,,,,,,,,,,,,,,,,,
Screw_hole,3,,,,,,4,4,20,0,489,120,,,,,,,,,,,,,,,,,,,,,,,,,
Back Plank 2,2,,,,,,550,11,1990,550,539,110,,,,,,,,,,,,,,,,,,,,,,,,,
,,,,,,,,,,,,,,,,,,,,,,,,,,,,,,,,,,,,,
Entity Name,level,Material,Room_Name,Unit_Location,Box_Model,Box_Type,F_LenX,F_LenY,F_LenZ,F_X,F_Y,F_Z,Box_width,Box_depth,Box_height,frame_depth,carcass_thickness,door_thickness,top_dummy_wiidth,top_dummy_height,,,dummy,,,,,,,,,,,,,,
Loft 2Door Bottom not exp,1,,Kitchen,East_Wall,Loft,BoxtoWall,900,550,700,,,,900,550,700,90,20,21,900,50,,,50,,,,,,,,,,,,,,
Top plank,2,,,,,,860,90,20,20,21,680,,,,,,,,,,,,,,,,,,,,,,,,,
Right plank,2,,,,,,20,90,700,880,21,0,,,,,,,,,,,,,,,,,,,,,,,,,
Left plank,2,,,,,,20,90,700,0,21,0,,,,,,,,,,,,,,,,,,,,,,,,,
Bottom plank 2,2,,,,,,860,90,20,20,21,0,,,,,,,,,,,,,,,,,,,,,,,,,
top dummy,2,,,,,,900,21,50,0,0,650,,,,,,,,,,,,,,,,,,,,,,,,,
Door 2,2,,,,,,448,21,648,450,0,0,,,,,,,,,,,,,,,,,,,,,,,,,
Hinge_Hole,3,,,,,,35,35,0,424.5,21,100,,,,,,,,,,,,,,,,,,,,,,,,,
Hinge_Hole,3,,,,,,35,35,0,424.5,21,548,,,,,,,,,,,,,,,,,,,,,,,,,
Door 1,2,,,,,,448,21,648,0,0,0,,,,,,,,,,,,,,,,,,,,,,,,,
Hinge_Hole,3,,,,,,35,35,0,23.5,21,100,,,,,,,,,,,,,,,,,,,,,,,,,
Hinge_Hole,3,,,,,,35,35,0,23.5,21,548,,,,,,,,,,,,,,,,,,,,,,,,,
Bottom plank 1,2,,,,,,860,90,20,20,21,20,,,,,,,,,,,,,,,,,,,,,,,,,
Dummy Plank,2,,,,,,50,20,700,900,21,0,,,,,,,,,,,,,,,,,,,,,,,,,
,,,,,,,,,,,,,,,,,,,,,,,,,,,,,,,,,,,,,
Entity Name,level,Material,Room_Name,Unit_Location,Box_Model,Box_Type,F_LenX,F_LenY,F_LenZ,F_X,F_Y,F_Z,Box_width,Box_depth,Box_height,frame_depth,carcass_thickness,door_thickness,top_dummy_wiidth,top_dummy_height,,,dummy,,,,,,,,,,,,,,
Loft 1Door bottom not exp,1,,Kitchen,East_Wall,Loft,BoxtoWall,900,550,700,,,,900,550,700,90,20,21,900,50,,,50,,,,,,,,,,,,,,
Top plank,2,,,,,,860,90,20,20,21,680,,,,,,,,,,,,,,,,,,,,,,,,,
Right plank,2,,,,,,20,90,700,880,21,0,,,,,,,,,,,,,,,,,,,,,,,,,
Left plank,2,,,,,,20,90,700,0,21,0,,,,,,,,,,,,,,,,,,,,,,,,,
Bottom plank 2,2,,,,,,860,90,20,20,21,0,,,,,,,,,,,,,,,,,,,,,,,,,
top dummy,2,,,,,,900,21,50,0,0,650,,,,,,,,,,,,,,,,,,,,,,,,,
Door 1,2,,,,,,898,21,648,0,0,0,,,,,,,,,,,,,,,,,,,,,,,,,
Hinge_Hole,3,,,,,,35,35,0,23.5,21,100,,,,,,,,,,,,,,,,,,,,,,,,,
Hinge_Hole,3,,,,,,35,35,0,23.5,21,548,,,,,,,,,,,,,,,,,,,,,,,,,
Bottom plank 1,2,,,,,,860,90,20,20,21,20,,,,,,,,,,,,,,,,,,,,,,,,,
Dummy Plank,2,,,,,,50,20,700,900,21,0,,,,,,,,,,,,,,,,,,,,,,,,,
,,,,,,,,,,,,,,,,,,,,,,,,,,,,,,,,,,,,,
Entity Name,level,Material,Room_Name,Unit_Location,Box_Model,Box_Type,F_LenX,F_LenY,F_LenZ,F_X,F_Y,F_Z,Box_width,Box_depth,Box_height,frame_depth,,carcass_thickness,door_thickness,top_dummy_wiidth,top_dummy_height,,,,,,,,,,,,,,,,
Loft 1Door Btm not Exp,1,,Kitchen,West_Wall,Simple Box,BoxtoExp,800,550,600,,,,800,550,600,90,,20,21,800,50,,,,,,,,,,,,,,,,
Left Plank,2,,,,,,20,90,600,0,21,0,,,,,,,,,,,,,,,,,,,,,,,,,
Top Plank,2,,,,,,760,90,20,20,21,580,,,,,,,,,,,,,,,,,,,,,,,,,
Right Plank,2,,,,,,20,529,600,780,21,0,,,,,,,,,,,,,,,,,,,,,,,,,
Bottom Plank 1,2,,,,,,760,90,20,20,21,0,,,,,,,,,,,,,,,,,,,,,,,,,
dummy plank,2,,,,,,800,20,50,0,0,550,,,,,,,,,,,,,,,,,,,,,,,,,
Door,2,,,,,,798,21,548,0,0,0,,,,,,,,,,,,,,,,,,,,,,,,,
Hinge_Hole,3,,,,,,35,35,0,23.5,21,100,,,,,,,,,,,,,,,,,,,,,,,,,
Hinge_Hole,3,,,,,,35,35,0,23.5,21,448,,,,,,,,,,,,,,,,,,,,,,,,,
,,,,,,,,,,,,,,,,,,,,,,,,,,,,,,,,,,,,,
Entity Name,level,Material,Room_Name,Unit_Location,Box_Model,Box_Type,LenX,LenY,LenZ,X,Y,Z,Box_width,Box_depth,Box_height,frame_depth,,carcass_thickness,door_thickness,top_dummy_wiidth,top_dummy_height,,,,,,,,,,,,,,,,
2D Loft Btm not Exp,1,,Kitchen,West_Wall,Simple Box,ExptoBox,900,500,600,,,,900,500,600,90,,20,20,900,50,,,,,,,,,,,,,,,,
Left Plank,2,,,,,,20,480,600,0,20,0,,,,,,,,,,,,,,,,,,,,,,,,,
Top Plank,2,,,,,,860,90,20,20,20,580,,,,,,,,,,,,,,,,,,,,,,,,,
Right Plank,2,,,,,,20,90,600,880,20,0,,,,,,,,,,,,,,,,,,,,,,,,,
Bottom Plank 2,2,,,,,,860,90,20,20,20,0,,,,,,,,,,,,,,,,,,,,,,,,,
dummy plank top,2,,,,,,900,20,50,0,0,550,,,,,,,,,,,,,,,,,,,,,,,,,
Door 1,2,,,,,,448,20,548,0,0,0,,,,,,,,,,,,,,,,,,,,,,,,,
Hinge_Hole,3,,,,,,35,35,14,23.5,20,100,,,,,,,,,,,,,,,,,,,,,,,,,
Hinge_Hole,3,,,,,,35,35,14,23.5,20,448,,,,,,,,,,,,,,,,,,,,,,,,,
Door 2,2,,,,,,448,20,548,450,0,0,,,,,,,,,,,,,,,,,,,,,,,,,
Hinge_Hole,3,,,,,,35,35,14,424.5,20,100,,,,,,,,,,,,,,,,,,,,,,,,,
Hinge_Hole,3,,,,,,35,35,14,424.5,20,448,,,,,,,,,,,,,,,,,,,,,,,,,
Bottom Plank1,2,,,,,,860,90,20,20,20,20,,,,,,,,,,,,,,,,,,,,,,,,,
,,,,,,,,,,,,,,,,,,,,,,,,,,,,,,,,,,,,,
Entity Name,level,Material,Room_Name,Unit_Location,Box_Model,Box_Type,LenX,LenY,LenZ,X,Y,Z,Box_width,Box_depth,Box_height,frame_depth,,carcass_thickness,door_thickness,top_dummy_wiidth,top_dummy_height,,,,,,,,,,,,,,,,
2D Loft Btm not Exp,1,,Kitchen,West_Wall,Simple Box,BoxtoExp,900,500,600,,,,900,500,600,90,,20,20,900,50,,,,,,,,,,,,,,,,
Left Plank,2,,,,,,20,90,600,0,20,0,,,,,,,,,,,,,,,,,,,,,,,,,
Top Plank,2,,,,,,860,90,20,20,20,580,,,,,,,,,,,,,,,,,,,,,,,,,
Right Plank,2,,,,,,20,480,600,880,20,0,,,,,,,,,,,,,,,,,,,,,,,,,
Bottom Plank 2,2,,,,,,860,90,20,20,20,0,,,,,,,,,,,,,,,,,,,,,,,,,
dummy plank top,2,,,,,,900,20,50,0,0,550,,,,,,,,,,,,,,,,,,,,,,,,,
Door 1,2,,,,,,448,20,548,0,0,0,,,,,,,,,,,,,,,,,,,,,,,,,
Hinge_Hole,3,,,,,,35,35,14,23.5,20,100,,,,,,,,,,,,,,,,,,,,,,,,,
Hinge_Hole,3,,,,,,35,35,14,23.5,20,448,,,,,,,,,,,,,,,,,,,,,,,,,
Door 2,2,,,,,,448,20,548,450,0,0,,,,,,,,,,,,,,,,,,,,,,,,,
Hinge_Hole,3,,,,,,35,35,14,424.5,20,100,,,,,,,,,,,,,,,,,,,,,,,,,
Hinge_Hole,3,,,,,,35,35,14,424.5,20,448,,,,,,,,,,,,,,,,,,,,,,,,,
Bottom Plank1,2,,,,,,860,90,20,20,20,20,,,,,,,,,,,,,,,,,,,,,,,,,
,,,,,,,,,,,,,,,,,,,,,,,,,,,,,,,,,,,,,
Entity Name,level,Material,Room_Name,Unit_Location,Box_Model,Box_Type,LenX,LenY,LenZ,X,Y,Z,Box_width,Box_depth,Box_height 2,Box_height 1,Skriting,skriting_width,carcass_thickness,door_thickness,backplank_thickness,VB main position,VB double position,screw position,,,,,,,,,,,,,
shoerack ,1,,Shoerack,East_Wall,Simple Box,ExptoExp,1200,500,900,,,,1200,500,900,450,110,1160,20,20,10,50,50,50,,,,,,,,,,,,,
skriting,2,,,,,,1160,20,110,20,20,0,,,,,,,,,,,,,,,,,,,,,,,,,
right plank 1,2,,,,,,20,470,430,380,20,0,,,,,,,,,,,,,,,,,,,,,,,,,
Screw_hole,3,,,,,,4,4,20,0,50,420,,,,,,,,,,,,,,,,,,,,,,,,,
Screw_hole,3,,,,,,4,4,20,0,235,420,,,,,,,,,,,,,,,,,,,,,,,,,
Screw_hole,3,,,,,,4,4,20,0,420,420,,,,,,,,,,,,,,,,,,,,,,,,,
Screw_hole,3,,,,,,4,4,20,0,50,120,,,,,,,,,,,,,,,,,,,,,,,,,
Screw_hole,3,,,,,,4,4,20,0,235,120,,,,,,,,,,,,,,,,,,,,,,,,,
Screw_hole,3,,,,,,4,4,20,0,420,120,,,,,,,,,,,,,,,,,,,,,,,,,
left palnk 1,2,,,,,,20,482,430,0,20,0,,,,,,,,,,,,,,,,,,,,,,,,,
VB_Double_hole,3,,,,,,5,5,11,20,50,419,,,,,,,,,,,,,,,,,,,,,,,,,
VB_Double_hole,3,,,,,,5,5,11,20,420,419,,,,,,,,,,,,,,,,,,,,,,,,,
slot groove,3,,,,,,10,10,325,20,470,105,,,,,,,,,,,,,,,,,,,,,,,,,
Door 1,2,,,,,,398,20,318,0,0,110,,,,,,,,,,,,,,,,,,,,,,,,,
Hinge_Hole,3,,,,,,35,35,14,23.5,20,80,,,,,,,,,,,,,,,,,,,,,,,,,
Hinge_Hole,3,,,,,,35,35,14,23.5,20,238,,,,,,,,,,,,,,,,,,,,,,,,,
bottom plank 1,2,,,,,,360,470,20,3,20,110,,,,,,,,,,,,,,,,,,,,,,,,,
back plank 2,2,,,,,,780,10,770,410,490,110,,,,,,,,,,,,,,,,,,,,,,,,,
left plank 2,2,,,,,,20,482,880,400,20,0,,,,,,,,,,,,,,,,,,,,,,,,,
VB_Double_hole,3,,,,,,5,5,11,20,50,869,,,,,,,,,,,,,,,,,,,,,,,,,
VB_Double_hole,3,,,,,,5,5,11,20,235,869,,,,,,,,,,,,,,,,,,,,,,,,,
VB_Double_hole,3,,,,,,5,5,11,20,420,869,,,,,,,,,,,,,,,,,,,,,,,,,
slot groove,3,,,,,,10,10,775,20,470,105,,,,,,,,,,,,,,,,,,,,,,,,,
right plank 2,2,,,,,,20,482,880,1180,20,0,,,,,,,,,,,,,,,,,,,,,,,,,
VB_Double_hole,3,,,,,,5,5,11,0,50,869,,,,,,,,,,,,,,,,,,,,,,,,,
VB_Double_hole,3,,,,,,5,5,11,0,235,869,,,,,,,,,,,,,,,,,,,,,,,,,
VB_Double_hole,3,,,,,,5,5,11,0,420,869,,,,,,,,,,,,,,,,,,,,,,,,,
slot groove,3,,,,,,10,10,775,0,480,105,,,,,,,,,,,,,,,,,,,,,,,,,
Door 3,2,,,,,,398,20,768,800,0,110,,,,,,,,,,,,,,,,,,,,,,,,,
Hinge_Hole,3,,,,,,35,35,14,374.5,20,100,,,,,,,,,,,,,,,,,,,,,,,,,
Hinge_Hole,3,,,,,,35,35,14,374.5,20,384,,,,,,,,,,,,,,,,,,,,,,,,,
Hinge_Hole,3,,,,,,35,35,14,374.5,20,668,,,,,,,,,,,,,,,,,,,,,,,,,
back plank 1,2,,,,,,390,10,320,10,490,110,,,,,,,,,,,,,,,,,,,,,,,,,
Door 2,2,,,,,,398,20,768,400,0,110,,,,,,,,,,,,,,,,,,,,,,,,,
Hinge_Hole,3,,,,,,35,35,14,23.5,20,100,,,,,,,,,,,,,,,,,,,,,,,,,
Hinge_Hole,3,,,,,,35,35,14,23.5,20,384,,,,,,,,,,,,,,,,,,,,,,,,,
Hinge_Hole,3,,,,,,35,35,14,23.5,20,668,,,,,,,,,,,,,,,,,,,,,,,,,
top plank 2,2,,,,,,760,470,20,420,20,860,,,,,,,,,,,,,,,,,,,,,,,,,
VB_Main_Hole,3,,,,,,20,20,16,9.5,50,0,,,,,,,,,,,,,,,,,,,,,,,,,
VB_Main_Hole,3,,,,,,20,20,16,9.5,235,0,,,,,,,,,,,,,,,,,,,,,,,,,
VB_Main_Hole,3,,,,,,20,20,16,9.5,420,0,,,,,,,,,,,,,,,,,,,,,,,,,
VB_Main_Hole,3,,,,,,20,20,16,750.5,50,0,,,,,,,,,,,,,,,,,,,,,,,,,
VB_Main_Hole,3,,,,,,20,20,16,750.5,235,0,,,,,,,,,,,,,,,,,,,,,,,,,
VB_Main_Hole,3,,,,,,20,20,16,750.5,420,0,,,,,,,,,,,,,,,,,,,,,,,,,
shelf plank 2,2,,,,,,760,450,20,420,40,660,,,,,,,,,,,,,,,,,,,,,,,,,
bottom plank 2,2,,,,,,760,470,20,420,20,110,,,,,,,,,,,,,,,,,,,,,,,,,
top plank 1,2,,,,,,360,470,20,20,20,410,,,,,,,,,,,,,,,,,,,,,,,,,
VB_Main_Hole,3,,,,,,20,20,16,9.5,50,0,,,,,,,,,,,,,,,,,,,,,,,,,
VB_Main_Hole,3,,,,,,20,20,16,9.5,420,0,,,,,,,,,,,,,,,,,,,,,,,,,
shelf plank1,2,,,,,,360,450,20,20,40,260,,,,,,,,,,,,,,,,,,,,,,,,,
shelf plank 3,2,,,,,,760,450,20,420,40,485,,,,,,,,,,,,,,,,,,,,,,,,,
shelf plank 4,2,,,,,,760,450,20,420,40,302.5,,,,,,,,,,,,,,,,,,,,,,,,,
top plank exposed 2,2,,,,,,800,500,20,400,0,880,,,,,,,,,,,,,,,,,,,,,,,,,
top plank exposed 1,2,,,,,,400,500,20,0,0,430,,,,,,,,,,,,,,,,,,,,,,,,,
,,,,,,,,,,,,,,,,,,,,,,,,,,,,,,,,,,,,,
Entity Name,level,Material,Room_Name,Unit_Location,Box_Model,Box_Type,LenX,LenY,LenZ,X,Y,Z,Box_width,Box_depth,Box_height,Skriting,skriting_width,carcass_thickness,door_thickness,backplank_thickness,draw_height,dummy,VB main position,VB double position,screw position,,,,,,,,,,,,
study table 2,1,,Kitchen,East_Wall,Simple Box,BoxtoExp,,,,,,,450,600,750,110,430,20,20,10,150,30,50,50,50,,,,,,,,,,,,
bottom plank,2,,,,,,410,570,20,50,20,110,,,,,,,,,,,,,,,,,,,,,,,,,
shelf plank 2,2,,,,,,410,550,20,20,40,355,,,,,,,,,,,,,,,,,,,,,,,,,
back plank study table,2,,,,,,440,10,640,30,590,110,,,,,,,,,,,,,,,,,,,,,,,,,
skriting study table,2,,,,,,430,20,110,0,20,0,,,,,,,,,,,,,,,,,,,,,,,,,
dummy study table,2,,,,,,30,20,640,0,20,110,,,,,,,,,,,,,,,,,,,,,,,,,
top plank,2,,,,,,410,570,20,50,20,730,,,,,,,,,,,,,,,,,,,,,,,,,
left plank,2,,,,,,20,570,640,30,20,110,,,,,,,,,,,,,,,,,,,,,,,,,
Screw_hole,3,,,,,,4,4,20,20,50,630,,,,,,,,,,,,,,,,,,,,,,,,,
Screw_hole,3,,,,,,4,4,20,20,285,630,,,,,,,,,,,,,,,,,,,,,,,,,
Screw_hole,3,,,,,,4,4,20,20,520,630,,,,,,,,,,,,,,,,,,,,,,,,,
Screw_hole,3,,,,,,4,4,20,20,50,490,,,,,,,,,,,,,,,,,,,,,,,,,
Screw_hole,3,,,,,,4,4,20,20,285,490,,,,,,,,,,,,,,,,,,,,,,,,,
Screw_hole,3,,,,,,4,4,20,20,520,490,,,,,,,,,,,,,,,,,,,,,,,,,
Screw_hole,3,,,,,,4,4,20,20,50,10,,,,,,,,,,,,,,,,,,,,,,,,,
Screw_hole,3,,,,,,4,4,20,20,285,10,,,,,,,,,,,,,,,,,,,,,,,,,
Screw_hole,3,,,,,,4,4,20,20,520,10,,,,,,,,,,,,,,,,,,,,,,,,,
right plank,2,,,,,,20,582,750,430,20,0,,,,,,,,,,,,,,,,,,,,,,,,,
slot groove,3,,,,,,10,10,645,0,580,105,,,,,,,,,,,,,,,,,,,,,,,,,
VB_Double_hole,3,,,,,,5,5,11,0,50,601,,,,,,,,,,,,,,,,,,,,,,,,,
VB_Double_hole,3,,,,,,5,5,11,0,285,601,,,,,,,,,,,,,,,,,,,,,,,,,
VB_Double_hole,3,,,,,,5,5,11,0,520,601,,,,,,,,,,,,,,,,,,,,,,,,,
Door,2,,,,,,448,20,488,30,0,110,,,,,,,,,,,,,,,,,,,,,,,,,
Hinge_Hole,3,,,,,,35,35,14,23.5,20,80,,,,,,,,,,,,,,,,,,,,,,,,,
Hinge_Hole,3,,,,,,35,35,14,23.5,20,408,,,,,,,,,,,,,,,,,,,,,,,,,
fixed_plank,2,,,,,,410,570,20,50,20,590,,,,,,,,,,,,,,,,,,,,,,,,,
VB_Main_Hole,3,,,,,,20,20,16,400.5,50,0,,,,,,,,,,,,,,,,,,,,,,,,,
VB_Main_Hole,3,,,,,,20,20,16,400.5,285,0,,,,,,,,,,,,,,,,,,,,,,,,,
VB_Main_Hole,3,,,,,,20,20,16,400.5,520,0,,,,,,,,,,,,,,,,,,,,,,,,,
,,,,,,,,,,,,,,,,,,,,,,,,,,,,,,,,,,,,,
Entity Name,level,Material,Room_Name,Unit_Location,Box_Model,Box_Type,LenX,LenY,LenZ,X,Y,Z,Box_width,Box_depth,Box_height,carcass_thickness,backplank_thickness,VB main position,screw position,,,,,,,,,,,,,,,,,,
open unit btm exp,1,,Kitchen,East_Wall,Simple Box,BoxtoBox,450,300,300,,,,450,300,300,20,10,50,50,,,,,,,,,,,,,,,,,,
top plank,2,,,,,,410,290,20,20,0,280,,,,,,,,,,,,,,,,,,,,,,,,,
back plank,2,,,,,,450,10,290,0,290,10,,,,,,,,,,,,,,,,,,,,,,,,,
right plank,2,,,,,,20,290,280,430,0,20,,,,,,,,,,,,,,,,,,,,,,,,,
Screw_hole,3,,,,,,4,4,20,0,50,270,,,,,,,,,,,,,,,,,,,,,,,,,
Screw_hole,3,,,,,,4,4,20,0,145,270,,,,,,,,,,,,,,,,,,,,,,,,,
Screw_hole,3,,,,,,4,4,20,0,240,270,,,,,,,,,,,,,,,,,,,,,,,,,
VB_Main_Hole,3,,,,,,16,20,0,0,50,9.5,,,,,,,,,,,,,,,,,,,,,,,,,
VB_Main_Hole,3,,,,,,16,20,20,0,240,9.5,,,,,,,,,,,,,,,,,,,,,,,,,
left plank,2,,,,,,20,290,280,0,0,20,,,,,,,,,,,,,,,,,,,,,,,,,
Screw_hole,3,,,,,,4,4,20,20,50,270,,,,,,,,,,,,,,,,,,,,,,,,,
Screw_hole,3,,,,,,4,4,20,20,145,270,,,,,,,,,,,,,,,,,,,,,,,,,
Screw_hole,3,,,,,,4,4,20,20,240,270,,,,,,,,,,,,,,,,,,,,,,,,,
VB_Main_Hole,3,,,,,,16,20,20,20,50,9.5,,,,,,,,,,,,,,,,,,,,,,,,,
VB_Main_Hole,3,,,,,,16,20,20,20,240,9.5,,,,,,,,,,,,,,,,,,,,,,,,,
bottom plank,2,,,,,,450,302,20,0,0,0,,,,,,,,,,,,,,,,,,,,,,,,,
VB_Double_Hole,3,,,,,,5,5,11,11,50,50,,,,,,,,,,,,,,,,,,,,,,,,,
VB_Double_Hole,3,,,,,,5,5,11,11,240,20,,,,,,,,,,,,,,,,,,,,,,,,,
slot groove,3,,,,,,450,10,10,0,300,20,,,,,,,,,,,,,,,,,,,,,,,,,
VB_Double_Hole,3,,,,,,5,5,11,439,240,20,,,,,,,,,,,,,,,,,,,,,,,,,
VB_Double_Hole,3,,,,,,5,5,11,439,240,20,,,,,,,,,,,,,,,,,,,,,,,,,
,,,,,,,,,,,,,,,,,,,,,,,,,,,,,,,,,,,,,
Entity Name,level,Material,Room_Name,Unit_Location,Box_Model,Box_Type,LenX,LenY,LenZ,X,Y,Z,Box_width,Box_depth,Box_height,carcass_thickness,backplank_thickness,VB main position,screw position,,,,,,,,,,,,,,,,,,
open unit btm exp (exptoexp),1,,Kitchen,East_Wall,Simple Box,ExptoExp,450,300,300,,,,450,300,300,20,10,50,50,,,,,,,,,,,,,,,,,,
bottom plank,2,,,,,,410,302,20,20,0,0,,,,,,,,,,,,,,,,,,,,,,,,,
slot groove,3,,,,,,410,10,10,0,300,20,,,,,,,,,,,,,,,,,,,,,,,,,
VB_Main_Hole,3,,,,,,20,20,16,9.5,50,20,,,,,,,,,,,,,,,,,,,,,,,,,
VB_Main_Hole,3,,,,,,20,20,16,9.5,240,20,,,,,,,,,,,,,,,,,,,,,,,,,
VB_Main_Hole,3,,,,,,20,20,16,400.5,50,20,,,,,,,,,,,,,,,,,,,,,,,,,
VB_Main_Hole,3,,,,,,20,20,16,400.5,240,20,,,,,,,,,,,,,,,,,,,,,,,,,
back plank,2,,,,,,430,10,290,10,290,10,,,,,,,,,,,,,,,,,,,,,,,,,
left plank,2,,,,,,20,302,300,0,0,0,,,,,,,,,,,,,,,,,,,,,,,,,
slot groove,3,,,,,,10,10,295,20,290,5,,,,,,,,,,,,,,,,,,,,,,,,,
VB_Double_hole,3,,,,,,5,5,11,20,50,289,,,,,,,,,,,,,,,,,,,,,,,,,
VB_Double_hole,3,,,,,,5,5,11,20,240,289,,,,,,,,,,,,,,,,,,,,,,,,,
VB_Double_hole,3,,,,,,5,5,11,20,50,11,,,,,,,,,,,,,,,,,,,,,,,,,
VB_Double_hole,3,,,,,,5,5,11,20,240,11,,,,,,,,,,,,,,,,,,,,,,,,,
right plank,2,,,,,,20,302,300,430,0,0,,,,,,,,,,,,,,,,,,,,,,,,,
slot groove,3,,,,,,10,10,295,0,300,5,,,,,,,,,,,,,,,,,,,,,,,,,
VB_Double_hole,3,,,,,,5,5,11,0,50,289,,,,,,,,,,,,,,,,,,,,,,,,,
VB_Double_hole,3,,,,,,5,5,11,0,240,289,,,,,,,,,,,,,,,,,,,,,,,,,
VB_Double_hole,3,,,,,,5,5,11,0,50,11,,,,,,,,,,,,,,,,,,,,,,,,,
VB_Double_hole,3,,,,,,5,5,11,0,240,11,,,,,,,,,,,,,,,,,,,,,,,,,
top plank,2,,,,,,410,290,20,20,0,280,,,,,,,,,,,,,,,,,,,,,,,,,
VB_Main_Hole,3,,,,,,20,20,16,9.5,50,0,,,,,,,,,,,,,,,,,,,,,,,,,
VB_Main_Hole,3,,,,,,20,20,16,9.5,240,0,,,,,,,,,,,,,,,,,,,,,,,,,
VB_Main_Hole,3,,,,,,20,20,16,400.5,50,0,,,,,,,,,,,,,,,,,,,,,,,,,
VB_Main_Hole,3,,,,,,20,20,16,400.5,240,0,,,,,,,,,,,,,,,,,,,,,,,,,
,,,,,,,,,,,,,,,,,,,,,,,,,,,,,,,,,,,,,
Entity Name,level,Material,Room_Name,Unit_Location,Box_Model,Box_Type,LenX,LenY,LenZ,X,Y,Z,Box_width,Box_depth,Box_height,carcass_thickness,backplank_thickness,VB main position,screw position,,,,,,,,,,,,,,,,,,
open unit btm exp (boxtoexp),1,,Kitchen,East_Wall,Simple Box,BoxtoExp,450,300,300,,,,450,300,300,20,10,50,50,,,,,,,,,,,,,,,,,,
bottom plank,2,,,,,,430,302,20,0,0,0,,,,,,,,,,,,,,,,,,,,,,,,,
slot groove,3,,,,,,430,10,10,0,300,20,,,,,,,,,,,,,,,,,,,,,,,,,
VB_Double_Hole,3,,,,,,5,5,11,11,50,20,,,,,,,,,,,,,,,,,,,,,,,,,
VB_Double_Hole,3,,,,,,5,5,11,11,240,20,,,,,,,,,,,,,,,,,,,,,,,,,
VB_Main_Hole,3,,,,,,20,20,16,420.5,50,20,,,,,,,,,,,,,,,,,,,,,,,,,
VB_Main_Hole,3,,,,,,20,20,16,420.5,240,20,,,,,,,,,,,,,,,,,,,,,,,,,
back plank,2,,,,,,440,10,290,0,290,10,,,,,,,,,,,,,,,,,,,,,,,,,
left plank,2,,,,,,20,290,280,0,0,0,,,,,,,,,,,,,,,,,,,,,,,,,
Screw_hole,3,,,,,,4,4,20,20,50,270,,,,,,,,,,,,,,,,,,,,,,,,,
Screw_hole,3,,,,,,4,4,20,20,145,270,,,,,,,,,,,,,,,,,,,,,,,,,
Screw_hole,3,,,,,,4,4,20,20,240,270,,,,,,,,,,,,,,,,,,,,,,,,,
VB_Main_Hole,3,,,,,,16,20,20,20,50,9.5,,,,,,,,,,,,,,,,,,,,,,,,,
VB_Main_Hole,3,,,,,,16,20,20,20,240,9.5,,,,,,,,,,,,,,,,,,,,,,,,,
right plank,2,,,,,,20,302,300,430,0,0,,,,,,,,,,,,,,,,,,,,,,,,,
slot groove,3,,,,,,10,10,295,0,300,5,,,,,,,,,,,,,,,,,,,,,,,,,
VB_Double_hole,3,,,,,,5,5,11,0,50,289,,,,,,,,,,,,,,,,,,,,,,,,,
VB_Double_hole,3,,,,,,5,5,11,0,240,289,,,,,,,,,,,,,,,,,,,,,,,,,
VB_Double_hole,3,,,,,,5,5,11,0,50,11,,,,,,,,,,,,,,,,,,,,,,,,,
VB_Double_hole,3,,,,,,5,5,11,0,240,11,,,,,,,,,,,,,,,,,,,,,,,,,
top plank,2,,,,,,410,290,20,20,0,280,,,,,,,,,,,,,,,,,,,,,,,,,
VB_Main_Hole,3,,,,,,20,20,16,400.5,50,0,,,,,,,,,,,,,,,,,,,,,,,,,
VB_Main_Hole,3,,,,,,20,20,16,400.5,240,0,,,,,,,,,,,,,,,,,,,,,,,,,
,,,,,,,,,,,,,,,,,,,,,,,,,,,,,,,,,,,,,
Entity Name,level,Material,Room_Name,Unit_Location,Box_Model,Box_Type,LenX,LenY,LenZ,X,Y,Z,Box_width,Box_depth,Box_height,carcass_thickness,backplank_thickness,VB main position,screw position,,,,,,,,,,,,,,,,,,
open unit btm exp (exptobox),1,,Kitchen,East_Wall,Simple Box,ExptoBox,450,300,300,,,,450,300,300,20,10,50,50,,,,,,,,,,,,,,,,,,
bottom plank,2,,,,,,430,302,20,20,0,0,,,,,,,,,,,,,,,,,,,,,,,,,
slot groove,3,,,,,,430,10,10,0,300,20,,,,,,,,,,,,,,,,,,,,,,,,,
VB_Main_Hole,3,,,,,,20,20,16,9.5,50,20,,,,,,,,,,,,,,,,,,,,,,,,,
VB_Main_Hole,3,,,,,,20,20,16,9.5,240,20,,,,,,,,,,,,,,,,,,,,,,,,,
VB_Double_Hole,3,,,,,,5,5,11,419,50,20,,,,,,,,,,,,,,,,,,,,,,,,,
VB_Double_Hole,3,,,,,,5,5,11,419,240,20,,,,,,,,,,,,,,,,,,,,,,,,,
back plank,2,,,,,,440,10,290,10,290,10,,,,,,,,,,,,,,,,,,,,,,,,,
left plank,2,,,,,,20,302,300,0,0,0,,,,,,,,,,,,,,,,,,,,,,,,,
slot groove,3,,,,,,10,10,295,20,290,5,,,,,,,,,,,,,,,,,,,,,,,,,
VB_Double_hole,3,,,,,,5,5,11,20,50,289,,,,,,,,,,,,,,,,,,,,,,,,,
VB_Double_hole,3,,,,,,5,5,11,20,240,289,,,,,,,,,,,,,,,,,,,,,,,,,
VB_Double_hole,3,,,,,,5,5,11,20,50,11,,,,,,,,,,,,,,,,,,,,,,,,,
VB_Double_hole,3,,,,,,5,5,11,20,240,11,,,,,,,,,,,,,,,,,,,,,,,,,
right plank,2,,,,,,20,290,280,430,0,0,,,,,,,,,,,,,,,,,,,,,,,,,
Screw_hole,3,,,,,,4,4,20,0,50,270,,,,,,,,,,,,,,,,,,,,,,,,,
Screw_hole,3,,,,,,4,4,20,0,145,270,,,,,,,,,,,,,,,,,,,,,,,,,
Screw_hole,3,,,,,,4,4,20,0,240,270,,,,,,,,,,,,,,,,,,,,,,,,,
VB_Main_Hole,3,,,,,,16,20,20,0,50,9.5,,,,,,,,,,,,,,,,,,,,,,,,,
VB_Main_Hole,3,,,,,,16,20,20,0,240,9.5,,,,,,,,,,,,,,,,,,,,,,,,,
top plank,2,,,,,,410,290,20,20,0,280,,,,,,,,,,,,,,,,,,,,,,,,,
VB_Main_Hole,3,,,,,,20,20,16,9.5,50,0,,,,,,,,,,,,,,,,,,,,,,,,,
VB_Main_Hole,3,,,,,,20,20,16,9.5,240,0,,,,,,,,,,,,,,,,,,,,,,,,,
,,,,,,,,,,,,,,,,,,,,,,,,,,,,,,,,,,,,,
Entity Name,level,Material,Room_Name,Unit_Location,Box_Model,Box_Type,LenX,LenY,LenZ,X,Y,Z,Box_width,Box_depth,Box_height,Skriting,skriting_width,carcass_thickness,door_thickness,backplank_thickness,Shelf plank Height,Draw Height,Draw Dummy,channel depth,VB main position,screw position,,,,,,,,,,,
Open_Wardrobe BoxtoExp,1,,LivingRoom,East_Wall,Simple Box,BoxtoExp,,,,,,,1200,600,2100,110,1160,20,21,10,1010,150,30,500,50,50,,,,,,,,,,,
Skriting,2,,,,,,1160,20,110,0,21,0,,,,,,,,,,,,,,,,,,,,,,,,,
Back Panel,2,,,,,,1190,10,1990,0,590,110,,,,,,,,,,,,,,,,,,,,,,,,,
Bottom Plank,2,,,,,,1160,569,20,20,21,110,,,,,,,,,,,,,,,,,,,,,,,,,
Shelf plank H Fixed,2,,,,,,1160,549,20,20,41,1010,,,,,,,,,,,,,,,,,,,,,,,,,
maindummy Plank 1,2,,,,,,20,549,150,50,61,860,,,,,,,,,,,,,,,,,,,,,,,,,
Drawdummy Plank 1,2,,,,,,30,20,150,20,61,860,,,,,,,,,,,,,,,,,,,,,,,,,
drawfront Plank R,2,,,,,,444,20,80,653,61,860,,,,,,,,,,,,,,,,,,,,,,,,,
Drawleft Plank L,2,,,,,,20,500,100,83,61,870,,,,,,,,,,,,,,,,,,,,,,,,,
Screw_hole,3,,,,,,4,4,20,20,10,50,,,,,,,,,,,,,,,,,,,,,,,,,
Screw_hole,3,,,,,,4,4,20,20,10,30,,,,,,,,,,,,,,,,,,,,,,,,,
Screw_hole,3,,,,,,4,4,20,20,490,50,,,,,,,,,,,,,,,,,,,,,,,,,
Screw_hole,3,,,,,,4,4,20,20,490,30,,,,,,,,,,,,,,,,,,,,,,,,,
drawfacia Plank R,2,,,,,,548,20,148,600,41,860,,,,,,,,,,,,,,,,,,,,,,,,,
Drawfront Plank L,2,,,,,,444,20,80,103,61,870,,,,,,,,,,,,,,,,,,,,,,,,,
bottom D Plank R,2,,,,,,484,500,10,633,61,860,,,,,,,,,,,,,,,,,,,,,,,,,
bottom D Plank L,2,,,,,,484,500,10,83,61,860,,,,,,,,,,,,,,,,,,,,,,,,,
Drawback Plank L,2,,,,,,444,20,100,103,541,870,,,,,,,,,,,,,,,,,,,,,,,,,
drawright Plank R,2,,,,,,20,500,100,1097,61,870,,,,,,,,,,,,,,,,,,,,,,,,,
Screw_hole,3,,,,,,4,4,20,0,10,50,,,,,,,,,,,,,,,,,,,,,,,,,
Screw_hole,3,,,,,,4,4,20,0,10,30,,,,,,,,,,,,,,,,,,,,,,,,,
Screw_hole,3,,,,,,4,4,20,0,490,50,,,,,,,,,,,,,,,,,,,,,,,,,
Screw_hole,3,,,,,,4,4,20,0,490,30,,,,,,,,,,,,,,,,,,,,,,,,,
drawleft Plank R,2,,,,,,20,500,100,633,61,870,,,,,,,,,,,,,,,,,,,,,,,,,
Screw_hole,3,,,,,,4,4,20,20,10,50,,,,,,,,,,,,,,,,,,,,,,,,,
Screw_hole,3,,,,,,4,4,20,20,10,30,,,,,,,,,,,,,,,,,,,,,,,,,
Screw_hole,3,,,,,,4,4,20,20,490,50,,,,,,,,,,,,,,,,,,,,,,,,,
Screw_hole,3,,,,,,4,4,20,20,490,30,,,,,,,,,,,,,,,,,,,,,,,,,
Drawright Plank L,2,,,,,,20,500,100,547,61,870,,,,,,,,,,,,,,,,,,,,,,,,,
Screw_hole,3,,,,,,4,4,20,20,10,50,,,,,,,,,,,,,,,,,,,,,,,,,
Screw_hole,3,,,,,,4,4,20,20,10,30,,,,,,,,,,,,,,,,,,,,,,,,,
Screw_hole,3,,,,,,4,4,20,20,490,50,,,,,,,,,,,,,,,,,,,,,,,,,
Screw_hole,3,,,,,,4,4,20,20,490,30,,,,,,,,,,,,,,,,,,,,,,,,,
Drawfacia Plank L,2,,,,,,548,20,148,50,41,860,,,,,,,,,,,,,,,,,,,,,,,,,
Drawdummy Plank 2,2,,,,,,30,20,150,20,570,860,,,,,,,,,,,,,,,,,,,,,,,,,
mainndummy Plank 2,2,,,,,,20,529,150,580,61,860,,,,,,,,,,,,,,,,,,,,,,,,,
maindummy Plank 3,2,,,,,,20,529,150,600,61,860,,,,,,,,,,,,,,,,,,,,,,,,,
maindummy Plank 4,2,,,,,,20,529,150,1130,61,860,,,,,,,,,,,,,,,,,,,,,,,,,
Drawdummy Plank 3,2,,,,,,30,20,150,1150,61,860,,,,,,,,,,,,,,,,,,,,,,,,,
Drawdummy Plank 4,2,,,,,,30,20,150,1150,570,860,,,,,,,,,,,,,,,,,,,,,,,,,
Shelf plank 3,2,,,,,,1160,549,20,20,41,465,,,,,,,,,,,,,,,,,,,,,,,,,
Shelf V Plank,2,,,,,,20,549,1050,590,41,1030,,,,,,,,,,,,,,,,,,,,,,,,,
top_plank,2,,,,,,1160,569,20,20,21,2080,,,,,,,,,,,,,,,,,,,,,,,,,
VB_Main_Hole,3,,,,,,20,20,16,1150.5,50,0,,,,,,,,,,,,,,,,,,,,,,,,,
VB_Main_Hole,3,,,,,,20,20,16,1150.5,284.5,0,,,,,,,,,,,,,,,,,,,,,,,,,
VB_Main_Hole,3,,,,,,20,20,16,1150.5,519,0,,,,,,,,,,,,,,,,,,,,,,,,,
left plank,2,,,,,,20,569,2100,0,21,0,,,,,,,,,,,,,,,,,,,,,,,,,
Screw_hole,3,,,,,,4,4,20,20,50,2090,,,,,,,,,,,,,,,,,,,,,,,,,
Screw_hole,3,,,,,,4,4,20,20,192.25,2090,,,,,,,,,,,,,,,,,,,,,,,,,
Screw_hole,3,,,,,,4,4,20,20,376.75,2090,,,,,,,,,,,,,,,,,,,,,,,,,
Screw_hole,3,,,,,,4,4,20,20,519,2090,,,,,,,,,,,,,,,,,,,,,,,,,
Screw_hole,3,,,,,,4,4,20,20,50,1000,,,,,,,,,,,,,,,,,,,,,,,,,
Screw_hole,3,,,,,,4,4,20,20,192.25,1000,,,,,,,,,,,,,,,,,,,,,,,,,
Screw_hole,3,,,,,,4,4,20,20,376.75,1000,,,,,,,,,,,,,,,,,,,,,,,,,
Screw_hole,3,,,,,,4,4,20,20,519,1000,,,,,,,,,,,,,,,,,,,,,,,,,
Screw_hole,3,,,,,,4,4,20,20,50,120,,,,,,,,,,,,,,,,,,,,,,,,,
Screw_hole,3,,,,,,4,4,20,20,192.25,120,,,,,,,,,,,,,,,,,,,,,,,,,
Screw_hole,3,,,,,,4,4,20,20,376.75,120,,,,,,,,,,,,,,,,,,,,,,,,,
Screw_hole,3,,,,,,4,4,20,20,519,120,,,,,,,,,,,,,,,,,,,,,,,,,
right plank,2,,,,,,20,581,2100,1180,21,0,,,,,,,,,,,,,,,,,,,,,,,,,
VB_Double_hole,3,,,,,,5,5,11,0,50,2089,,,,,,,,,,,,,,,,,,,,,,,,,
VB_Double_hole,3,,,,,,5,5,11,0,284.5,2089,,,,,,,,,,,,,,,,,,,,,,,,,
VB_Double_hole,3,,,,,,5,5,11,0,519,2089,,,,,,,,,,,,,,,,,,,,,,,,,
slot groove,3,,,,,,10,10,1995,0,579,105,,,,,,,,,,,,,,,,,,,,,,,,,
Door 1,2,,,,,,598,21,1988,0,0,110,,,,,,,,,,,,,,,,,,,,,,,,,
Hinge_Hole,3,,,,,,35,35,14,23.5,21,100,,,,,,,,,,,,,,,,,,,,,,,,,
Hinge_Hole,3,,,,,,35,35,14,23.5,21,697,,,,,,,,,,,,,,,,,,,,,,,,,
Hinge_Hole,3,,,,,,35,35,14,23.5,21,1291,,,,,,,,,,,,,,,,,,,,,,,,,
Hinge_Hole,3,,,,,,35,35,14,23.5,21,1888,,,,,,,,,,,,,,,,,,,,,,,,,
Door 2,2,,,,,,598,21,1988,600,0,110,,,,,,,,,,,,,,,,,,,,,,,,,
Hinge_Hole,3,,,,,,35,35,14,574.5,21,100,,,,,,,,,,,,,,,,,,,,,,,,,
Hinge_Hole,3,,,,,,35,35,14,574.5,21,697,,,,,,,,,,,,,,,,,,,,,,,,,
Hinge_Hole,3,,,,,,35,35,14,574.5,21,1291,,,,,,,,,,,,,,,,,,,,,,,,,
Hinge_Hole,3,,,,,,35,35,14,574.5,21,1888,,,,,,,,,,,,,,,,,,,,,,,,,
,,,,,,,,,,,,,,,,,,,,,,,,,,,,,,,,,,,,,
Entity Name,level,Material,Room_Name,Unit_Location,Box_Model,Box_Type,LenX,LenY,LenZ,X,Y,Z,Box_width,Box_depth,Box_height,Skriting,skriting_width,carcass_thickness,door_thickness,backplank_thickness,Draw Height,Draw Dummy,Wall Dummy,Shelf plank Height,channel depth,screw position,,,,,,,,,,,
Open_Wardrobe BoxtoWall,1,,MasterBedroom,East_Wall,Openable WR,BoxtoWall,1200,600,2100,,,,1200,600,2100,110,1230,20,21,10,150,30,50,1010,500,50,,,,,,,,,,,
skriting,2,,,,,,1230,20,110,0,21,0,,,,,,,,,,,,,,,,,,,,,,,,,
back plank,2,,,,,,1200,10,1990,0,590,110,,,,,,,,,,,,,,,,,,,,,,,,,
bottom plank,2,,,,,,1160,569,20,20,21,110,,,,,,,,,,,,,,,,,,,,,,,,,
top plank,2,,,,,,1160,569,20,20,21,2080,,,,,,,,,,,,,,,,,,,,,,,,,
Shelf plank H 1,2,,,,,,1160,549,20,20,41,495,,,,,,,,,,,,,,,,,,,,,,,,,
maindummy plank 1,2,,,,,,20,529,150,50,61,860,,,,,,,,,,,,,,,,,,,,,,,,,
drawdummy Plank 1,2,,,,,,30,20,150,20,61,860,,,,,,,,,,,,,,,,,,,,,,,,,
drawfront plank R,2,,,,,,444,20,80,653,61,870,,,,,,,,,,,,,,,,,,,,,,,,,
drawback Plank R,2,,,,,,444,20,100,653,541,870,,,,,,,,,,,,,,,,,,,,,,,,,
drawfacia plank R,2,,,,,,548,20,148,600,41,860,,,,,,,,,,,,,,,,,,,,,,,,,
bottom D plank R,2,,,,,,484,500,10,633,61,860,,,,,,,,,,,,,,,,,,,,,,,,,
drawright plank R,2,,,,,,20,500,100,1097,61,870,,,,,,,,,,,,,,,,,,,,,,,,,
Screw_hole,3,,,,,,4,4,20,0,10,50,,,,,,,,,,,,,,,,,,,,,,,,,
Screw_hole,3,,,,,,4,4,20,0,10,30,,,,,,,,,,,,,,,,,,,,,,,,,
Screw_hole,3,,,,,,4,4,20,0,490,50,,,,,,,,,,,,,,,,,,,,,,,,,
Screw_hole,3,,,,,,4,4,20,0,490,30,,,,,,,,,,,,,,,,,,,,,,,,,
drawleft plank R,2,,,,,,20,500,100,633,61,870,,,,,,,,,,,,,,,,,,,,,,,,,
Screw_hole,3,,,,,,4,4,20,20,10,50,,,,,,,,,,,,,,,,,,,,,,,,,
Screw_hole,3,,,,,,4,4,20,20,10,30,,,,,,,,,,,,,,,,,,,,,,,,,
Screw_hole,3,,,,,,4,4,20,20,490,50,,,,,,,,,,,,,,,,,,,,,,,,,
Screw_hole,3,,,,,,4,4,20,20,490,30,,,,,,,,,,,,,,,,,,,,,,,,,
drawdummy plank 2,2,,,,,,30,20,150,20,570,860,,,,,,,,,,,,,,,,,,,,,,,,,
maindummy plank 2,2,,,,,,20,529,150,580,61,860,,,,,,,,,,,,,,,,,,,,,,,,,
maindummy plank 3,2,,,,,,20,529,150,600,61,860,,,,,,,,,,,,,,,,,,,,,,,,,
maindummy plank 4,2,,,,,,20,529,150,1080,61,860,,,,,,,,,,,,,,,,,,,,,,,,,
drawdummy plank 3,2,,,,,,30,20,150,1100,61,860,,,,,,,,,,,,,,,,,,,,,,,,,
drawdummy plank 4,2,,,,,,30,20,150,1100,570,860,,,,,,,,,,,,,,,,,,,,,,,,,
Shelf plank fixed H,2,,,,,,1160,549,20,20,21,1010,,,,,,,,,,,,,,,,,,,,,,,,,
dummy plank R,2,,,,,,50,20,1990,1150,21,110,,,,,,,,,,,,,,,,,,,,,,,,,
Dummy Plank(top)  R,2,,,,,,50,559,20,1150,41,2080,,,,,,,,,,,,,,,,,,,,,,,,,
Drawfacia Plank L,2,,,,,,548,20,148,50,41,860,,,,,,,,,,,,,,,,,,,,,,,,,
drawleft Plank L,2,,,,,,20,500,100,83,61,870,,,,,,,,,,,,,,,,,,,,,,,,,
Screw_hole,3,,,,,,4,4,20,20,10,50,,,,,,,,,,,,,,,,,,,,,,,,,
Screw_hole,3,,,,,,4,4,20,20,10,30,,,,,,,,,,,,,,,,,,,,,,,,,
Screw_hole,3,,,,,,4,4,20,20,490,50,,,,,,,,,,,,,,,,,,,,,,,,,
Screw_hole,3,,,,,,4,4,20,20,490,30,,,,,,,,,,,,,,,,,,,,,,,,,
drawfront plank L,2,,,,,,444,20,80,103,61,870,,,,,,,,,,,,,,,,,,,,,,,,,
drawback plank L,2,,,,,,444,20,100,103,541,870,,,,,,,,,,,,,,,,,,,,,,,,,
bottom D plank L,2,,,,,,484,500,10,83,61,860,,,,,,,,,,,,,,,,,,,,,,,,,
drawright plank L,2,,,,,,20,500,100,547,61,870,,,,,,,,,,,,,,,,,,,,,,,,,
Screw_hole,3,,,,,,4,4,20,20,10,50,,,,,,,,,,,,,,,,,,,,,,,,,
Screw_hole,3,,,,,,4,4,20,20,10,30,,,,,,,,,,,,,,,,,,,,,,,,,
Screw_hole,3,,,,,,4,4,20,20,490,50,,,,,,,,,,,,,,,,,,,,,,,,,
Screw_hole,3,,,,,,4,4,20,20,490,30,,,,,,,,,,,,,,,,,,,,,,,,,
left plank,2,,,,,,20,569,2100,0,21,0,,,,,,,,,,,,,,,,,,,,,,,,,
Screw_hole,3,,,,,,4,4,20,20,50,2090,,,,,,,,,,,,,,,,,,,,,,,,,
Screw_hole,3,,,,,,4,4,20,20,192.25,2090,,,,,,,,,,,,,,,,,,,,,,,,,
Screw_hole,3,,,,,,4,4,20,20,376.75,2090,,,,,,,,,,,,,,,,,,,,,,,,,
Screw_hole,3,,,,,,4,4,20,20,519,2090,,,,,,,,,,,,,,,,,,,,,,,,,
Screw_hole,3,,,,,,4,4,20,20,70,1020,,,,,,,,,,,,,,,,,,,,,,,,,
Screw_hole,3,,,,,,4,4,20,20,192.25,1020,,,,,,,,,,,,,,,,,,,,,,,,,
Screw_hole,3,,,,,,4,4,20,20,376.75,1020,,,,,,,,,,,,,,,,,,,,,,,,,
Screw_hole,3,,,,,,4,4,20,20,519,1020,,,,,,,,,,,,,,,,,,,,,,,,,
Screw_hole,3,,,,,,4,4,20,20,50,120,,,,,,,,,,,,,,,,,,,,,,,,,
Screw_hole,3,,,,,,4,4,20,20,192.25,120,,,,,,,,,,,,,,,,,,,,,,,,,
Screw_hole,3,,,,,,4,4,20,20,376.75,120,,,,,,,,,,,,,,,,,,,,,,,,,
Screw_hole,3,,,,,,4,4,20,20,519,120,,,,,,,,,,,,,,,,,,,,,,,,,
right plank,2,,,,,,20,569,2100,1130,21,0,,,,,,,,,,,,,,,,,,,,,,,,,
Screw_hole,3,,,,,,4,4,20,0,50,2090,,,,,,,,,,,,,,,,,,,,,,,,,
Screw_hole,3,,,,,,4,4,20,0,192.25,2090,,,,,,,,,,,,,,,,,,,,,,,,,
Screw_hole,3,,,,,,4,4,20,0,376.75,2090,,,,,,,,,,,,,,,,,,,,,,,,,
Screw_hole,3,,,,,,4,4,20,0,519,2090,,,,,,,,,,,,,,,,,,,,,,,,,
Screw_hole,3,,,,,,4,4,20,0,70,1020,,,,,,,,,,,,,,,,,,,,,,,,,
Screw_hole,3,,,,,,4,4,20,0,192.25,1020,,,,,,,,,,,,,,,,,,,,,,,,,
Screw_hole,3,,,,,,4,4,20,0,376.75,1020,,,,,,,,,,,,,,,,,,,,,,,,,
Screw_hole,3,,,,,,4,4,20,0,519,1020,,,,,,,,,,,,,,,,,,,,,,,,,
Screw_hole,3,,,,,,4,4,20,0,50,120,,,,,,,,,,,,,,,,,,,,,,,,,
Screw_hole,3,,,,,,4,4,20,0,192.25,120,,,,,,,,,,,,,,,,,,,,,,,,,
Screw_hole,3,,,,,,4,4,20,0,376.75,120,,,,,,,,,,,,,,,,,,,,,,,,,
Screw_hole,3,,,,,,4,4,20,0,519,120,,,,,,,,,,,,,,,,,,,,,,,,,
Door 1,2,,,,,,598,21,1988,0,0,110,,,,,,,,,,,,,,,,,,,,,,,,,
Hinge_Hole,3,,,,,,35,35,14,23.5,21,100,,,,,,,,,,,,,,,,,,,,,,,,,
Hinge_Hole,3,,,,,,35,35,14,23.5,21,697,,,,,,,,,,,,,,,,,,,,,,,,,
Hinge_Hole,3,,,,,,35,35,14,23.5,21,1291,,,,,,,,,,,,,,,,,,,,,,,,,
Hinge_Hole,3,,,,,,35,35,14,23.5,21,1888,,,,,,,,,,,,,,,,,,,,,,,,,
Door 2,2,,,,,,598,21,1988,600,0,110,,,,,,,,,,,,,,,,,,,,,,,,,
Hinge_Hole,3,,,,,,35,35,14,574.5,21,100,,,,,,,,,,,,,,,,,,,,,,,,,
Hinge_Hole,3,,,,,,35,35,14,574.5,21,697,,,,,,,,,,,,,,,,,,,,,,,,,
Hinge_Hole,3,,,,,,35,35,14,574.5,21,1291,,,,,,,,,,,,,,,,,,,,,,,,,
Hinge_Hole,3,,,,,,35,35,14,574.5,21,1888,,,,,,,,,,,,,,,,,,,,,,,,,
,,,,,,,,,,,,,,,,,,,,,,,,,,,,,,,,,,,,,
Entity Name,level,Material,Room_Name,Unit_Location,Box_Model,Box_Type,LenX,LenY,LenZ,X,Y,Z,Box_width,Box_depth,Box_height,Skriting,skriting_width,carcass_thickness,door_thickness,backplank_thickness,Draw Height,Draw Dummy,Wall Dummy,Shelf plank Height,channel depth,screw position,,,,,,,,,,,
Open_Wardrobe WalltoBox,1,,MasterBedroom,East_Wall,Openable WR,WalltoBox,1200,600,2100,,,,1200,600,2100,110,1230,20,21,10,150,30,50,1010,500,50,,,,,,,,,,,
skriting,2,,,,,,1230,20,110,0,21,0,,,,,,,,,,,,,,,,,,,,,,,,,
back plank,2,,,,,,1200,10,1990,50,590,110,,,,,,,,,,,,,,,,,,,,,,,,,
bottom plank,2,,,,,,1160,569,20,70,21,110,,,,,,,,,,,,,,,,,,,,,,,,,
top plank,2,,,,,,1160,569,20,70,21,2080,,,,,,,,,,,,,,,,,,,,,,,,,
Shelf plank H 1,2,,,,,,1160,549,20,70,41,495,,,,,,,,,,,,,,,,,,,,,,,,,
maindummy plank 1,2,,,,,,20,529,150,100,61,860,,,,,,,,,,,,,,,,,,,,,,,,,
drawdummy Plank 1,2,,,,,,30,20,150,70,61,860,,,,,,,,,,,,,,,,,,,,,,,,,
drawfront plank R,2,,,,,,444,20,80,653,61,870,,,,,,,,,,,,,,,,,,,,,,,,,
drawback Plank R,2,,,,,,444,20,100,653,541,870,,,,,,,,,,,,,,,,,,,,,,,,,
drawfacia plank R,2,,,,,,548,20,148,600,41,860,,,,,,,,,,,,,,,,,,,,,,,,,
bottom D plank R,2,,,,,,484,500,10,633,61,860,,,,,,,,,,,,,,,,,,,,,,,,,
drawright plank R,2,,,,,,20,500,100,1097,61,870,,,,,,,,,,,,,,,,,,,,,,,,,
Screw_hole,3,,,,,,4,4,20,0,10,50,,,,,,,,,,,,,,,,,,,,,,,,,
Screw_hole,3,,,,,,4,4,20,0,10,30,,,,,,,,,,,,,,,,,,,,,,,,,
Screw_hole,3,,,,,,4,4,20,0,490,50,,,,,,,,,,,,,,,,,,,,,,,,,
Screw_hole,3,,,,,,4,4,20,0,490,30,,,,,,,,,,,,,,,,,,,,,,,,,
drawleft plank R,2,,,,,,20,500,100,633,61,870,,,,,,,,,,,,,,,,,,,,,,,,,
Screw_hole,3,,,,,,4,4,20,20,10,50,,,,,,,,,,,,,,,,,,,,,,,,,
Screw_hole,3,,,,,,4,4,20,20,10,30,,,,,,,,,,,,,,,,,,,,,,,,,
Screw_hole,3,,,,,,4,4,20,20,490,50,,,,,,,,,,,,,,,,,,,,,,,,,
Screw_hole,3,,,,,,4,4,20,20,490,30,,,,,,,,,,,,,,,,,,,,,,,,,
drawdummy plank 2,2,,,,,,30,20,150,70,570,860,,,,,,,,,,,,,,,,,,,,,,,,,
maindummy plank 2,2,,,,,,20,529,150,580,61,860,,,,,,,,,,,,,,,,,,,,,,,,,
maindummy plank 3,2,,,,,,20,529,150,600,61,860,,,,,,,,,,,,,,,,,,,,,,,,,
maindummy plank 4,2,,,,,,20,529,150,1130,61,860,,,,,,,,,,,,,,,,,,,,,,,,,
drawdummy plank 3,2,,,,,,30,20,150,1150,61,860,,,,,,,,,,,,,,,,,,,,,,,,,
drawdummy plank 4,2,,,,,,30,20,150,1150,570,860,,,,,,,,,,,,,,,,,,,,,,,,,
Shelf plank fixed H,2,,,,,,1160,549,20,70,21,1010,,,,,,,,,,,,,,,,,,,,,,,,,
Drawfacia Plank L,2,,,,,,548,20,148,100,41,860,,,,,,,,,,,,,,,,,,,,,,,,,
drawleft Plank L,2,,,,,,20,500,100,133,61,870,,,,,,,,,,,,,,,,,,,,,,,,,
Screw_hole,3,,,,,,4,4,20,20,10,50,,,,,,,,,,,,,,,,,,,,,,,,,
Screw_hole,3,,,,,,4,4,20,20,10,30,,,,,,,,,,,,,,,,,,,,,,,,,
Screw_hole,3,,,,,,4,4,20,20,490,50,,,,,,,,,,,,,,,,,,,,,,,,,
Screw_hole,3,,,,,,4,4,20,20,490,30,,,,,,,,,,,,,,,,,,,,,,,,,
drawfront plank L,2,,,,,,444,20,80,153,61,870,,,,,,,,,,,,,,,,,,,,,,,,,
drawback plank L,2,,,,,,444,20,100,153,541,870,,,,,,,,,,,,,,,,,,,,,,,,,
bottom D plank L,2,,,,,,484,500,10,133,61,860,,,,,,,,,,,,,,,,,,,,,,,,,
drawright plank L,2,,,,,,20,500,100,547,61,870,,,,,,,,,,,,,,,,,,,,,,,,,
Screw_hole,3,,,,,,4,4,20,20,10,50,,,,,,,,,,,,,,,,,,,,,,,,,
Screw_hole,3,,,,,,4,4,20,20,10,30,,,,,,,,,,,,,,,,,,,,,,,,,
Screw_hole,3,,,,,,4,4,20,20,490,50,,,,,,,,,,,,,,,,,,,,,,,,,
Screw_hole,3,,,,,,4,4,20,20,490,30,,,,,,,,,,,,,,,,,,,,,,,,,
left plank,2,,,,,,20,569,2100,50,21,0,,,,,,,,,,,,,,,,,,,,,,,,,
Screw_hole,3,,,,,,4,4,20,20,50,2090,,,,,,,,,,,,,,,,,,,,,,,,,
Screw_hole,3,,,,,,4,4,20,20,192.25,2090,,,,,,,,,,,,,,,,,,,,,,,,,
Screw_hole,3,,,,,,4,4,20,20,376.75,2090,,,,,,,,,,,,,,,,,,,,,,,,,
Screw_hole,3,,,,,,4,4,20,20,519,2090,,,,,,,,,,,,,,,,,,,,,,,,,
Screw_hole,3,,,,,,4,4,20,20,70,1020,,,,,,,,,,,,,,,,,,,,,,,,,
Screw_hole,3,,,,,,4,4,20,20,192.25,1020,,,,,,,,,,,,,,,,,,,,,,,,,
Screw_hole,3,,,,,,4,4,20,20,376.75,1020,,,,,,,,,,,,,,,,,,,,,,,,,
Screw_hole,3,,,,,,4,4,20,20,519,1020,,,,,,,,,,,,,,,,,,,,,,,,,
Screw_hole,3,,,,,,4,4,20,20,50,120,,,,,,,,,,,,,,,,,,,,,,,,,
Screw_hole,3,,,,,,4,4,20,20,192.25,120,,,,,,,,,,,,,,,,,,,,,,,,,
Screw_hole,3,,,,,,4,4,20,20,376.75,120,,,,,,,,,,,,,,,,,,,,,,,,,
Screw_hole,3,,,,,,4,4,20,20,519,120,,,,,,,,,,,,,,,,,,,,,,,,,
right plank,2,,,,,,20,569,2100,1180,21,0,,,,,,,,,,,,,,,,,,,,,,,,,
Screw_hole,3,,,,,,4,4,20,0,50,2090,,,,,,,,,,,,,,,,,,,,,,,,,
Screw_hole,3,,,,,,4,4,20,0,192.25,2090,,,,,,,,,,,,,,,,,,,,,,,,,
Screw_hole,3,,,,,,4,4,20,0,376.75,2090,,,,,,,,,,,,,,,,,,,,,,,,,
Screw_hole,3,,,,,,4,4,20,0,519,2090,,,,,,,,,,,,,,,,,,,,,,,,,
Screw_hole,3,,,,,,4,4,20,0,70,1020,,,,,,,,,,,,,,,,,,,,,,,,,
Screw_hole,3,,,,,,4,4,20,0,192.25,1020,,,,,,,,,,,,,,,,,,,,,,,,,
Screw_hole,3,,,,,,4,4,20,0,376.75,1020,,,,,,,,,,,,,,,,,,,,,,,,,
Screw_hole,3,,,,,,4,4,20,0,519,1020,,,,,,,,,,,,,,,,,,,,,,,,,
Screw_hole,3,,,,,,4,4,20,0,50,120,,,,,,,,,,,,,,,,,,,,,,,,,
Screw_hole,3,,,,,,4,4,20,0,192.25,120,,,,,,,,,,,,,,,,,,,,,,,,,
Screw_hole,3,,,,,,4,4,20,0,376.75,120,,,,,,,,,,,,,,,,,,,,,,,,,
Screw_hole,3,,,,,,4,4,20,0,519,120,,,,,,,,,,,,,,,,,,,,,,,,,
Door 1,2,,,,,,598,21,1988,50,0,110,,,,,,,,,,,,,,,,,,,,,,,,,
Hinge_Hole,3,,,,,,35,35,14,23.5,21,100,,,,,,,,,,,,,,,,,,,,,,,,,
Hinge_Hole,3,,,,,,35,35,14,23.5,21,697,,,,,,,,,,,,,,,,,,,,,,,,,
Hinge_Hole,3,,,,,,35,35,14,23.5,21,1291,,,,,,,,,,,,,,,,,,,,,,,,,
Hinge_Hole,3,,,,,,35,35,14,23.5,21,1888,,,,,,,,,,,,,,,,,,,,,,,,,
Door 2,2,,,,,,598,21,1988,650,0,110,,,,,,,,,,,,,,,,,,,,,,,,,
Hinge_Hole,3,,,,,,35,35,14,574.5,21,100,,,,,,,,,,,,,,,,,,,,,,,,,
Hinge_Hole,3,,,,,,35,35,14,574.5,21,697,,,,,,,,,,,,,,,,,,,,,,,,,
Hinge_Hole,3,,,,,,35,35,14,574.5,21,1291,,,,,,,,,,,,,,,,,,,,,,,,,
Hinge_Hole,3,,,,,,35,35,14,574.5,21,1888,,,,,,,,,,,,,,,,,,,,,,,,,
dummy plank L,2,,,,,,50,20,1990,0,21,110,,,,,,,,,,,,,,,,,,,,,,,,,
Dummy Plank(top)  L,2,,,,,,50,559,20,0,41,2080,,,,,,,,,,,,,,,,,,,,,,,,,
,,,,,,,,,,,,,,,,,,,,,,,,,,,,,,,,,,,,,
Entity Name,level,Material,Room_Name,Unit_Location,Box_Model,Box_Type,LenX,LenY,LenZ,X,Y,Z,Box_width,Box_depth,Box_height,carcass_thickness,backplank_thickness,Dummy,VB main position,screw position,,,,,,,,,,,,,,,,,
open unit Btm Exp (ExptoWall),1,,Kitchen,East_Wall,Simple Box,ExptoWall,450,300,300,,,,450,300,300,20,10,50,50,50,,,,,,,,,,,,,,,,,
back plank,2,,,,,,430,10,290,10,290,10,,,,,,,,,,,,,,,,,,,,,,,,,
Dummy plank,2,,,,,,50,20,280,450,0,20,,,,,,,,,,,,,,,,,,,,,,,,,
left plank,2,,,,,,20,302,300,0,0,0,,,,,,,,,,,,,,,,,,,,,,,,,
VB_Double_hole,3,,,,,,5,5,11,20,50,289,,,,,,,,,,,,,,,,,,,,,,,,,
VB_Double_hole,3,,,,,,5,5,11,20,240,289,,,,,,,,,,,,,,,,,,,,,,,,,
VB_Double_hole,3,,,,,,5,5,11,20,50,11,,,,,,,,,,,,,,,,,,,,,,,,,
VB_Double_hole,3,,,,,,5,5,11,20,240,11,,,,,,,,,,,,,,,,,,,,,,,,,
slot groove,3,,,,,,10,10,300,20,290,0,,,,,,,,,,,,,,,,,,,,,,,,,
right plank,2,,,,,,20,290,280,430,0,20,,,,,,,,,,,,,,,,,,,,,,,,,
Screw_hole,3,,,,,,4,4,20,0,50,270,,,,,,,,,,,,,,,,,,,,,,,,,
Screw_hole,3,,,,,,4,4,20,0,145,270,,,,,,,,,,,,,,,,,,,,,,,,,
Screw_hole,3,,,,,,4,4,20,0,240,270,,,,,,,,,,,,,,,,,,,,,,,,,
VB_Main_Hole,3,,,,,,16,20,20,0,50,9.5,,,,,,,,,,,,,,,,,,,,,,,,,
VB_Main_Hole,3,,,,,,16,20,20,0,240,9.5,,,,,,,,,,,,,,,,,,,,,,,,,
bottom plank,2,,,,,,500,302,20,20,0,0,,,,,,,,,,,,,,,,,,,,,,,,,
VB_Main_Hole,3,,,,,,20,20,16,9.5,50,20,,,,,,,,,,,,,,,,,,,,,,,,,
VB_Main_Hole,3,,,,,,20,20,16,9.5,240,20,,,,,,,,,,,,,,,,,,,,,,,,,
VB_Double_Hole,3,,,,,,5,5,11,439,50,20,,,,,,,,,,,,,,,,,,,,,,,,,
VB_Double_Hole,3,,,,,,5,5,11,439,240,20,,,,,,,,,,,,,,,,,,,,,,,,,
slot groove,3,,,,,,455,10,10,0,300,20,,,,,,,,,,,,,,,,,,,,,,,,,
top plank,2,,,,,,410,290,20,20,0,280,,,,,,,,,,,,,,,,,,,,,,,,,
VB_Main_Hole,3,,,,,,20,20,16,9.5,50,0,,,,,,,,,,,,,,,,,,,,,,,,,
VB_Main_Hole,3,,,,,,20,20,16,9.5,240,0,,,,,,,,,,,,,,,,,,,,,,,,,
,,,,,,,,,,,,,,,,,,,,,,,,,,,,,,,,,,,,,
Entity Name,level,Material,Room_Name,Unit_Location,Box_Model,Box_Type,LenX,LenY,LenZ,X,Y,Z,Box_width,Box_depth,Box_height,carcass_thickness,backplank_thickness,screw position,,,,,,,,,,,,,,,,,,,
OPEN BOX Btm not Exp (BoxtoBox),1,,KITCHEN,East_Wall,Open Box,BoxtoBox,450,300,300,,,,450,300,300,20,10,50,,,,,,,,,,,,,,,,,,,
BOTTOM PLANK,2,,,,,,410,290,20,20,0,0,,,,,,,,,,,,,,,,,,,,,,,,,
BACK PLANK,2,,,,,,450,10,300,0,290,0,,,,,,,,,,,,,,,,,,,,,,,,,
TOP PLANK,2,,,,,,410,290,20,20,0,280,,,,,,,,,,,,,,,,,,,,,,,,,
left plank,2,,,,,,20,290,300,0,0,0,,,,,,,,,,,,,,,,,,,,,,,,,
Screw_hole,3,,,,,,4,4,20,20,50,290,,,,,,,,,,,,,,,,,,,,,,,,,
Screw_hole,3,,,,,,4,4,20,20,145,290,,,,,,,,,,,,,,,,,,,,,,,,,
Screw_hole,3,,,,,,4,4,20,20,240,290,,,,,,,,,,,,,,,,,,,,,,,,,
Screw_hole,3,,,,,,4,4,20,20,50,10,,,,,,,,,,,,,,,,,,,,,,,,,
Screw_hole,3,,,,,,4,4,20,20,145,10,,,,,,,,,,,,,,,,,,,,,,,,,
Screw_hole,3,,,,,,4,4,20,20,240,10,,,,,,,,,,,,,,,,,,,,,,,,,
right plank,2,,,,,,20,290,300,430,0,0,,,,,,,,,,,,,,,,,,,,,,,,,
Screw_hole,3,,,,,,4,4,20,0,50,290,,,,,,,,,,,,,,,,,,,,,,,,,
Screw_hole,3,,,,,,4,4,20,0,145,290,,,,,,,,,,,,,,,,,,,,,,,,,
Screw_hole,3,,,,,,4,4,20,0,240,290,,,,,,,,,,,,,,,,,,,,,,,,,
Screw_hole,3,,,,,,4,4,20,0,50,10,,,,,,,,,,,,,,,,,,,,,,,,,
Screw_hole,3,,,,,,4,4,20,0,145,10,,,,,,,,,,,,,,,,,,,,,,,,,
Screw_hole,3,,,,,,4,4,20,0,240,10,,,,,,,,,,,,,,,,,,,,,,,,,
,,,,,,,,,,,,,,,,,,,,,,,,,,,,,,,,,,,,,
Entity Name,level,Material,Room_Name,Unit_Location,Box_Model,Box_Type,LenX,LenY,LenZ,X,Y,Z,Box_width,Box_depth,Box_height,carcass_thickness,backplank_thickness,VB main position,screw position,,,,,,,,,,,,,,,,,,
open unit,1,,Kitchen,East_Wall,Simple Box,BoxtoExp,,,,,,,450,300,300,20,10,50,50,,,,,,,,,,,,,,,,,,
bottom plank,2,,,,,,410,290,20,20,0,0,,,,,,,,,,,,,,,,,,,,,,,,,
VB_Main_Hole,3,,,,,,20,20,16,400.5,50,20,,,,,,,,,,,,,,,,,,,,,,,,,
VB_Main_Hole,3,,,,,,20,20,16,400.5,240,20,,,,,,,,,,,,,,,,,,,,,,,,,
back plank,2,,,,,,440,10,300,0,290,0,,,,,,,,,,,,,,,,,,,,,,,,,
right plank,2,,,,,,20,302,300,430,0,0,,,,,,,,,,,,,,,,,,,,,,,,,
slot groove,3,,,,,,10,10,300,0,300,0,,,,,,,,,,,,,,,,,,,,,,,,,
VB_Double_hole,3,,,,,,5,5,11,0,50,289,,,,,,,,,,,,,,,,,,,,,,,,,
VB_Double_hole,3,,,,,,5,5,11,0,240,289,,,,,,,,,,,,,,,,,,,,,,,,,
VB_Double_hole,3,,,,,,5,5,11,0,50,11,,,,,,,,,,,,,,,,,,,,,,,,,
VB_Double_hole,3,,,,,,5,5,11,0,240,11,,,,,,,,,,,,,,,,,,,,,,,,,
top plank,2,,,,,,410,290,20,20,0,280,,,,,,,,,,,,,,,,,,,,,,,,,
VB_Main_Hole,3,,,,,,20,20,16,400.5,50,0,,,,,,,,,,,,,,,,,,,,,,,,,
VB_Main_Hole,3,,,,,,20,20,16,400.5,240,0,,,,,,,,,,,,,,,,,,,,,,,,,
left plank,2,,,,,,20,290,300,0,0,0,,,,,,,,,,,,,,,,,,,,,,,,,
Screw_hole,3,,,,,,4,4,20,20,50,290,,,,,,,,,,,,,,,,,,,,,,,,,
Screw_hole,3,,,,,,4,4,20,20,145,290,,,,,,,,,,,,,,,,,,,,,,,,,
Screw_hole,3,,,,,,4,4,20,20,240,290,,,,,,,,,,,,,,,,,,,,,,,,,
Screw_hole,3,,,,,,4,4,20,20,50,10,,,,,,,,,,,,,,,,,,,,,,,,,
Screw_hole,3,,,,,,4,4,20,20,145,10,,,,,,,,,,,,,,,,,,,,,,,,,
Screw_hole,3,,,,,,4,4,20,20,240,10,,,,,,,,,,,,,,,,,,,,,,,,,